"Step","sample_pretrain - learning_rate","sample_pretrain - learning_rate__MIN","sample_pretrain - learning_rate__MAX"
"1","0.00001153846153846154","0.00001153846153846154","0.00001153846153846154"
"2","0.00002307692307692308","0.00002307692307692308","0.00002307692307692308"
"3","0.00003461538461538462","0.00003461538461538462","0.00003461538461538462"
"4","0.00004615384615384616","0.00004615384615384616","0.00004615384615384616"
"5","0.0000576923076923077","0.0000576923076923077","0.0000576923076923077"
"6","0.00006923076923076924","0.00006923076923076924","0.00006923076923076924"
"7","0.00008076923076923078","0.00008076923076923078","0.00008076923076923078"
"8","0.00009230769230769232","0.00009230769230769232","0.00009230769230769232"
"9","0.00010384615384615386","0.00010384615384615386","0.00010384615384615386"
"10","0.0001153846153846154","0.0001153846153846154","0.0001153846153846154"
"11","0.00012692307692307693","0.00012692307692307693","0.00012692307692307693"
"12","0.00013846153846153847","0.00013846153846153847","0.00013846153846153847"
"13","0.00015000000000000001","0.00015000000000000001","0.00015000000000000001"
"14","0.00016153846153846155","0.00016153846153846155","0.00016153846153846155"
"15","0.0001730769230769231","0.0001730769230769231","0.0001730769230769231"
"16","0.00018461538461538463","0.00018461538461538463","0.00018461538461538463"
"17","0.00019615384615384617","0.00019615384615384617","0.00019615384615384617"
"18","0.0002076923076923077","0.0002076923076923077","0.0002076923076923077"
"19","0.00021923076923076925","0.00021923076923076925","0.00021923076923076925"
"20","0.0002307692307692308","0.0002307692307692308","0.0002307692307692308"
"21","0.00024230769230769233","0.00024230769230769233","0.00024230769230769233"
"22","0.00025384615384615387","0.00025384615384615387","0.00025384615384615387"
"23","0.0002653846153846154","0.0002653846153846154","0.0002653846153846154"
"24","0.00027692307692307695","0.00027692307692307695","0.00027692307692307695"
"25","0.0002884615384615385","0.0002884615384615385","0.0002884615384615385"
"26","0.00030000000000000003","0.00030000000000000003","0.00030000000000000003"
"27","0.00031153846153846157","0.00031153846153846157","0.00031153846153846157"
"28","0.0003230769230769231","0.0003230769230769231","0.0003230769230769231"
"29","0.00033461538461538465","0.00033461538461538465","0.00033461538461538465"
"30","0.0003461538461538462","0.0003461538461538462","0.0003461538461538462"
"31","0.0003576923076923077","0.0003576923076923077","0.0003576923076923077"
"32","0.00036923076923076927","0.00036923076923076927","0.00036923076923076927"
"33","0.00038076923076923075","0.00038076923076923075","0.00038076923076923075"
"34","0.00039230769230769234","0.00039230769230769234","0.00039230769230769234"
"35","0.00040384615384615383","0.00040384615384615383","0.00040384615384615383"
"36","0.0004153846153846154","0.0004153846153846154","0.0004153846153846154"
"37","0.0004269230769230769","0.0004269230769230769","0.0004269230769230769"
"38","0.0004384615384615385","0.0004384615384615385","0.0004384615384615385"
"39","0.00045","0.00045","0.00045"
"40","0.0004615384615384616","0.0004615384615384616","0.0004615384615384616"
"41","0.00047307692307692307","0.00047307692307692307","0.00047307692307692307"
"42","0.00048461538461538466","0.00048461538461538466","0.00048461538461538466"
"43","0.0004961538461538461","0.0004961538461538461","0.0004961538461538461"
"44","0.0005076923076923077","0.0005076923076923077","0.0005076923076923077"
"45","0.0005192307692307692","0.0005192307692307692","0.0005192307692307692"
"46","0.0005307692307692308","0.0005307692307692308","0.0005307692307692308"
"47","0.0005423076923076923","0.0005423076923076923","0.0005423076923076923"
"48","0.0005538461538461539","0.0005538461538461539","0.0005538461538461539"
"49","0.0005653846153846154","0.0005653846153846154","0.0005653846153846154"
"50","0.000576923076923077","0.000576923076923077","0.000576923076923077"
"51","0.0005884615384615385","0.0005884615384615385","0.0005884615384615385"
"52","0.0006000000000000001","0.0006000000000000001","0.0006000000000000001"
"53","0.0006115384615384615","0.0006115384615384615","0.0006115384615384615"
"54","0.0006230769230769231","0.0006230769230769231","0.0006230769230769231"
"55","0.0006346153846153846","0.0006346153846153846","0.0006346153846153846"
"56","0.0006461538461538462","0.0006461538461538462","0.0006461538461538462"
"57","0.0006576923076923077","0.0006576923076923077","0.0006576923076923077"
"58","0.0006692307692307693","0.0006692307692307693","0.0006692307692307693"
"59","0.0006807692307692308","0.0006807692307692308","0.0006807692307692308"
"60","0.0006923076923076924","0.0006923076923076924","0.0006923076923076924"
"61","0.0007038461538461539","0.0007038461538461539","0.0007038461538461539"
"62","0.0007153846153846155","0.0007153846153846155","0.0007153846153846155"
"63","0.0007269230769230769","0.0007269230769230769","0.0007269230769230769"
"64","0.0007384615384615385","0.0007384615384615385","0.0007384615384615385"
"65","0.00075","0.00075","0.00075"
"66","0.0007615384615384615","0.0007615384615384615","0.0007615384615384615"
"67","0.000773076923076923","0.000773076923076923","0.000773076923076923"
"68","0.0007846153846153847","0.0007846153846153847","0.0007846153846153847"
"69","0.0007961538461538462","0.0007961538461538462","0.0007961538461538462"
"70","0.0008076923076923077","0.0008076923076923077","0.0008076923076923077"
"71","0.0008192307692307691","0.0008192307692307691","0.0008192307692307691"
"72","0.0008307692307692308","0.0008307692307692308","0.0008307692307692308"
"73","0.0008423076923076923","0.0008423076923076923","0.0008423076923076923"
"74","0.0008538461538461538","0.0008538461538461538","0.0008538461538461538"
"75","0.0008653846153846153","0.0008653846153846153","0.0008653846153846153"
"76","0.000876923076923077","0.000876923076923077","0.000876923076923077"
"77","0.0008884615384615385","0.0008884615384615385","0.0008884615384615385"
"78","0.0009","0.0009","0.0009"
"79","0.0009115384615384615","0.0009115384615384615","0.0009115384615384615"
"80","0.0009230769230769232","0.0009230769230769232","0.0009230769230769232"
"81","0.0009346153846153846","0.0009346153846153846","0.0009346153846153846"
"82","0.0009461538461538461","0.0009461538461538461","0.0009461538461538461"
"83","0.0009576923076923076","0.0009576923076923076","0.0009576923076923076"
"84","0.0009692307692307693","0.0009692307692307693","0.0009692307692307693"
"85","0.0009807692307692308","0.0009807692307692308","0.0009807692307692308"
"86","0.0009923076923076923","0.0009923076923076923","0.0009923076923076923"
"87","0.0010038461538461538","0.0010038461538461538","0.0010038461538461538"
"88","0.0010153846153846155","0.0010153846153846155","0.0010153846153846155"
"89","0.001026923076923077","0.001026923076923077","0.001026923076923077"
"90","0.0010384615384615384","0.0010384615384615384","0.0010384615384615384"
"91","0.00105","0.00105","0.00105"
"92","0.0010615384615384616","0.0010615384615384616","0.0010615384615384616"
"93","0.0010730769230769231","0.0010730769230769231","0.0010730769230769231"
"94","0.0010846153846153846","0.0010846153846153846","0.0010846153846153846"
"95","0.001096153846153846","0.001096153846153846","0.001096153846153846"
"96","0.0011076923076923078","0.0011076923076923078","0.0011076923076923078"
"97","0.0011192307692307693","0.0011192307692307693","0.0011192307692307693"
"98","0.0011307692307692308","0.0011307692307692308","0.0011307692307692308"
"99","0.0011423076923076923","0.0011423076923076923","0.0011423076923076923"
"100","0.001153846153846154","0.001153846153846154","0.001153846153846154"
"101","0.0011653846153846154","0.0011653846153846154","0.0011653846153846154"
"102","0.001176923076923077","0.001176923076923077","0.001176923076923077"
"103","0.0011884615384615384","0.0011884615384615384","0.0011884615384615384"
"104","0.0012000000000000001","0.0012000000000000001","0.0012000000000000001"
"105","0.0012115384615384616","0.0012115384615384616","0.0012115384615384616"
"106","0.001223076923076923","0.001223076923076923","0.001223076923076923"
"107","0.0012346153846153846","0.0012346153846153846","0.0012346153846153846"
"108","0.0012461538461538463","0.0012461538461538463","0.0012461538461538463"
"109","0.0012576923076923078","0.0012576923076923078","0.0012576923076923078"
"110","0.0012692307692307692","0.0012692307692307692","0.0012692307692307692"
"111","0.0012807692307692307","0.0012807692307692307","0.0012807692307692307"
"112","0.0012923076923076924","0.0012923076923076924","0.0012923076923076924"
"113","0.001303846153846154","0.001303846153846154","0.001303846153846154"
"114","0.0013153846153846154","0.0013153846153846154","0.0013153846153846154"
"115","0.0013269230769230769","0.0013269230769230769","0.0013269230769230769"
"116","0.0013384615384615386","0.0013384615384615386","0.0013384615384615386"
"117","0.00135","0.00135","0.00135"
"118","0.0013615384615384616","0.0013615384615384616","0.0013615384615384616"
"119","0.001373076923076923","0.001373076923076923","0.001373076923076923"
"120","0.0013846153846153847","0.0013846153846153847","0.0013846153846153847"
"121","0.0013961538461538462","0.0013961538461538462","0.0013961538461538462"
"122","0.0014076923076923077","0.0014076923076923077","0.0014076923076923077"
"123","0.0014192307692307692","0.0014192307692307692","0.0014192307692307692"
"124","0.001430769230769231","0.001430769230769231","0.001430769230769231"
"125","0.0014423076923076924","0.0014423076923076924","0.0014423076923076924"
"126","0.0014538461538461539","0.0014538461538461539","0.0014538461538461539"
"127","0.0014653846153846154","0.0014653846153846154","0.0014653846153846154"
"128","0.001476923076923077","0.001476923076923077","0.001476923076923077"
"129","0.0014884615384615385","0.0014884615384615385","0.0014884615384615385"
"130","0.0015","0.0015","0.0015"
"131","0.0015115384615384615","0.0015115384615384615","0.0015115384615384615"
"132","0.001523076923076923","0.001523076923076923","0.001523076923076923"
"133","0.0015346153846153845","0.0015346153846153845","0.0015346153846153845"
"134","0.001546153846153846","0.001546153846153846","0.001546153846153846"
"135","0.0015576923076923079","0.0015576923076923079","0.0015576923076923079"
"136","0.0015692307692307694","0.0015692307692307694","0.0015692307692307694"
"137","0.0015807692307692309","0.0015807692307692309","0.0015807692307692309"
"138","0.0015923076923076923","0.0015923076923076923","0.0015923076923076923"
"139","0.0016038461538461538","0.0016038461538461538","0.0016038461538461538"
"140","0.0016153846153846153","0.0016153846153846153","0.0016153846153846153"
"141","0.0016269230769230768","0.0016269230769230768","0.0016269230769230768"
"142","0.0016384615384615383","0.0016384615384615383","0.0016384615384615383"
"143","0.0016500000000000002","0.0016500000000000002","0.0016500000000000002"
"144","0.0016615384615384617","0.0016615384615384617","0.0016615384615384617"
"145","0.0016730769230769232","0.0016730769230769232","0.0016730769230769232"
"146","0.0016846153846153847","0.0016846153846153847","0.0016846153846153847"
"147","0.0016961538461538461","0.0016961538461538461","0.0016961538461538461"
"148","0.0017076923076923076","0.0017076923076923076","0.0017076923076923076"
"149","0.0017192307692307691","0.0017192307692307691","0.0017192307692307691"
"150","0.0017307692307692306","0.0017307692307692306","0.0017307692307692306"
"151","0.0017423076923076925","0.0017423076923076925","0.0017423076923076925"
"152","0.001753846153846154","0.001753846153846154","0.001753846153846154"
"153","0.0017653846153846155","0.0017653846153846155","0.0017653846153846155"
"154","0.001776923076923077","0.001776923076923077","0.001776923076923077"
"155","0.0017884615384615385","0.0017884615384615385","0.0017884615384615385"
"156","0.0018","0.0018","0.0018"
"157","0.0018115384615384614","0.0018115384615384614","0.0018115384615384614"
"158","0.001823076923076923","0.001823076923076923","0.001823076923076923"
"159","0.0018346153846153848","0.0018346153846153848","0.0018346153846153848"
"160","0.0018461538461538463","0.0018461538461538463","0.0018461538461538463"
"161","0.0018576923076923078","0.0018576923076923078","0.0018576923076923078"
"162","0.0018692307692307693","0.0018692307692307693","0.0018692307692307693"
"163","0.0018807692307692308","0.0018807692307692308","0.0018807692307692308"
"164","0.0018923076923076923","0.0018923076923076923","0.0018923076923076923"
"165","0.0019038461538461538","0.0019038461538461538","0.0019038461538461538"
"166","0.0019153846153846152","0.0019153846153846152","0.0019153846153846152"
"167","0.0019269230769230772","0.0019269230769230772","0.0019269230769230772"
"168","0.0019384615384615386","0.0019384615384615386","0.0019384615384615386"
"169","0.0019500000000000001","0.0019500000000000001","0.0019500000000000001"
"170","0.0019615384615384616","0.0019615384615384616","0.0019615384615384616"
"171","0.0019730769230769233","0.0019730769230769233","0.0019730769230769233"
"172","0.0019846153846153846","0.0019846153846153846","0.0019846153846153846"
"173","0.0019961538461538463","0.0019961538461538463","0.0019961538461538463"
"174","0.0020076923076923076","0.0020076923076923076","0.0020076923076923076"
"175","0.0020192307692307693","0.0020192307692307693","0.0020192307692307693"
"176","0.002030769230769231","0.002030769230769231","0.002030769230769231"
"177","0.0020423076923076922","0.0020423076923076922","0.0020423076923076922"
"178","0.002053846153846154","0.002053846153846154","0.002053846153846154"
"179","0.0020653846153846156","0.0020653846153846156","0.0020653846153846156"
"180","0.002076923076923077","0.002076923076923077","0.002076923076923077"
"181","0.0020884615384615386","0.0020884615384615386","0.0020884615384615386"
"182","0.0021","0.0021","0.0021"
"183","0.0021115384615384616","0.0021115384615384616","0.0021115384615384616"
"184","0.0021230769230769233","0.0021230769230769233","0.0021230769230769233"
"185","0.0021346153846153845","0.0021346153846153845","0.0021346153846153845"
"186","0.0021461538461538462","0.0021461538461538462","0.0021461538461538462"
"187","0.002157692307692308","0.002157692307692308","0.002157692307692308"
"188","0.002169230769230769","0.002169230769230769","0.002169230769230769"
"189","0.002180769230769231","0.002180769230769231","0.002180769230769231"
"190","0.002192307692307692","0.002192307692307692","0.002192307692307692"
"191","0.002203846153846154","0.002203846153846154","0.002203846153846154"
"192","0.0022153846153846156","0.0022153846153846156","0.0022153846153846156"
"193","0.002226923076923077","0.002226923076923077","0.002226923076923077"
"194","0.0022384615384615386","0.0022384615384615386","0.0022384615384615386"
"195","0.0022500000000000003","0.0022500000000000003","0.0022500000000000003"
"196","0.0022615384615384615","0.0022615384615384615","0.0022615384615384615"
"197","0.0022730769230769232","0.0022730769230769232","0.0022730769230769232"
"198","0.0022846153846153845","0.0022846153846153845","0.0022846153846153845"
"199","0.002296153846153846","0.002296153846153846","0.002296153846153846"
"200","0.002307692307692308","0.002307692307692308","0.002307692307692308"
"201","0.002319230769230769","0.002319230769230769","0.002319230769230769"
"202","0.002330769230769231","0.002330769230769231","0.002330769230769231"
"203","0.002342307692307692","0.002342307692307692","0.002342307692307692"
"204","0.002353846153846154","0.002353846153846154","0.002353846153846154"
"205","0.0023653846153846156","0.0023653846153846156","0.0023653846153846156"
"206","0.002376923076923077","0.002376923076923077","0.002376923076923077"
"207","0.0023884615384615385","0.0023884615384615385","0.0023884615384615385"
"208","0.0024000000000000002","0.0024000000000000002","0.0024000000000000002"
"209","0.0024115384615384615","0.0024115384615384615","0.0024115384615384615"
"210","0.002423076923076923","0.002423076923076923","0.002423076923076923"
"211","0.0024346153846153845","0.0024346153846153845","0.0024346153846153845"
"212","0.002446153846153846","0.002446153846153846","0.002446153846153846"
"213","0.002457692307692308","0.002457692307692308","0.002457692307692308"
"214","0.002469230769230769","0.002469230769230769","0.002469230769230769"
"215","0.002480769230769231","0.002480769230769231","0.002480769230769231"
"216","0.0024923076923076925","0.0024923076923076925","0.0024923076923076925"
"217","0.002503846153846154","0.002503846153846154","0.002503846153846154"
"218","0.0025153846153846155","0.0025153846153846155","0.0025153846153846155"
"219","0.0025269230769230768","0.0025269230769230768","0.0025269230769230768"
"220","0.0025384615384615385","0.0025384615384615385","0.0025384615384615385"
"221","0.00255","0.00255","0.00255"
"222","0.0025615384615384615","0.0025615384615384615","0.0025615384615384615"
"223","0.002573076923076923","0.002573076923076923","0.002573076923076923"
"224","0.002584615384615385","0.002584615384615385","0.002584615384615385"
"225","0.002596153846153846","0.002596153846153846","0.002596153846153846"
"226","0.002607692307692308","0.002607692307692308","0.002607692307692308"
"227","0.002619230769230769","0.002619230769230769","0.002619230769230769"
"228","0.002630769230769231","0.002630769230769231","0.002630769230769231"
"229","0.0026423076923076925","0.0026423076923076925","0.0026423076923076925"
"230","0.0026538461538461538","0.0026538461538461538","0.0026538461538461538"
"231","0.0026653846153846155","0.0026653846153846155","0.0026653846153846155"
"232","0.002676923076923077","0.002676923076923077","0.002676923076923077"
"233","0.0026884615384615384","0.0026884615384615384","0.0026884615384615384"
"234","0.0027","0.0027","0.0027"
"235","0.0027115384615384614","0.0027115384615384614","0.0027115384615384614"
"236","0.002723076923076923","0.002723076923076923","0.002723076923076923"
"237","0.002734615384615385","0.002734615384615385","0.002734615384615385"
"238","0.002746153846153846","0.002746153846153846","0.002746153846153846"
"239","0.002757692307692308","0.002757692307692308","0.002757692307692308"
"240","0.0027692307692307695","0.0027692307692307695","0.0027692307692307695"
"241","0.0027807692307692308","0.0027807692307692308","0.0027807692307692308"
"242","0.0027923076923076925","0.0027923076923076925","0.0027923076923076925"
"243","0.0028038461538461537","0.0028038461538461537","0.0028038461538461537"
"244","0.0028153846153846154","0.0028153846153846154","0.0028153846153846154"
"245","0.002826923076923077","0.002826923076923077","0.002826923076923077"
"246","0.0028384615384615384","0.0028384615384615384","0.0028384615384615384"
"247","0.00285","0.00285","0.00285"
"248","0.002861538461538462","0.002861538461538462","0.002861538461538462"
"249","0.002873076923076923","0.002873076923076923","0.002873076923076923"
"250","0.0028846153846153848","0.0028846153846153848","0.0028846153846153848"
"251","0.002896153846153846","0.002896153846153846","0.002896153846153846"
"252","0.0029076923076923077","0.0029076923076923077","0.0029076923076923077"
"253","0.0029192307692307694","0.0029192307692307694","0.0029192307692307694"
"254","0.0029307692307692307","0.0029307692307692307","0.0029307692307692307"
"255","0.0029423076923076924","0.0029423076923076924","0.0029423076923076924"
"256","0.002953846153846154","0.002953846153846154","0.002953846153846154"
"257","0.0029653846153846154","0.0029653846153846154","0.0029653846153846154"
"258","0.002976923076923077","0.002976923076923077","0.002976923076923077"
"259","0.0029884615384615384","0.0029884615384615384","0.0029884615384615384"
"260","0.003","0.003","0.003"
"261","0.0030115384615384618","0.0030115384615384618","0.0030115384615384618"
"262","0.003023076923076923","0.003023076923076923","0.003023076923076923"
"263","0.0030346153846153847","0.0030346153846153847","0.0030346153846153847"
"264","0.003046153846153846","0.003046153846153846","0.003046153846153846"
"265","0.0030576923076923077","0.0030576923076923077","0.0030576923076923077"
"266","0.003069230769230769","0.003069230769230769","0.003069230769230769"
"267","0.0030807692307692307","0.0030807692307692307","0.0030807692307692307"
"268","0.003092307692307692","0.003092307692307692","0.003092307692307692"
"269","0.003103846153846154","0.003103846153846154","0.003103846153846154"
"270","0.0031153846153846158","0.0031153846153846158","0.0031153846153846158"
"271","0.003126923076923077","0.003126923076923077","0.003126923076923077"
"272","0.0031384615384615388","0.0031384615384615388","0.0031384615384615388"
"273","0.00315","0.00315","0.00315"
"274","0.0031615384615384617","0.0031615384615384617","0.0031615384615384617"
"275","0.003173076923076923","0.003173076923076923","0.003173076923076923"
"276","0.0031846153846153847","0.0031846153846153847","0.0031846153846153847"
"277","0.0031961538461538464","0.0031961538461538464","0.0031961538461538464"
"278","0.0032076923076923077","0.0032076923076923077","0.0032076923076923077"
"279","0.0032192307692307694","0.0032192307692307694","0.0032192307692307694"
"280","0.0032307692307692306","0.0032307692307692306","0.0032307692307692306"
"281","0.0032423076923076923","0.0032423076923076923","0.0032423076923076923"
"282","0.0032538461538461536","0.0032538461538461536","0.0032538461538461536"
"283","0.0032653846153846153","0.0032653846153846153","0.0032653846153846153"
"284","0.0032769230769230766","0.0032769230769230766","0.0032769230769230766"
"285","0.0032884615384615387","0.0032884615384615387","0.0032884615384615387"
"286","0.0033000000000000004","0.0033000000000000004","0.0033000000000000004"
"287","0.0033115384615384617","0.0033115384615384617","0.0033115384615384617"
"288","0.0033230769230769234","0.0033230769230769234","0.0033230769230769234"
"289","0.0033346153846153847","0.0033346153846153847","0.0033346153846153847"
"290","0.0033461538461538464","0.0033461538461538464","0.0033461538461538464"
"291","0.0033576923076923076","0.0033576923076923076","0.0033576923076923076"
"292","0.0033692307692307693","0.0033692307692307693","0.0033692307692307693"
"293","0.003380769230769231","0.003380769230769231","0.003380769230769231"
"294","0.0033923076923076923","0.0033923076923076923","0.0033923076923076923"
"295","0.003403846153846154","0.003403846153846154","0.003403846153846154"
"296","0.0034153846153846153","0.0034153846153846153","0.0034153846153846153"
"297","0.003426923076923077","0.003426923076923077","0.003426923076923077"
"298","0.0034384615384615382","0.0034384615384615382","0.0034384615384615382"
"299","0.00345","0.00345","0.00345"
"300","0.003461538461538461","0.003461538461538461","0.003461538461538461"
"301","0.0034730769230769233","0.0034730769230769233","0.0034730769230769233"
"302","0.003484615384615385","0.003484615384615385","0.003484615384615385"
"303","0.0034961538461538463","0.0034961538461538463","0.0034961538461538463"
"304","0.003507692307692308","0.003507692307692308","0.003507692307692308"
"305","0.0035192307692307693","0.0035192307692307693","0.0035192307692307693"
"306","0.003530769230769231","0.003530769230769231","0.003530769230769231"
"307","0.0035423076923076923","0.0035423076923076923","0.0035423076923076923"
"308","0.003553846153846154","0.003553846153846154","0.003553846153846154"
"309","0.0035653846153846157","0.0035653846153846157","0.0035653846153846157"
"310","0.003576923076923077","0.003576923076923077","0.003576923076923077"
"311","0.0035884615384615386","0.0035884615384615386","0.0035884615384615386"
"312","0.0036","0.0036","0.0036"
"313","0.0036115384615384616","0.0036115384615384616","0.0036115384615384616"
"314","0.003623076923076923","0.003623076923076923","0.003623076923076923"
"315","0.0036346153846153846","0.0036346153846153846","0.0036346153846153846"
"316","0.003646153846153846","0.003646153846153846","0.003646153846153846"
"317","0.003657692307692308","0.003657692307692308","0.003657692307692308"
"318","0.0036692307692307697","0.0036692307692307697","0.0036692307692307697"
"319","0.003680769230769231","0.003680769230769231","0.003680769230769231"
"320","0.0036923076923076927","0.0036923076923076927","0.0036923076923076927"
"321","0.003703846153846154","0.003703846153846154","0.003703846153846154"
"322","0.0037153846153846156","0.0037153846153846156","0.0037153846153846156"
"323","0.003726923076923077","0.003726923076923077","0.003726923076923077"
"324","0.0037384615384615386","0.0037384615384615386","0.0037384615384615386"
"325","0.00375","0.00375","0.00375"
"326","0.0037615384615384616","0.0037615384615384616","0.0037615384615384616"
"327","0.0037730769230769233","0.0037730769230769233","0.0037730769230769233"
"328","0.0037846153846153845","0.0037846153846153845","0.0037846153846153845"
"329","0.0037961538461538462","0.0037961538461538462","0.0037961538461538462"
"330","0.0038076923076923075","0.0038076923076923075","0.0038076923076923075"
"331","0.003819230769230769","0.003819230769230769","0.003819230769230769"
"332","0.0038307692307692305","0.0038307692307692305","0.0038307692307692305"
"333","0.003842307692307692","0.003842307692307692","0.003842307692307692"
"334","0.0038538461538461543","0.0038538461538461543","0.0038538461538461543"
"335","0.0038653846153846156","0.0038653846153846156","0.0038653846153846156"
"336","0.0038769230769230773","0.0038769230769230773","0.0038769230769230773"
"337","0.0038884615384615386","0.0038884615384615386","0.0038884615384615386"
"338","0.0039000000000000003","0.0039000000000000003","0.0039000000000000003"
"339","0.003911538461538462","0.003911538461538462","0.003911538461538462"
"340","0.003923076923076923","0.003923076923076923","0.003923076923076923"
"341","0.0039346153846153845","0.0039346153846153845","0.0039346153846153845"
"342","0.003946153846153847","0.003946153846153847","0.003946153846153847"
"343","0.003957692307692308","0.003957692307692308","0.003957692307692308"
"344","0.003969230769230769","0.003969230769230769","0.003969230769230769"
"345","0.0039807692307692304","0.0039807692307692304","0.0039807692307692304"
"346","0.003992307692307693","0.003992307692307693","0.003992307692307693"
"347","0.004003846153846154","0.004003846153846154","0.004003846153846154"
"348","0.004015384615384615","0.004015384615384615","0.004015384615384615"
"349","0.004026923076923076","0.004026923076923076","0.004026923076923076"
"350","0.0040384615384615385","0.0040384615384615385","0.0040384615384615385"
"351","0.004050000000000001","0.004050000000000001","0.004050000000000001"
"352","0.004061538461538462","0.004061538461538462","0.004061538461538462"
"353","0.004073076923076923","0.004073076923076923","0.004073076923076923"
"354","0.0040846153846153845","0.0040846153846153845","0.0040846153846153845"
"355","0.004096153846153847","0.004096153846153847","0.004096153846153847"
"356","0.004107692307692308","0.004107692307692308","0.004107692307692308"
"357","0.004119230769230769","0.004119230769230769","0.004119230769230769"
"358","0.004130769230769231","0.004130769230769231","0.004130769230769231"
"359","0.0041423076923076925","0.0041423076923076925","0.0041423076923076925"
"360","0.004153846153846154","0.004153846153846154","0.004153846153846154"
"361","0.004165384615384615","0.004165384615384615","0.004165384615384615"
"362","0.004176923076923077","0.004176923076923077","0.004176923076923077"
"363","0.0041884615384615385","0.0041884615384615385","0.0041884615384615385"
"364","0.0042","0.0042","0.0042"
"365","0.004211538461538461","0.004211538461538461","0.004211538461538461"
"366","0.004223076923076923","0.004223076923076923","0.004223076923076923"
"367","0.004234615384615385","0.004234615384615385","0.004234615384615385"
"368","0.0042461538461538465","0.0042461538461538465","0.0042461538461538465"
"369","0.004257692307692308","0.004257692307692308","0.004257692307692308"
"370","0.004269230769230769","0.004269230769230769","0.004269230769230769"
"371","0.004280769230769231","0.004280769230769231","0.004280769230769231"
"372","0.0042923076923076925","0.0042923076923076925","0.0042923076923076925"
"373","0.004303846153846154","0.004303846153846154","0.004303846153846154"
"374","0.004315384615384616","0.004315384615384616","0.004315384615384616"
"375","0.004326923076923077","0.004326923076923077","0.004326923076923077"
"376","0.004338461538461538","0.004338461538461538","0.004338461538461538"
"377","0.00435","0.00435","0.00435"
"378","0.004361538461538462","0.004361538461538462","0.004361538461538462"
"379","0.004373076923076923","0.004373076923076923","0.004373076923076923"
"380","0.004384615384615384","0.004384615384615384","0.004384615384615384"
"381","0.004396153846153846","0.004396153846153846","0.004396153846153846"
"382","0.004407692307692308","0.004407692307692308","0.004407692307692308"
"383","0.00441923076923077","0.00441923076923077","0.00441923076923077"
"384","0.004430769230769231","0.004430769230769231","0.004430769230769231"
"385","0.0044423076923076925","0.0044423076923076925","0.0044423076923076925"
"386","0.004453846153846154","0.004453846153846154","0.004453846153846154"
"387","0.004465384615384616","0.004465384615384616","0.004465384615384616"
"388","0.004476923076923077","0.004476923076923077","0.004476923076923077"
"389","0.004488461538461538","0.004488461538461538","0.004488461538461538"
"390","0.0045000000000000005","0.0045000000000000005","0.0045000000000000005"
"391","0.004511538461538462","0.004511538461538462","0.004511538461538462"
"392","0.004523076923076923","0.004523076923076923","0.004523076923076923"
"393","0.004534615384615384","0.004534615384615384","0.004534615384615384"
"394","0.0045461538461538465","0.0045461538461538465","0.0045461538461538465"
"395","0.004557692307692308","0.004557692307692308","0.004557692307692308"
"396","0.004569230769230769","0.004569230769230769","0.004569230769230769"
"397","0.00458076923076923","0.00458076923076923","0.00458076923076923"
"398","0.004592307692307692","0.004592307692307692","0.004592307692307692"
"399","0.0046038461538461545","0.0046038461538461545","0.0046038461538461545"
"400","0.004615384615384616","0.004615384615384616","0.004615384615384616"
"401","0.004626923076923077","0.004626923076923077","0.004626923076923077"
"402","0.004638461538461538","0.004638461538461538","0.004638461538461538"
"403","0.0046500000000000005","0.0046500000000000005","0.0046500000000000005"
"404","0.004661538461538462","0.004661538461538462","0.004661538461538462"
"405","0.004673076923076923","0.004673076923076923","0.004673076923076923"
"406","0.004684615384615384","0.004684615384615384","0.004684615384615384"
"407","0.004696153846153846","0.004696153846153846","0.004696153846153846"
"408","0.004707692307692308","0.004707692307692308","0.004707692307692308"
"409","0.004719230769230769","0.004719230769230769","0.004719230769230769"
"410","0.004730769230769231","0.004730769230769231","0.004730769230769231"
"411","0.004742307692307692","0.004742307692307692","0.004742307692307692"
"412","0.004753846153846154","0.004753846153846154","0.004753846153846154"
"413","0.004765384615384615","0.004765384615384615","0.004765384615384615"
"414","0.004776923076923077","0.004776923076923077","0.004776923076923077"
"415","0.004788461538461539","0.004788461538461539","0.004788461538461539"
"416","0.0048000000000000004","0.0048000000000000004","0.0048000000000000004"
"417","0.004811538461538462","0.004811538461538462","0.004811538461538462"
"418","0.004823076923076923","0.004823076923076923","0.004823076923076923"
"419","0.004834615384615385","0.004834615384615385","0.004834615384615385"
"420","0.004846153846153846","0.004846153846153846","0.004846153846153846"
"421","0.004857692307692308","0.004857692307692308","0.004857692307692308"
"422","0.004869230769230769","0.004869230769230769","0.004869230769230769"
"423","0.004880769230769231","0.004880769230769231","0.004880769230769231"
"424","0.004892307692307692","0.004892307692307692","0.004892307692307692"
"425","0.004903846153846154","0.004903846153846154","0.004903846153846154"
"426","0.004915384615384616","0.004915384615384616","0.004915384615384616"
"427","0.004926923076923077","0.004926923076923077","0.004926923076923077"
"428","0.004938461538461538","0.004938461538461538","0.004938461538461538"
"429","0.0049499999999999995","0.0049499999999999995","0.0049499999999999995"
"430","0.004961538461538462","0.004961538461538462","0.004961538461538462"
"431","0.004973076923076924","0.004973076923076924","0.004973076923076924"
"432","0.004984615384615385","0.004984615384615385","0.004984615384615385"
"433","0.004996153846153846","0.004996153846153846","0.004996153846153846"
"434","0.005007692307692308","0.005007692307692308","0.005007692307692308"
"435","0.00501923076923077","0.00501923076923077","0.00501923076923077"
"436","0.005030769230769231","0.005030769230769231","0.005030769230769231"
"437","0.005042307692307692","0.005042307692307692","0.005042307692307692"
"438","0.0050538461538461536","0.0050538461538461536","0.0050538461538461536"
"439","0.005065384615384616","0.005065384615384616","0.005065384615384616"
"440","0.005076923076923077","0.005076923076923077","0.005076923076923077"
"441","0.005088461538461538","0.005088461538461538","0.005088461538461538"
"442","0.0051","0.0051","0.0051"
"443","0.005111538461538462","0.005111538461538462","0.005111538461538462"
"444","0.005123076923076923","0.005123076923076923","0.005123076923076923"
"445","0.005134615384615384","0.005134615384615384","0.005134615384615384"
"446","0.005146153846153846","0.005146153846153846","0.005146153846153846"
"447","0.0051576923076923084","0.0051576923076923084","0.0051576923076923084"
"448","0.00516923076923077","0.00516923076923077","0.00516923076923077"
"449","0.005180769230769231","0.005180769230769231","0.005180769230769231"
"450","0.005192307692307692","0.005192307692307692","0.005192307692307692"
"451","0.005203846153846154","0.005203846153846154","0.005203846153846154"
"452","0.005215384615384616","0.005215384615384616","0.005215384615384616"
"453","0.005226923076923077","0.005226923076923077","0.005226923076923077"
"454","0.005238461538461538","0.005238461538461538","0.005238461538461538"
"455","0.00525","0.00525","0.00525"
"456","0.005261538461538462","0.005261538461538462","0.005261538461538462"
"457","0.005273076923076923","0.005273076923076923","0.005273076923076923"
"458","0.005284615384615385","0.005284615384615385","0.005284615384615385"
"459","0.005296153846153846","0.005296153846153846","0.005296153846153846"
"460","0.0053076923076923075","0.0053076923076923075","0.0053076923076923075"
"461","0.005319230769230769","0.005319230769230769","0.005319230769230769"
"462","0.005330769230769231","0.005330769230769231","0.005330769230769231"
"463","0.005342307692307692","0.005342307692307692","0.005342307692307692"
"464","0.005353846153846154","0.005353846153846154","0.005353846153846154"
"465","0.005365384615384616","0.005365384615384616","0.005365384615384616"
"466","0.005376923076923077","0.005376923076923077","0.005376923076923077"
"467","0.005388461538461539","0.005388461538461539","0.005388461538461539"
"468","0.0054","0.0054","0.0054"
"469","0.0054115384615384616","0.0054115384615384616","0.0054115384615384616"
"470","0.005423076923076923","0.005423076923076923","0.005423076923076923"
"471","0.005434615384615385","0.005434615384615385","0.005434615384615385"
"472","0.005446153846153846","0.005446153846153846","0.005446153846153846"
"473","0.0054576923076923075","0.0054576923076923075","0.0054576923076923075"
"474","0.00546923076923077","0.00546923076923077","0.00546923076923077"
"475","0.005480769230769231","0.005480769230769231","0.005480769230769231"
"476","0.005492307692307692","0.005492307692307692","0.005492307692307692"
"477","0.0055038461538461534","0.0055038461538461534","0.0055038461538461534"
"478","0.005515384615384616","0.005515384615384616","0.005515384615384616"
"479","0.005526923076923077","0.005526923076923077","0.005526923076923077"
"480","0.005538461538461539","0.005538461538461539","0.005538461538461539"
"481","0.00555","0.00555","0.00555"
"482","0.0055615384615384615","0.0055615384615384615","0.0055615384615384615"
"483","0.005573076923076924","0.005573076923076924","0.005573076923076924"
"484","0.005584615384615385","0.005584615384615385","0.005584615384615385"
"485","0.005596153846153846","0.005596153846153846","0.005596153846153846"
"486","0.0056076923076923075","0.0056076923076923075","0.0056076923076923075"
"487","0.00561923076923077","0.00561923076923077","0.00561923076923077"
"488","0.005630769230769231","0.005630769230769231","0.005630769230769231"
"489","0.005642307692307692","0.005642307692307692","0.005642307692307692"
"490","0.005653846153846154","0.005653846153846154","0.005653846153846154"
"491","0.0056653846153846155","0.0056653846153846155","0.0056653846153846155"
"492","0.005676923076923077","0.005676923076923077","0.005676923076923077"
"493","0.005688461538461538","0.005688461538461538","0.005688461538461538"
"494","0.0057","0.0057","0.0057"
"495","0.0057115384615384615","0.0057115384615384615","0.0057115384615384615"
"496","0.005723076923076924","0.005723076923076924","0.005723076923076924"
"497","0.005734615384615385","0.005734615384615385","0.005734615384615385"
"498","0.005746153846153846","0.005746153846153846","0.005746153846153846"
"499","0.005757692307692308","0.005757692307692308","0.005757692307692308"
"500","0.0057692307692307696","0.0057692307692307696","0.0057692307692307696"
"501","0.005780769230769231","0.005780769230769231","0.005780769230769231"
"502","0.005792307692307692","0.005792307692307692","0.005792307692307692"
"503","0.005803846153846154","0.005803846153846154","0.005803846153846154"
"504","0.0058153846153846155","0.0058153846153846155","0.0058153846153846155"
"505","0.005826923076923077","0.005826923076923077","0.005826923076923077"
"506","0.005838461538461539","0.005838461538461539","0.005838461538461539"
"507","0.00585","0.00585","0.00585"
"508","0.005861538461538461","0.005861538461538461","0.005861538461538461"
"509","0.005873076923076923","0.005873076923076923","0.005873076923076923"
"510","0.005884615384615385","0.005884615384615385","0.005884615384615385"
"511","0.005896153846153846","0.005896153846153846","0.005896153846153846"
"512","0.005907692307692308","0.005907692307692308","0.005907692307692308"
"513","0.0059192307692307695","0.0059192307692307695","0.0059192307692307695"
"514","0.005930769230769231","0.005930769230769231","0.005930769230769231"
"515","0.005942307692307693","0.005942307692307693","0.005942307692307693"
"516","0.005953846153846154","0.005953846153846154","0.005953846153846154"
"517","0.0059653846153846155","0.0059653846153846155","0.0059653846153846155"
"518","0.005976923076923077","0.005976923076923077","0.005976923076923077"
"519","0.005988461538461539","0.005988461538461539","0.005988461538461539"
"520","0.006","0.006","0.006"
"521","0.00599872040946897","0.00599872040946897","0.00599872040946897"
"522","0.00599744081893794","0.00599744081893794","0.00599744081893794"
"523","0.0059961612284069096","0.0059961612284069096","0.0059961612284069096"
"524","0.00599488163787588","0.00599488163787588","0.00599488163787588"
"525","0.00599360204734485","0.00599360204734485","0.00599360204734485"
"526","0.00599232245681382","0.00599232245681382","0.00599232245681382"
"527","0.00599104286628279","0.00599104286628279","0.00599104286628279"
"528","0.0059897632757517595","0.0059897632757517595","0.0059897632757517595"
"529","0.005988483685220729","0.005988483685220729","0.005988483685220729"
"530","0.005987204094689699","0.005987204094689699","0.005987204094689699"
"531","0.005985924504158669","0.005985924504158669","0.005985924504158669"
"532","0.00598464491362764","0.00598464491362764","0.00598464491362764"
"533","0.005983365323096609","0.005983365323096609","0.005983365323096609"
"534","0.005982085732565579","0.005982085732565579","0.005982085732565579"
"535","0.005980806142034549","0.005980806142034549","0.005980806142034549"
"536","0.005979526551503519","0.005979526551503519","0.005979526551503519"
"537","0.0059782469609724895","0.0059782469609724895","0.0059782469609724895"
"538","0.0059769673704414585","0.0059769673704414585","0.0059769673704414585"
"539","0.005975687779910428","0.005975687779910428","0.005975687779910428"
"540","0.005974408189379399","0.005974408189379399","0.005974408189379399"
"541","0.005973128598848369","0.005973128598848369","0.005973128598848369"
"542","0.0059718490083173386","0.0059718490083173386","0.0059718490083173386"
"543","0.005970569417786308","0.005970569417786308","0.005970569417786308"
"544","0.005969289827255278","0.005969289827255278","0.005969289827255278"
"545","0.005968010236724249","0.005968010236724249","0.005968010236724249"
"546","0.005966730646193219","0.005966730646193219","0.005966730646193219"
"547","0.005965451055662188","0.005965451055662188","0.005965451055662188"
"548","0.005964171465131158","0.005964171465131158","0.005964171465131158"
"549","0.005962891874600128","0.005962891874600128","0.005962891874600128"
"550","0.005961612284069098","0.005961612284069098","0.005961612284069098"
"551","0.005960332693538068","0.005960332693538068","0.005960332693538068"
"552","0.0059590531030070375","0.0059590531030070375","0.0059590531030070375"
"553","0.005957773512476008","0.005957773512476008","0.005957773512476008"
"554","0.005956493921944978","0.005956493921944978","0.005956493921944978"
"555","0.005955214331413948","0.005955214331413948","0.005955214331413948"
"556","0.005953934740882918","0.005953934740882918","0.005953934740882918"
"557","0.0059526551503518875","0.0059526551503518875","0.0059526551503518875"
"558","0.005951375559820857","0.005951375559820857","0.005951375559820857"
"559","0.005950095969289827","0.005950095969289827","0.005950095969289827"
"560","0.005948816378758797","0.005948816378758797","0.005948816378758797"
"561","0.005947536788227768","0.005947536788227768","0.005947536788227768"
"562","0.005946257197696737","0.005946257197696737","0.005946257197696737"
"563","0.005944977607165707","0.005944977607165707","0.005944977607165707"
"564","0.005943698016634677","0.005943698016634677","0.005943698016634677"
"565","0.005942418426103647","0.005942418426103647","0.005942418426103647"
"566","0.005941138835572617","0.005941138835572617","0.005941138835572617"
"567","0.0059398592450415864","0.0059398592450415864","0.0059398592450415864"
"568","0.005938579654510557","0.005938579654510557","0.005938579654510557"
"569","0.005937300063979527","0.005937300063979527","0.005937300063979527"
"570","0.005936020473448497","0.005936020473448497","0.005936020473448497"
"571","0.0059347408829174665","0.0059347408829174665","0.0059347408829174665"
"572","0.005933461292386436","0.005933461292386436","0.005933461292386436"
"573","0.005932181701855406","0.005932181701855406","0.005932181701855406"
"574","0.005930902111324376","0.005930902111324376","0.005930902111324376"
"575","0.005929622520793346","0.005929622520793346","0.005929622520793346"
"576","0.0059283429302623165","0.0059283429302623165","0.0059283429302623165"
"577","0.005927063339731286","0.005927063339731286","0.005927063339731286"
"578","0.005925783749200256","0.005925783749200256","0.005925783749200256"
"579","0.005924504158669226","0.005924504158669226","0.005924504158669226"
"580","0.005923224568138196","0.005923224568138196","0.005923224568138196"
"581","0.005921944977607166","0.005921944977607166","0.005921944977607166"
"582","0.005920665387076136","0.005920665387076136","0.005920665387076136"
"583","0.005919385796545105","0.005919385796545105","0.005919385796545105"
"584","0.005918106206014076","0.005918106206014076","0.005918106206014076"
"585","0.005916826615483046","0.005916826615483046","0.005916826615483046"
"586","0.0059155470249520154","0.0059155470249520154","0.0059155470249520154"
"587","0.005914267434420985","0.005914267434420985","0.005914267434420985"
"588","0.005912987843889955","0.005912987843889955","0.005912987843889955"
"589","0.005911708253358926","0.005911708253358926","0.005911708253358926"
"590","0.0059104286628278956","0.0059104286628278956","0.0059104286628278956"
"591","0.0059091490722968645","0.0059091490722968645","0.0059091490722968645"
"592","0.005907869481765835","0.005907869481765835","0.005907869481765835"
"593","0.005906589891234805","0.005906589891234805","0.005906589891234805"
"594","0.005905310300703775","0.005905310300703775","0.005905310300703775"
"595","0.005904030710172745","0.005904030710172745","0.005904030710172745"
"596","0.005902751119641714","0.005902751119641714","0.005902751119641714"
"597","0.005901471529110685","0.005901471529110685","0.005901471529110685"
"598","0.005900191938579655","0.005900191938579655","0.005900191938579655"
"599","0.005898912348048625","0.005898912348048625","0.005898912348048625"
"600","0.0058976327575175945","0.0058976327575175945","0.0058976327575175945"
"601","0.005896353166986564","0.005896353166986564","0.005896353166986564"
"602","0.005895073576455534","0.005895073576455534","0.005895073576455534"
"603","0.005893793985924504","0.005893793985924504","0.005893793985924504"
"604","0.005892514395393474","0.005892514395393474","0.005892514395393474"
"605","0.0058912348048624445","0.0058912348048624445","0.0058912348048624445"
"606","0.005889955214331414","0.005889955214331414","0.005889955214331414"
"607","0.005888675623800384","0.005888675623800384","0.005888675623800384"
"608","0.005887396033269354","0.005887396033269354","0.005887396033269354"
"609","0.005886116442738324","0.005886116442738324","0.005886116442738324"
"610","0.0058848368522072935","0.0058848368522072935","0.0058848368522072935"
"611","0.005883557261676263","0.005883557261676263","0.005883557261676263"
"612","0.005882277671145234","0.005882277671145234","0.005882277671145234"
"613","0.005880998080614204","0.005880998080614204","0.005880998080614204"
"614","0.005879718490083174","0.005879718490083174","0.005879718490083174"
"615","0.005878438899552143","0.005878438899552143","0.005878438899552143"
"616","0.005877159309021113","0.005877159309021113","0.005877159309021113"
"617","0.005875879718490084","0.005875879718490084","0.005875879718490084"
"618","0.005874600127959054","0.005874600127959054","0.005874600127959054"
"619","0.005873320537428023","0.005873320537428023","0.005873320537428023"
"620","0.005872040946896993","0.005872040946896993","0.005872040946896993"
"621","0.005870761356365963","0.005870761356365963","0.005870761356365963"
"622","0.005869481765834933","0.005869481765834933","0.005869481765834933"
"623","0.005868202175303903","0.005868202175303903","0.005868202175303903"
"624","0.005866922584772873","0.005866922584772873","0.005866922584772873"
"625","0.005865642994241843","0.005865642994241843","0.005865642994241843"
"626","0.005864363403710813","0.005864363403710813","0.005864363403710813"
"627","0.005863083813179782","0.005863083813179782","0.005863083813179782"
"628","0.005861804222648753","0.005861804222648753","0.005861804222648753"
"629","0.0058605246321177225","0.0058605246321177225","0.0058605246321177225"
"630","0.005859245041586692","0.005859245041586692","0.005859245041586692"
"631","0.005857965451055662","0.005857965451055662","0.005857965451055662"
"632","0.005856685860524632","0.005856685860524632","0.005856685860524632"
"633","0.005855406269993603","0.005855406269993603","0.005855406269993603"
"634","0.0058541266794625724","0.0058541266794625724","0.0058541266794625724"
"635","0.005852847088931541","0.005852847088931541","0.005852847088931541"
"636","0.005851567498400512","0.005851567498400512","0.005851567498400512"
"637","0.005850287907869482","0.005850287907869482","0.005850287907869482"
"638","0.005849008317338452","0.005849008317338452","0.005849008317338452"
"639","0.0058477287268074215","0.0058477287268074215","0.0058477287268074215"
"640","0.005846449136276391","0.005846449136276391","0.005846449136276391"
"641","0.005845169545745362","0.005845169545745362","0.005845169545745362"
"642","0.005843889955214332","0.005843889955214332","0.005843889955214332"
"643","0.005842610364683302","0.005842610364683302","0.005842610364683302"
"644","0.005841330774152271","0.005841330774152271","0.005841330774152271"
"645","0.005840051183621241","0.005840051183621241","0.005840051183621241"
"646","0.005838771593090211","0.005838771593090211","0.005838771593090211"
"647","0.005837492002559181","0.005837492002559181","0.005837492002559181"
"648","0.005836212412028151","0.005836212412028151","0.005836212412028151"
"649","0.005834932821497121","0.005834932821497121","0.005834932821497121"
"650","0.005833653230966091","0.005833653230966091","0.005833653230966091"
"651","0.005832373640435061","0.005832373640435061","0.005832373640435061"
"652","0.005831094049904031","0.005831094049904031","0.005831094049904031"
"653","0.005829814459373001","0.005829814459373001","0.005829814459373001"
"654","0.00582853486884197","0.00582853486884197","0.00582853486884197"
"655","0.00582725527831094","0.00582725527831094","0.00582725527831094"
"656","0.005825975687779911","0.005825975687779911","0.005825975687779911"
"657","0.005824696097248881","0.005824696097248881","0.005824696097248881"
"658","0.0058234165067178505","0.0058234165067178505","0.0058234165067178505"
"659","0.00582213691618682","0.00582213691618682","0.00582213691618682"
"660","0.00582085732565579","0.00582085732565579","0.00582085732565579"
"661","0.005819577735124761","0.005819577735124761","0.005819577735124761"
"662","0.005818298144593731","0.005818298144593731","0.005818298144593731"
"663","0.0058170185540626996","0.0058170185540626996","0.0058170185540626996"
"664","0.00581573896353167","0.00581573896353167","0.00581573896353167"
"665","0.00581445937300064","0.00581445937300064","0.00581445937300064"
"666","0.00581317978246961","0.00581317978246961","0.00581317978246961"
"667","0.00581190019193858","0.00581190019193858","0.00581190019193858"
"668","0.0058106206014075495","0.0058106206014075495","0.0058106206014075495"
"669","0.00580934101087652","0.00580934101087652","0.00580934101087652"
"670","0.00580806142034549","0.00580806142034549","0.00580806142034549"
"671","0.005806781829814459","0.005806781829814459","0.005806781829814459"
"672","0.00580550223928343","0.00580550223928343","0.00580550223928343"
"673","0.005804222648752399","0.005804222648752399","0.005804222648752399"
"674","0.005802943058221369","0.005802943058221369","0.005802943058221369"
"675","0.005801663467690339","0.005801663467690339","0.005801663467690339"
"676","0.005800383877159309","0.005800383877159309","0.005800383877159309"
"677","0.0057991042866282795","0.0057991042866282795","0.0057991042866282795"
"678","0.005797824696097249","0.005797824696097249","0.005797824696097249"
"679","0.005796545105566218","0.005796545105566218","0.005796545105566218"
"680","0.005795265515035189","0.005795265515035189","0.005795265515035189"
"681","0.005793985924504159","0.005793985924504159","0.005793985924504159"
"682","0.0057927063339731286","0.0057927063339731286","0.0057927063339731286"
"683","0.005791426743442098","0.005791426743442098","0.005791426743442098"
"684","0.005790147152911068","0.005790147152911068","0.005790147152911068"
"685","0.005788867562380039","0.005788867562380039","0.005788867562380039"
"686","0.005787587971849009","0.005787587971849009","0.005787587971849009"
"687","0.0057863083813179785","0.0057863083813179785","0.0057863083813179785"
"688","0.005785028790786948","0.005785028790786948","0.005785028790786948"
"689","0.005783749200255918","0.005783749200255918","0.005783749200255918"
"690","0.005782469609724888","0.005782469609724888","0.005782469609724888"
"691","0.005781190019193858","0.005781190019193858","0.005781190019193858"
"692","0.005779910428662828","0.005779910428662828","0.005779910428662828"
"693","0.005778630838131798","0.005778630838131798","0.005778630838131798"
"694","0.005777351247600768","0.005777351247600768","0.005777351247600768"
"695","0.005776071657069738","0.005776071657069738","0.005776071657069738"
"696","0.005774792066538708","0.005774792066538708","0.005774792066538708"
"697","0.0057735124760076775","0.0057735124760076775","0.0057735124760076775"
"698","0.005772232885476648","0.005772232885476648","0.005772232885476648"
"699","0.005770953294945617","0.005770953294945617","0.005770953294945617"
"700","0.005769673704414588","0.005769673704414588","0.005769673704414588"
"701","0.005768394113883558","0.005768394113883558","0.005768394113883558"
"702","0.005767114523352527","0.005767114523352527","0.005767114523352527"
"703","0.005765834932821497","0.005765834932821497","0.005765834932821497"
"704","0.005764555342290467","0.005764555342290467","0.005764555342290467"
"705","0.005763275751759438","0.005763275751759438","0.005763275751759438"
"706","0.0057619961612284075","0.0057619961612284075","0.0057619961612284075"
"707","0.0057607165706973764","0.0057607165706973764","0.0057607165706973764"
"708","0.005759436980166347","0.005759436980166347","0.005759436980166347"
"709","0.005758157389635317","0.005758157389635317","0.005758157389635317"
"710","0.005756877799104287","0.005756877799104287","0.005756877799104287"
"711","0.0057555982085732565","0.0057555982085732565","0.0057555982085732565"
"712","0.005754318618042226","0.005754318618042226","0.005754318618042226"
"713","0.005753039027511197","0.005753039027511197","0.005753039027511197"
"714","0.005751759436980167","0.005751759436980167","0.005751759436980167"
"715","0.005750479846449136","0.005750479846449136","0.005750479846449136"
"716","0.0057492002559181065","0.0057492002559181065","0.0057492002559181065"
"717","0.005747920665387076","0.005747920665387076","0.005747920665387076"
"718","0.005746641074856046","0.005746641074856046","0.005746641074856046"
"719","0.005745361484325016","0.005745361484325016","0.005745361484325016"
"720","0.005744081893793986","0.005744081893793986","0.005744081893793986"
"721","0.005742802303262956","0.005742802303262956","0.005742802303262956"
"722","0.005741522712731926","0.005741522712731926","0.005741522712731926"
"723","0.005740243122200895","0.005740243122200895","0.005740243122200895"
"724","0.005738963531669866","0.005738963531669866","0.005738963531669866"
"725","0.005737683941138836","0.005737683941138836","0.005737683941138836"
"726","0.0057364043506078054","0.0057364043506078054","0.0057364043506078054"
"727","0.005735124760076775","0.005735124760076775","0.005735124760076775"
"728","0.005733845169545745","0.005733845169545745","0.005733845169545745"
"729","0.005732565579014716","0.005732565579014716","0.005732565579014716"
"730","0.0057312859884836856","0.0057312859884836856","0.0057312859884836856"
"731","0.005730006397952655","0.005730006397952655","0.005730006397952655"
"732","0.005728726807421625","0.005728726807421625","0.005728726807421625"
"733","0.005727447216890595","0.005727447216890595","0.005727447216890595"
"734","0.005726167626359565","0.005726167626359565","0.005726167626359565"
"735","0.005724888035828535","0.005724888035828535","0.005724888035828535"
"736","0.005723608445297505","0.005723608445297505","0.005723608445297505"
"737","0.005722328854766475","0.005722328854766475","0.005722328854766475"
"738","0.005721049264235445","0.005721049264235445","0.005721049264235445"
"739","0.005719769673704415","0.005719769673704415","0.005719769673704415"
"740","0.0057184900831733845","0.0057184900831733845","0.0057184900831733845"
"741","0.005717210492642354","0.005717210492642354","0.005717210492642354"
"742","0.005715930902111325","0.005715930902111325","0.005715930902111325"
"743","0.005714651311580294","0.005714651311580294","0.005714651311580294"
"744","0.005713371721049265","0.005713371721049265","0.005713371721049265"
"745","0.0057120921305182345","0.0057120921305182345","0.0057120921305182345"
"746","0.005710812539987204","0.005710812539987204","0.005710812539987204"
"747","0.005709532949456174","0.005709532949456174","0.005709532949456174"
"748","0.005708253358925144","0.005708253358925144","0.005708253358925144"
"749","0.0057069737683941146","0.0057069737683941146","0.0057069737683941146"
"750","0.005705694177863084","0.005705694177863084","0.005705694177863084"
"751","0.005704414587332053","0.005704414587332053","0.005704414587332053"
"752","0.005703134996801024","0.005703134996801024","0.005703134996801024"
"753","0.005701855406269994","0.005701855406269994","0.005701855406269994"
"754","0.005700575815738964","0.005700575815738964","0.005700575815738964"
"755","0.005699296225207933","0.005699296225207933","0.005699296225207933"
"756","0.005698016634676903","0.005698016634676903","0.005698016634676903"
"757","0.005696737044145874","0.005696737044145874","0.005696737044145874"
"758","0.005695457453614844","0.005695457453614844","0.005695457453614844"
"759","0.005694177863083813","0.005694177863083813","0.005694177863083813"
"760","0.005692898272552783","0.005692898272552783","0.005692898272552783"
"761","0.005691618682021753","0.005691618682021753","0.005691618682021753"
"762","0.005690339091490723","0.005690339091490723","0.005690339091490723"
"763","0.005689059500959693","0.005689059500959693","0.005689059500959693"
"764","0.005687779910428663","0.005687779910428663","0.005687779910428663"
"765","0.005686500319897633","0.005686500319897633","0.005686500319897633"
"766","0.005685220729366603","0.005685220729366603","0.005685220729366603"
"767","0.005683941138835573","0.005683941138835573","0.005683941138835573"
"768","0.005682661548304543","0.005682661548304543","0.005682661548304543"
"769","0.0056813819577735125","0.0056813819577735125","0.0056813819577735125"
"770","0.005680102367242482","0.005680102367242482","0.005680102367242482"
"771","0.005678822776711452","0.005678822776711452","0.005678822776711452"
"772","0.005677543186180422","0.005677543186180422","0.005677543186180422"
"773","0.005676263595649393","0.005676263595649393","0.005676263595649393"
"774","0.0056749840051183624","0.0056749840051183624","0.0056749840051183624"
"775","0.005673704414587332","0.005673704414587332","0.005673704414587332"
"776","0.005672424824056302","0.005672424824056302","0.005672424824056302"
"777","0.005671145233525272","0.005671145233525272","0.005671145233525272"
"778","0.0056698656429942425","0.0056698656429942425","0.0056698656429942425"
"779","0.0056685860524632115","0.0056685860524632115","0.0056685860524632115"
"780","0.005667306461932182","0.005667306461932182","0.005667306461932182"
"781","0.005666026871401152","0.005666026871401152","0.005666026871401152"
"782","0.005664747280870122","0.005664747280870122","0.005664747280870122"
"783","0.005663467690339092","0.005663467690339092","0.005663467690339092"
"784","0.005662188099808061","0.005662188099808061","0.005662188099808061"
"785","0.005660908509277031","0.005660908509277031","0.005660908509277031"
"786","0.005659628918746002","0.005659628918746002","0.005659628918746002"
"787","0.005658349328214971","0.005658349328214971","0.005658349328214971"
"788","0.0056570697376839415","0.0056570697376839415","0.0056570697376839415"
"789","0.005655790147152911","0.005655790147152911","0.005655790147152911"
"790","0.005654510556621881","0.005654510556621881","0.005654510556621881"
"791","0.005653230966090851","0.005653230966090851","0.005653230966090851"
"792","0.005651951375559821","0.005651951375559821","0.005651951375559821"
"793","0.0056506717850287914","0.0056506717850287914","0.0056506717850287914"
"794","0.005649392194497761","0.005649392194497761","0.005649392194497761"
"795","0.00564811260396673","0.00564811260396673","0.00564811260396673"
"796","0.005646833013435701","0.005646833013435701","0.005646833013435701"
"797","0.005645553422904671","0.005645553422904671","0.005645553422904671"
"798","0.0056442738323736405","0.0056442738323736405","0.0056442738323736405"
"799","0.00564299424184261","0.00564299424184261","0.00564299424184261"
"800","0.00564171465131158","0.00564171465131158","0.00564171465131158"
"801","0.005640435060780551","0.005640435060780551","0.005640435060780551"
"802","0.005639155470249521","0.005639155470249521","0.005639155470249521"
"803","0.0056378758797184896","0.0056378758797184896","0.0056378758797184896"
"804","0.00563659628918746","0.00563659628918746","0.00563659628918746"
"805","0.00563531669865643","0.00563531669865643","0.00563531669865643"
"806","0.0056340371081254","0.0056340371081254","0.0056340371081254"
"807","0.00563275751759437","0.00563275751759437","0.00563275751759437"
"808","0.0056314779270633395","0.0056314779270633395","0.0056314779270633395"
"809","0.00563019833653231","0.00563019833653231","0.00563019833653231"
"810","0.00562891874600128","0.00562891874600128","0.00562891874600128"
"811","0.00562763915547025","0.00562763915547025","0.00562763915547025"
"812","0.00562635956493922","0.00562635956493922","0.00562635956493922"
"813","0.005625079974408189","0.005625079974408189","0.005625079974408189"
"814","0.00562380038387716","0.00562380038387716","0.00562380038387716"
"815","0.005622520793346129","0.005622520793346129","0.005622520793346129"
"816","0.005621241202815099","0.005621241202815099","0.005621241202815099"
"817","0.0056199616122840695","0.0056199616122840695","0.0056199616122840695"
"818","0.005618682021753039","0.005618682021753039","0.005618682021753039"
"819","0.005617402431222009","0.005617402431222009","0.005617402431222009"
"820","0.005616122840690979","0.005616122840690979","0.005616122840690979"
"821","0.005614843250159949","0.005614843250159949","0.005614843250159949"
"822","0.005613563659628919","0.005613563659628919","0.005613563659628919"
"823","0.005612284069097888","0.005612284069097888","0.005612284069097888"
"824","0.005611004478566859","0.005611004478566859","0.005611004478566859"
"825","0.005609724888035829","0.005609724888035829","0.005609724888035829"
"826","0.005608445297504799","0.005608445297504799","0.005608445297504799"
"827","0.0056071657069737685","0.0056071657069737685","0.0056071657069737685"
"828","0.005605886116442738","0.005605886116442738","0.005605886116442738"
"829","0.005604606525911708","0.005604606525911708","0.005604606525911708"
"830","0.005603326935380679","0.005603326935380679","0.005603326935380679"
"831","0.005602047344849648","0.005602047344849648","0.005602047344849648"
"832","0.005600767754318618","0.005600767754318618","0.005600767754318618"
"833","0.005599488163787588","0.005599488163787588","0.005599488163787588"
"834","0.005598208573256558","0.005598208573256558","0.005598208573256558"
"835","0.005596928982725528","0.005596928982725528","0.005596928982725528"
"836","0.005595649392194498","0.005595649392194498","0.005595649392194498"
"837","0.005594369801663468","0.005594369801663468","0.005594369801663468"
"838","0.005593090211132438","0.005593090211132438","0.005593090211132438"
"839","0.005591810620601407","0.005591810620601407","0.005591810620601407"
"840","0.005590531030070378","0.005590531030070378","0.005590531030070378"
"841","0.005589251439539348","0.005589251439539348","0.005589251439539348"
"842","0.005587971849008317","0.005587971849008317","0.005587971849008317"
"843","0.005586692258477287","0.005586692258477287","0.005586692258477287"
"844","0.005585412667946257","0.005585412667946257","0.005585412667946257"
"845","0.005584133077415228","0.005584133077415228","0.005584133077415228"
"846","0.0055828534868841975","0.0055828534868841975","0.0055828534868841975"
"847","0.005581573896353166","0.005581573896353166","0.005581573896353166"
"848","0.005580294305822137","0.005580294305822137","0.005580294305822137"
"849","0.005579014715291107","0.005579014715291107","0.005579014715291107"
"850","0.005577735124760077","0.005577735124760077","0.005577735124760077"
"851","0.0055764555342290465","0.0055764555342290465","0.0055764555342290465"
"852","0.005575175943698016","0.005575175943698016","0.005575175943698016"
"853","0.005573896353166987","0.005573896353166987","0.005573896353166987"
"854","0.005572616762635957","0.005572616762635957","0.005572616762635957"
"855","0.005571337172104927","0.005571337172104927","0.005571337172104927"
"856","0.0055700575815738965","0.0055700575815738965","0.0055700575815738965"
"857","0.005568777991042866","0.005568777991042866","0.005568777991042866"
"858","0.005567498400511837","0.005567498400511837","0.005567498400511837"
"859","0.005566218809980806","0.005566218809980806","0.005566218809980806"
"860","0.005564939219449776","0.005564939219449776","0.005564939219449776"
"861","0.005563659628918746","0.005563659628918746","0.005563659628918746"
"862","0.005562380038387716","0.005562380038387716","0.005562380038387716"
"863","0.005561100447856686","0.005561100447856686","0.005561100447856686"
"864","0.005559820857325656","0.005559820857325656","0.005559820857325656"
"865","0.005558541266794626","0.005558541266794626","0.005558541266794626"
"866","0.005557261676263596","0.005557261676263596","0.005557261676263596"
"867","0.005555982085732565","0.005555982085732565","0.005555982085732565"
"868","0.005554702495201536","0.005554702495201536","0.005554702495201536"
"869","0.005553422904670506","0.005553422904670506","0.005553422904670506"
"870","0.0055521433141394756","0.0055521433141394756","0.0055521433141394756"
"871","0.005550863723608445","0.005550863723608445","0.005550863723608445"
"872","0.005549584133077415","0.005549584133077415","0.005549584133077415"
"873","0.005548304542546385","0.005548304542546385","0.005548304542546385"
"874","0.005547024952015356","0.005547024952015356","0.005547024952015356"
"875","0.005545745361484325","0.005545745361484325","0.005545745361484325"
"876","0.005544465770953295","0.005544465770953295","0.005544465770953295"
"877","0.005543186180422265","0.005543186180422265","0.005543186180422265"
"878","0.005541906589891235","0.005541906589891235","0.005541906589891235"
"879","0.005540626999360205","0.005540626999360205","0.005540626999360205"
"880","0.0055393474088291745","0.0055393474088291745","0.0055393474088291745"
"881","0.005538067818298145","0.005538067818298145","0.005538067818298145"
"882","0.005536788227767115","0.005536788227767115","0.005536788227767115"
"883","0.005535508637236084","0.005535508637236084","0.005535508637236084"
"884","0.005534229046705055","0.005534229046705055","0.005534229046705055"
"885","0.0055329494561740244","0.0055329494561740244","0.0055329494561740244"
"886","0.005531669865642994","0.005531669865642994","0.005531669865642994"
"887","0.005530390275111964","0.005530390275111964","0.005530390275111964"
"888","0.005529110684580934","0.005529110684580934","0.005529110684580934"
"889","0.0055278310940499046","0.0055278310940499046","0.0055278310940499046"
"890","0.005526551503518874","0.005526551503518874","0.005526551503518874"
"891","0.005525271912987843","0.005525271912987843","0.005525271912987843"
"892","0.005523992322456814","0.005523992322456814","0.005523992322456814"
"893","0.005522712731925784","0.005522712731925784","0.005522712731925784"
"894","0.0055214331413947545","0.0055214331413947545","0.0055214331413947545"
"895","0.005520153550863723","0.005520153550863723","0.005520153550863723"
"896","0.005518873960332693","0.005518873960332693","0.005518873960332693"
"897","0.005517594369801664","0.005517594369801664","0.005517594369801664"
"898","0.005516314779270634","0.005516314779270634","0.005516314779270634"
"899","0.0055150351887396035","0.0055150351887396035","0.0055150351887396035"
"900","0.005513755598208573","0.005513755598208573","0.005513755598208573"
"901","0.005512476007677543","0.005512476007677543","0.005512476007677543"
"902","0.005511196417146514","0.005511196417146514","0.005511196417146514"
"903","0.005509916826615483","0.005509916826615483","0.005509916826615483"
"904","0.005508637236084453","0.005508637236084453","0.005508637236084453"
"905","0.005507357645553423","0.005507357645553423","0.005507357645553423"
"906","0.005506078055022393","0.005506078055022393","0.005506078055022393"
"907","0.005504798464491363","0.005504798464491363","0.005504798464491363"
"908","0.005503518873960333","0.005503518873960333","0.005503518873960333"
"909","0.0055022392834293025","0.0055022392834293025","0.0055022392834293025"
"910","0.005500959692898273","0.005500959692898273","0.005500959692898273"
"911","0.005499680102367242","0.005499680102367242","0.005499680102367242"
"912","0.005498400511836213","0.005498400511836213","0.005498400511836213"
"913","0.005497120921305183","0.005497120921305183","0.005497120921305183"
"914","0.005495841330774152","0.005495841330774152","0.005495841330774152"
"915","0.005494561740243122","0.005494561740243122","0.005494561740243122"
"916","0.005493282149712092","0.005493282149712092","0.005493282149712092"
"917","0.005492002559181062","0.005492002559181062","0.005492002559181062"
"918","0.0054907229686500325","0.0054907229686500325","0.0054907229686500325"
"919","0.0054894433781190015","0.0054894433781190015","0.0054894433781190015"
"920","0.005488163787587972","0.005488163787587972","0.005488163787587972"
"921","0.005486884197056942","0.005486884197056942","0.005486884197056942"
"922","0.005485604606525912","0.005485604606525912","0.005485604606525912"
"923","0.005484325015994882","0.005484325015994882","0.005484325015994882"
"924","0.005483045425463851","0.005483045425463851","0.005483045425463851"
"925","0.005481765834932822","0.005481765834932822","0.005481765834932822"
"926","0.005480486244401792","0.005480486244401792","0.005480486244401792"
"927","0.005479206653870761","0.005479206653870761","0.005479206653870761"
"928","0.0054779270633397315","0.0054779270633397315","0.0054779270633397315"
"929","0.005476647472808701","0.005476647472808701","0.005476647472808701"
"930","0.005475367882277671","0.005475367882277671","0.005475367882277671"
"931","0.005474088291746641","0.005474088291746641","0.005474088291746641"
"932","0.005472808701215611","0.005472808701215611","0.005472808701215611"
"933","0.0054715291106845814","0.0054715291106845814","0.0054715291106845814"
"934","0.005470249520153551","0.005470249520153551","0.005470249520153551"
"935","0.00546896992962252","0.00546896992962252","0.00546896992962252"
"936","0.005467690339091491","0.005467690339091491","0.005467690339091491"
"937","0.005466410748560461","0.005466410748560461","0.005466410748560461"
"938","0.005465131158029431","0.005465131158029431","0.005465131158029431"
"939","0.0054638515674984","0.0054638515674984","0.0054638515674984"
"940","0.00546257197696737","0.00546257197696737","0.00546257197696737"
"941","0.005461292386436341","0.005461292386436341","0.005461292386436341"
"942","0.005460012795905311","0.005460012795905311","0.005460012795905311"
"943","0.00545873320537428","0.00545873320537428","0.00545873320537428"
"944","0.00545745361484325","0.00545745361484325","0.00545745361484325"
"945","0.00545617402431222","0.00545617402431222","0.00545617402431222"
"946","0.005454894433781191","0.005454894433781191","0.005454894433781191"
"947","0.00545361484325016","0.00545361484325016","0.00545361484325016"
"948","0.0054523352527191295","0.0054523352527191295","0.0054523352527191295"
"949","0.0054510556621881","0.0054510556621881","0.0054510556621881"
"950","0.00544977607165707","0.00544977607165707","0.00544977607165707"
"951","0.00544849648112604","0.00544849648112604","0.00544849648112604"
"952","0.00544721689059501","0.00544721689059501","0.00544721689059501"
"953","0.005445937300063979","0.005445937300063979","0.005445937300063979"
"954","0.00544465770953295","0.00544465770953295","0.00544465770953295"
"955","0.005443378119001919","0.005443378119001919","0.005443378119001919"
"956","0.00544209852847089","0.00544209852847089","0.00544209852847089"
"957","0.0054408189379398595","0.0054408189379398595","0.0054408189379398595"
"958","0.005439539347408829","0.005439539347408829","0.005439539347408829"
"959","0.005438259756877799","0.005438259756877799","0.005438259756877799"
"960","0.005436980166346769","0.005436980166346769","0.005436980166346769"
"961","0.00543570057581574","0.00543570057581574","0.00543570057581574"
"962","0.005434420985284709","0.005434420985284709","0.005434420985284709"
"963","0.005433141394753678","0.005433141394753678","0.005433141394753678"
"964","0.005431861804222649","0.005431861804222649","0.005431861804222649"
"965","0.005430582213691619","0.005430582213691619","0.005430582213691619"
"966","0.005429302623160589","0.005429302623160589","0.005429302623160589"
"967","0.0054280230326295585","0.0054280230326295585","0.0054280230326295585"
"968","0.005426743442098528","0.005426743442098528","0.005426743442098528"
"969","0.005425463851567499","0.005425463851567499","0.005425463851567499"
"970","0.005424184261036469","0.005424184261036469","0.005424184261036469"
"971","0.005422904670505438","0.005422904670505438","0.005422904670505438"
"972","0.005421625079974408","0.005421625079974408","0.005421625079974408"
"973","0.005420345489443378","0.005420345489443378","0.005420345489443378"
"974","0.005419065898912349","0.005419065898912349","0.005419065898912349"
"975","0.005417786308381318","0.005417786308381318","0.005417786308381318"
"976","0.005416506717850288","0.005416506717850288","0.005416506717850288"
"977","0.005415227127319258","0.005415227127319258","0.005415227127319258"
"978","0.005413947536788228","0.005413947536788228","0.005413947536788228"
"979","0.005412667946257197","0.005412667946257197","0.005412667946257197"
"980","0.005411388355726168","0.005411388355726168","0.005411388355726168"
"981","0.0054101087651951376","0.0054101087651951376","0.0054101087651951376"
"982","0.005408829174664108","0.005408829174664108","0.005408829174664108"
"983","0.005407549584133077","0.005407549584133077","0.005407549584133077"
"984","0.005406269993602047","0.005406269993602047","0.005406269993602047"
"985","0.005404990403071018","0.005404990403071018","0.005404990403071018"
"986","0.0054037108125399875","0.0054037108125399875","0.0054037108125399875"
"987","0.005402431222008957","0.005402431222008957","0.005402431222008957"
"988","0.005401151631477927","0.005401151631477927","0.005401151631477927"
"989","0.005399872040946897","0.005399872040946897","0.005399872040946897"
"990","0.005398592450415868","0.005398592450415868","0.005398592450415868"
"991","0.0053973128598848365","0.0053973128598848365","0.0053973128598848365"
"992","0.005396033269353806","0.005396033269353806","0.005396033269353806"
"993","0.005394753678822777","0.005394753678822777","0.005394753678822777"
"994","0.005393474088291747","0.005393474088291747","0.005393474088291747"
"995","0.005392194497760717","0.005392194497760717","0.005392194497760717"
"996","0.0053909149072296865","0.0053909149072296865","0.0053909149072296865"
"997","0.005389635316698656","0.005389635316698656","0.005389635316698656"
"998","0.005388355726167627","0.005388355726167627","0.005388355726167627"
"999","0.005387076135636596","0.005387076135636596","0.005387076135636596"
"1000","0.005385796545105567","0.005385796545105567","0.005385796545105567"
"1001","0.005384516954574536","0.005384516954574536","0.005384516954574536"
"1002","0.005383237364043506","0.005383237364043506","0.005383237364043506"
"1003","0.005381957773512476","0.005381957773512476","0.005381957773512476"
"1004","0.005380678182981446","0.005380678182981446","0.005380678182981446"
"1005","0.0053793985924504165","0.0053793985924504165","0.0053793985924504165"
"1006","0.005378119001919386","0.005378119001919386","0.005378119001919386"
"1007","0.005376839411388355","0.005376839411388355","0.005376839411388355"
"1008","0.005375559820857326","0.005375559820857326","0.005375559820857326"
"1009","0.005374280230326296","0.005374280230326296","0.005374280230326296"
"1010","0.0053730006397952655","0.0053730006397952655","0.0053730006397952655"
"1011","0.005371721049264235","0.005371721049264235","0.005371721049264235"
"1012","0.005370441458733205","0.005370441458733205","0.005370441458733205"
"1013","0.005369161868202176","0.005369161868202176","0.005369161868202176"
"1014","0.005367882277671146","0.005367882277671146","0.005367882277671146"
"1015","0.005366602687140115","0.005366602687140115","0.005366602687140115"
"1016","0.005365323096609085","0.005365323096609085","0.005365323096609085"
"1017","0.005364043506078055","0.005364043506078055","0.005364043506078055"
"1018","0.005362763915547026","0.005362763915547026","0.005362763915547026"
"1019","0.005361484325015995","0.005361484325015995","0.005361484325015995"
"1020","0.0053602047344849645","0.0053602047344849645","0.0053602047344849645"
"1021","0.005358925143953935","0.005358925143953935","0.005358925143953935"
"1022","0.005357645553422905","0.005357645553422905","0.005357645553422905"
"1023","0.005356365962891874","0.005356365962891874","0.005356365962891874"
"1024","0.005355086372360845","0.005355086372360845","0.005355086372360845"
"1025","0.0053538067818298144","0.0053538067818298144","0.0053538067818298144"
"1026","0.005352527191298785","0.005352527191298785","0.005352527191298785"
"1027","0.005351247600767754","0.005351247600767754","0.005351247600767754"
"1028","0.005349968010236724","0.005349968010236724","0.005349968010236724"
"1029","0.0053486884197056946","0.0053486884197056946","0.0053486884197056946"
"1030","0.005347408829174664","0.005347408829174664","0.005347408829174664"
"1031","0.005346129238643634","0.005346129238643634","0.005346129238643634"
"1032","0.005344849648112604","0.005344849648112604","0.005344849648112604"
"1033","0.005343570057581574","0.005343570057581574","0.005343570057581574"
"1034","0.0053422904670505445","0.0053422904670505445","0.0053422904670505445"
"1035","0.005341010876519513","0.005341010876519513","0.005341010876519513"
"1036","0.005339731285988484","0.005339731285988484","0.005339731285988484"
"1037","0.005338451695457454","0.005338451695457454","0.005338451695457454"
"1038","0.005337172104926424","0.005337172104926424","0.005337172104926424"
"1039","0.0053358925143953935","0.0053358925143953935","0.0053358925143953935"
"1040","0.005334612923864363","0.005334612923864363","0.005334612923864363"
"1041","0.005333333333333333","0.005333333333333333","0.005333333333333333"
"1042","0.005332053742802304","0.005332053742802304","0.005332053742802304"
"1043","0.005330774152271273","0.005330774152271273","0.005330774152271273"
"1044","0.0053294945617402435","0.0053294945617402435","0.0053294945617402435"
"1045","0.005328214971209213","0.005328214971209213","0.005328214971209213"
"1046","0.005326935380678183","0.005326935380678183","0.005326935380678183"
"1047","0.005325655790147153","0.005325655790147153","0.005325655790147153"
"1048","0.005324376199616123","0.005324376199616123","0.005324376199616123"
"1049","0.005323096609085093","0.005323096609085093","0.005323096609085093"
"1050","0.005321817018554063","0.005321817018554063","0.005321817018554063"
"1051","0.005320537428023032","0.005320537428023032","0.005320537428023032"
"1052","0.005319257837492003","0.005319257837492003","0.005319257837492003"
"1053","0.005317978246960973","0.005317978246960973","0.005317978246960973"
"1054","0.005316698656429942","0.005316698656429942","0.005316698656429942"
"1055","0.005315419065898912","0.005315419065898912","0.005315419065898912"
"1056","0.005314139475367882","0.005314139475367882","0.005314139475367882"
"1057","0.005312859884836853","0.005312859884836853","0.005312859884836853"
"1058","0.0053115802943058225","0.0053115802943058225","0.0053115802943058225"
"1059","0.0053103007037747915","0.0053103007037747915","0.0053103007037747915"
"1060","0.005309021113243762","0.005309021113243762","0.005309021113243762"
"1061","0.005307741522712732","0.005307741522712732","0.005307741522712732"
"1062","0.005306461932181703","0.005306461932181703","0.005306461932181703"
"1063","0.005305182341650672","0.005305182341650672","0.005305182341650672"
"1064","0.005303902751119641","0.005303902751119641","0.005303902751119641"
"1065","0.005302623160588612","0.005302623160588612","0.005302623160588612"
"1066","0.005301343570057582","0.005301343570057582","0.005301343570057582"
"1067","0.005300063979526552","0.005300063979526552","0.005300063979526552"
"1068","0.0052987843889955215","0.0052987843889955215","0.0052987843889955215"
"1069","0.005297504798464491","0.005297504798464491","0.005297504798464491"
"1070","0.005296225207933462","0.005296225207933462","0.005296225207933462"
"1071","0.005294945617402431","0.005294945617402431","0.005294945617402431"
"1072","0.005293666026871401","0.005293666026871401","0.005293666026871401"
"1073","0.0052923864363403714","0.0052923864363403714","0.0052923864363403714"
"1074","0.005291106845809341","0.005291106845809341","0.005291106845809341"
"1075","0.005289827255278311","0.005289827255278311","0.005289827255278311"
"1076","0.005288547664747281","0.005288547664747281","0.005288547664747281"
"1077","0.005287268074216251","0.005287268074216251","0.005287268074216251"
"1078","0.005285988483685221","0.005285988483685221","0.005285988483685221"
"1079","0.00528470889315419","0.00528470889315419","0.00528470889315419"
"1080","0.005283429302623161","0.005283429302623161","0.005283429302623161"
"1081","0.005282149712092131","0.005282149712092131","0.005282149712092131"
"1082","0.005280870121561101","0.005280870121561101","0.005280870121561101"
"1083","0.00527959053103007","0.00527959053103007","0.00527959053103007"
"1084","0.00527831094049904","0.00527831094049904","0.00527831094049904"
"1085","0.00527703134996801","0.00527703134996801","0.00527703134996801"
"1086","0.005275751759436981","0.005275751759436981","0.005275751759436981"
"1087","0.00527447216890595","0.00527447216890595","0.00527447216890595"
"1088","0.00527319257837492","0.00527319257837492","0.00527319257837492"
"1089","0.00527191298784389","0.00527191298784389","0.00527191298784389"
"1090","0.00527063339731286","0.00527063339731286","0.00527063339731286"
"1091","0.00526935380678183","0.00526935380678183","0.00526935380678183"
"1092","0.0052680742162508","0.0052680742162508","0.0052680742162508"
"1093","0.00526679462571977","0.00526679462571977","0.00526679462571977"
"1094","0.00526551503518874","0.00526551503518874","0.00526551503518874"
"1095","0.005264235444657709","0.005264235444657709","0.005264235444657709"
"1096","0.00526295585412668","0.00526295585412668","0.00526295585412668"
"1097","0.0052616762635956495","0.0052616762635956495","0.0052616762635956495"
"1098","0.005260396673064619","0.005260396673064619","0.005260396673064619"
"1099","0.005259117082533589","0.005259117082533589","0.005259117082533589"
"1100","0.005257837492002559","0.005257837492002559","0.005257837492002559"
"1101","0.00525655790147153","0.00525655790147153","0.00525655790147153"
"1102","0.005255278310940499","0.005255278310940499","0.005255278310940499"
"1103","0.005253998720409469","0.005253998720409469","0.005253998720409469"
"1104","0.005252719129878439","0.005252719129878439","0.005252719129878439"
"1105","0.005251439539347409","0.005251439539347409","0.005251439539347409"
"1106","0.0052501599488163795","0.0052501599488163795","0.0052501599488163795"
"1107","0.0052488803582853485","0.0052488803582853485","0.0052488803582853485"
"1108","0.005247600767754318","0.005247600767754318","0.005247600767754318"
"1109","0.005246321177223289","0.005246321177223289","0.005246321177223289"
"1110","0.005245041586692259","0.005245041586692259","0.005245041586692259"
"1111","0.005243761996161229","0.005243761996161229","0.005243761996161229"
"1112","0.005242482405630198","0.005242482405630198","0.005242482405630198"
"1113","0.005241202815099168","0.005241202815099168","0.005241202815099168"
"1114","0.005239923224568139","0.005239923224568139","0.005239923224568139"
"1115","0.005238643634037108","0.005238643634037108","0.005238643634037108"
"1116","0.005237364043506078","0.005237364043506078","0.005237364043506078"
"1117","0.005236084452975048","0.005236084452975048","0.005236084452975048"
"1118","0.005234804862444018","0.005234804862444018","0.005234804862444018"
"1119","0.005233525271912988","0.005233525271912988","0.005233525271912988"
"1120","0.005232245681381958","0.005232245681381958","0.005232245681381958"
"1121","0.0052309660908509276","0.0052309660908509276","0.0052309660908509276"
"1122","0.005229686500319898","0.005229686500319898","0.005229686500319898"
"1123","0.005228406909788867","0.005228406909788867","0.005228406909788867"
"1124","0.005227127319257838","0.005227127319257838","0.005227127319257838"
"1125","0.005225847728726808","0.005225847728726808","0.005225847728726808"
"1126","0.0052245681381957775","0.0052245681381957775","0.0052245681381957775"
"1127","0.005223288547664747","0.005223288547664747","0.005223288547664747"
"1128","0.005222008957133717","0.005222008957133717","0.005222008957133717"
"1129","0.005220729366602687","0.005220729366602687","0.005220729366602687"
"1130","0.005219449776071658","0.005219449776071658","0.005219449776071658"
"1131","0.0052181701855406265","0.0052181701855406265","0.0052181701855406265"
"1132","0.005216890595009597","0.005216890595009597","0.005216890595009597"
"1133","0.005215611004478567","0.005215611004478567","0.005215611004478567"
"1134","0.005214331413947537","0.005214331413947537","0.005214331413947537"
"1135","0.005213051823416507","0.005213051823416507","0.005213051823416507"
"1136","0.0052117722328854765","0.0052117722328854765","0.0052117722328854765"
"1137","0.005210492642354447","0.005210492642354447","0.005210492642354447"
"1138","0.005209213051823417","0.005209213051823417","0.005209213051823417"
"1139","0.005207933461292386","0.005207933461292386","0.005207933461292386"
"1140","0.005206653870761357","0.005206653870761357","0.005206653870761357"
"1141","0.005205374280230326","0.005205374280230326","0.005205374280230326"
"1142","0.005204094689699296","0.005204094689699296","0.005204094689699296"
"1143","0.005202815099168266","0.005202815099168266","0.005202815099168266"
"1144","0.005201535508637236","0.005201535508637236","0.005201535508637236"
"1145","0.0052002559181062065","0.0052002559181062065","0.0052002559181062065"
"1146","0.005198976327575176","0.005198976327575176","0.005198976327575176"
"1147","0.005197696737044146","0.005197696737044146","0.005197696737044146"
"1148","0.005196417146513116","0.005196417146513116","0.005196417146513116"
"1149","0.005195137555982086","0.005195137555982086","0.005195137555982086"
"1150","0.005193857965451056","0.005193857965451056","0.005193857965451056"
"1151","0.005192578374920025","0.005192578374920025","0.005192578374920025"
"1152","0.005191298784388995","0.005191298784388995","0.005191298784388995"
"1153","0.005190019193857966","0.005190019193857966","0.005190019193857966"
"1154","0.005188739603326936","0.005188739603326936","0.005188739603326936"
"1155","0.0051874600127959055","0.0051874600127959055","0.0051874600127959055"
"1156","0.005186180422264875","0.005186180422264875","0.005186180422264875"
"1157","0.005184900831733845","0.005184900831733845","0.005184900831733845"
"1158","0.005183621241202816","0.005183621241202816","0.005183621241202816"
"1159","0.005182341650671785","0.005182341650671785","0.005182341650671785"
"1160","0.0051810620601407545","0.0051810620601407545","0.0051810620601407545"
"1161","0.005179782469609725","0.005179782469609725","0.005179782469609725"
"1162","0.005178502879078695","0.005178502879078695","0.005178502879078695"
"1163","0.005177223288547665","0.005177223288547665","0.005177223288547665"
"1164","0.005175943698016635","0.005175943698016635","0.005175943698016635"
"1165","0.0051746641074856044","0.0051746641074856044","0.0051746641074856044"
"1166","0.005173384516954575","0.005173384516954575","0.005173384516954575"
"1167","0.005172104926423544","0.005172104926423544","0.005172104926423544"
"1168","0.005170825335892515","0.005170825335892515","0.005170825335892515"
"1169","0.0051695457453614846","0.0051695457453614846","0.0051695457453614846"
"1170","0.005168266154830454","0.005168266154830454","0.005168266154830454"
"1171","0.005166986564299424","0.005166986564299424","0.005166986564299424"
"1172","0.005165706973768394","0.005165706973768394","0.005165706973768394"
"1173","0.005164427383237364","0.005164427383237364","0.005164427383237364"
"1174","0.0051631477927063345","0.0051631477927063345","0.0051631477927063345"
"1175","0.005161868202175303","0.005161868202175303","0.005161868202175303"
"1176","0.005160588611644274","0.005160588611644274","0.005160588611644274"
"1177","0.005159309021113244","0.005159309021113244","0.005159309021113244"
"1178","0.005158029430582214","0.005158029430582214","0.005158029430582214"
"1179","0.0051567498400511835","0.0051567498400511835","0.0051567498400511835"
"1180","0.005155470249520153","0.005155470249520153","0.005155470249520153"
"1181","0.005154190658989124","0.005154190658989124","0.005154190658989124"
"1182","0.005152911068458094","0.005152911068458094","0.005152911068458094"
"1183","0.005151631477927064","0.005151631477927064","0.005151631477927064"
"1184","0.0051503518873960335","0.0051503518873960335","0.0051503518873960335"
"1185","0.005149072296865003","0.005149072296865003","0.005149072296865003"
"1186","0.005147792706333974","0.005147792706333974","0.005147792706333974"
"1187","0.005146513115802943","0.005146513115802943","0.005146513115802943"
"1188","0.005145233525271913","0.005145233525271913","0.005145233525271913"
"1189","0.005143953934740883","0.005143953934740883","0.005143953934740883"
"1190","0.005142674344209853","0.005142674344209853","0.005142674344209853"
"1191","0.005141394753678823","0.005141394753678823","0.005141394753678823"
"1192","0.005140115163147793","0.005140115163147793","0.005140115163147793"
"1193","0.005138835572616763","0.005138835572616763","0.005138835572616763"
"1194","0.005137555982085733","0.005137555982085733","0.005137555982085733"
"1195","0.005136276391554702","0.005136276391554702","0.005136276391554702"
"1196","0.005134996801023672","0.005134996801023672","0.005134996801023672"
"1197","0.005133717210492643","0.005133717210492643","0.005133717210492643"
"1198","0.0051324376199616125","0.0051324376199616125","0.0051324376199616125"
"1199","0.005131158029430582","0.005131158029430582","0.005131158029430582"
"1200","0.005129878438899552","0.005129878438899552","0.005129878438899552"
"1201","0.005128598848368522","0.005128598848368522","0.005128598848368522"
"1202","0.005127319257837493","0.005127319257837493","0.005127319257837493"
"1203","0.005126039667306462","0.005126039667306462","0.005126039667306462"
"1204","0.005124760076775431","0.005124760076775431","0.005124760076775431"
"1205","0.005123480486244402","0.005123480486244402","0.005123480486244402"
"1206","0.005122200895713372","0.005122200895713372","0.005122200895713372"
"1207","0.005120921305182342","0.005120921305182342","0.005120921305182342"
"1208","0.0051196417146513115","0.0051196417146513115","0.0051196417146513115"
"1209","0.005118362124120281","0.005118362124120281","0.005118362124120281"
"1210","0.005117082533589252","0.005117082533589252","0.005117082533589252"
"1211","0.005115802943058221","0.005115802943058221","0.005115802943058221"
"1212","0.005114523352527192","0.005114523352527192","0.005114523352527192"
"1213","0.0051132437619961614","0.0051132437619961614","0.0051132437619961614"
"1214","0.005111964171465131","0.005111964171465131","0.005111964171465131"
"1215","0.005110684580934101","0.005110684580934101","0.005110684580934101"
"1216","0.005109404990403071","0.005109404990403071","0.005109404990403071"
"1217","0.005108125399872041","0.005108125399872041","0.005108125399872041"
"1218","0.005106845809341011","0.005106845809341011","0.005106845809341011"
"1219","0.00510556621880998","0.00510556621880998","0.00510556621880998"
"1220","0.005104286628278951","0.005104286628278951","0.005104286628278951"
"1221","0.005103007037747921","0.005103007037747921","0.005103007037747921"
"1222","0.005101727447216891","0.005101727447216891","0.005101727447216891"
"1223","0.00510044785668586","0.00510044785668586","0.00510044785668586"
"1224","0.00509916826615483","0.00509916826615483","0.00509916826615483"
"1225","0.005097888675623801","0.005097888675623801","0.005097888675623801"
"1226","0.005096609085092771","0.005096609085092771","0.005096609085092771"
"1227","0.0050953294945617405","0.0050953294945617405","0.0050953294945617405"
"1228","0.00509404990403071","0.00509404990403071","0.00509404990403071"
"1229","0.00509277031349968","0.00509277031349968","0.00509277031349968"
"1230","0.005091490722968651","0.005091490722968651","0.005091490722968651"
"1231","0.00509021113243762","0.00509021113243762","0.00509021113243762"
"1232","0.00508893154190659","0.00508893154190659","0.00508893154190659"
"1233","0.00508765195137556","0.00508765195137556","0.00508765195137556"
"1234","0.00508637236084453","0.00508637236084453","0.00508637236084453"
"1235","0.0050850927703135","0.0050850927703135","0.0050850927703135"
"1236","0.00508381317978247","0.00508381317978247","0.00508381317978247"
"1237","0.0050825335892514395","0.0050825335892514395","0.0050825335892514395"
"1238","0.00508125399872041","0.00508125399872041","0.00508125399872041"
"1239","0.005079974408189379","0.005079974408189379","0.005079974408189379"
"1240","0.005078694817658349","0.005078694817658349","0.005078694817658349"
"1241","0.00507741522712732","0.00507741522712732","0.00507741522712732"
"1242","0.005076135636596289","0.005076135636596289","0.005076135636596289"
"1243","0.005074856046065259","0.005074856046065259","0.005074856046065259"
"1244","0.005073576455534229","0.005073576455534229","0.005073576455534229"
"1245","0.005072296865003199","0.005072296865003199","0.005072296865003199"
"1246","0.0050710172744721695","0.0050710172744721695","0.0050710172744721695"
"1247","0.0050697376839411385","0.0050697376839411385","0.0050697376839411385"
"1248","0.005068458093410108","0.005068458093410108","0.005068458093410108"
"1249","0.005067178502879079","0.005067178502879079","0.005067178502879079"
"1250","0.005065898912348049","0.005065898912348049","0.005065898912348049"
"1251","0.005064619321817019","0.005064619321817019","0.005064619321817019"
"1252","0.005063339731285988","0.005063339731285988","0.005063339731285988"
"1253","0.005062060140754958","0.005062060140754958","0.005062060140754958"
"1254","0.005060780550223929","0.005060780550223929","0.005060780550223929"
"1255","0.005059500959692898","0.005059500959692898","0.005059500959692898"
"1256","0.0050582213691618685","0.0050582213691618685","0.0050582213691618685"
"1257","0.005056941778630838","0.005056941778630838","0.005056941778630838"
"1258","0.005055662188099808","0.005055662188099808","0.005055662188099808"
"1259","0.005054382597568778","0.005054382597568778","0.005054382597568778"
"1260","0.005053103007037748","0.005053103007037748","0.005053103007037748"
"1261","0.005051823416506718","0.005051823416506718","0.005051823416506718"
"1262","0.005050543825975688","0.005050543825975688","0.005050543825975688"
"1263","0.005049264235444658","0.005049264235444658","0.005049264235444658"
"1264","0.005047984644913628","0.005047984644913628","0.005047984644913628"
"1265","0.005046705054382598","0.005046705054382598","0.005046705054382598"
"1266","0.0050454254638515675","0.0050454254638515675","0.0050454254638515675"
"1267","0.005044145873320537","0.005044145873320537","0.005044145873320537"
"1268","0.005042866282789507","0.005042866282789507","0.005042866282789507"
"1269","0.005041586692258478","0.005041586692258478","0.005041586692258478"
"1270","0.005040307101727448","0.005040307101727448","0.005040307101727448"
"1271","0.005039027511196417","0.005039027511196417","0.005039027511196417"
"1272","0.005037747920665387","0.005037747920665387","0.005037747920665387"
"1273","0.005036468330134357","0.005036468330134357","0.005036468330134357"
"1274","0.005035188739603328","0.005035188739603328","0.005035188739603328"
"1275","0.005033909149072297","0.005033909149072297","0.005033909149072297"
"1276","0.0050326295585412665","0.0050326295585412665","0.0050326295585412665"
"1277","0.005031349968010237","0.005031349968010237","0.005031349968010237"
"1278","0.005030070377479207","0.005030070377479207","0.005030070377479207"
"1279","0.005028790786948177","0.005028790786948177","0.005028790786948177"
"1280","0.005027511196417147","0.005027511196417147","0.005027511196417147"
"1281","0.005026231605886116","0.005026231605886116","0.005026231605886116"
"1282","0.005024952015355087","0.005024952015355087","0.005024952015355087"
"1283","0.005023672424824056","0.005023672424824056","0.005023672424824056"
"1284","0.005022392834293026","0.005022392834293026","0.005022392834293026"
"1285","0.0050211132437619965","0.0050211132437619965","0.0050211132437619965"
"1286","0.005019833653230966","0.005019833653230966","0.005019833653230966"
"1287","0.005018554062699936","0.005018554062699936","0.005018554062699936"
"1288","0.005017274472168906","0.005017274472168906","0.005017274472168906"
"1289","0.005015994881637876","0.005015994881637876","0.005015994881637876"
"1290","0.005014715291106846","0.005014715291106846","0.005014715291106846"
"1291","0.005013435700575815","0.005013435700575815","0.005013435700575815"
"1292","0.005012156110044785","0.005012156110044785","0.005012156110044785"
"1293","0.005010876519513756","0.005010876519513756","0.005010876519513756"
"1294","0.005009596928982726","0.005009596928982726","0.005009596928982726"
"1295","0.0050083173384516955","0.0050083173384516955","0.0050083173384516955"
"1296","0.005007037747920665","0.005007037747920665","0.005007037747920665"
"1297","0.005005758157389635","0.005005758157389635","0.005005758157389635"
"1298","0.005004478566858606","0.005004478566858606","0.005004478566858606"
"1299","0.005003198976327576","0.005003198976327576","0.005003198976327576"
"1300","0.005001919385796545","0.005001919385796545","0.005001919385796545"
"1301","0.005000639795265515","0.005000639795265515","0.005000639795265515"
"1302","0.004999360204734485","0.004999360204734485","0.004999360204734485"
"1303","0.004998080614203455","0.004998080614203455","0.004998080614203455"
"1304","0.004996801023672425","0.004996801023672425","0.004996801023672425"
"1305","0.004995521433141395","0.004995521433141395","0.004995521433141395"
"1306","0.004994241842610365","0.004994241842610365","0.004994241842610365"
"1307","0.004992962252079335","0.004992962252079335","0.004992962252079335"
"1308","0.004991682661548305","0.004991682661548305","0.004991682661548305"
"1309","0.0049904030710172746","0.0049904030710172746","0.0049904030710172746"
"1310","0.004989123480486244","0.004989123480486244","0.004989123480486244"
"1311","0.004987843889955214","0.004987843889955214","0.004987843889955214"
"1312","0.004986564299424184","0.004986564299424184","0.004986564299424184"
"1313","0.004985284708893155","0.004985284708893155","0.004985284708893155"
"1314","0.0049840051183621245","0.0049840051183621245","0.0049840051183621245"
"1315","0.004982725527831094","0.004982725527831094","0.004982725527831094"
"1316","0.004981445937300064","0.004981445937300064","0.004981445937300064"
"1317","0.004980166346769034","0.004980166346769034","0.004980166346769034"
"1318","0.004978886756238005","0.004978886756238005","0.004978886756238005"
"1319","0.0049776071657069735","0.0049776071657069735","0.0049776071657069735"
"1320","0.004976327575175943","0.004976327575175943","0.004976327575175943"
"1321","0.004975047984644914","0.004975047984644914","0.004975047984644914"
"1322","0.004973768394113884","0.004973768394113884","0.004973768394113884"
"1323","0.004972488803582854","0.004972488803582854","0.004972488803582854"
"1324","0.0049712092130518235","0.0049712092130518235","0.0049712092130518235"
"1325","0.004969929622520793","0.004969929622520793","0.004969929622520793"
"1326","0.004968650031989764","0.004968650031989764","0.004968650031989764"
"1327","0.004967370441458733","0.004967370441458733","0.004967370441458733"
"1328","0.004966090850927703","0.004966090850927703","0.004966090850927703"
"1329","0.004964811260396673","0.004964811260396673","0.004964811260396673"
"1330","0.004963531669865643","0.004963531669865643","0.004963531669865643"
"1331","0.004962252079334613","0.004962252079334613","0.004962252079334613"
"1332","0.004960972488803583","0.004960972488803583","0.004960972488803583"
"1333","0.004959692898272553","0.004959692898272553","0.004959692898272553"
"1334","0.004958413307741523","0.004958413307741523","0.004958413307741523"
"1335","0.004957133717210492","0.004957133717210492","0.004957133717210492"
"1336","0.004955854126679463","0.004955854126679463","0.004955854126679463"
"1337","0.004954574536148433","0.004954574536148433","0.004954574536148433"
"1338","0.0049532949456174025","0.0049532949456174025","0.0049532949456174025"
"1339","0.004952015355086372","0.004952015355086372","0.004952015355086372"
"1340","0.004950735764555342","0.004950735764555342","0.004950735764555342"
"1341","0.004949456174024312","0.004949456174024312","0.004949456174024312"
"1342","0.004948176583493283","0.004948176583493283","0.004948176583493283"
"1343","0.0049468969929622525","0.0049468969929622525","0.0049468969929622525"
"1344","0.004945617402431222","0.004945617402431222","0.004945617402431222"
"1345","0.004944337811900192","0.004944337811900192","0.004944337811900192"
"1346","0.004943058221369162","0.004943058221369162","0.004943058221369162"
"1347","0.004941778630838132","0.004941778630838132","0.004941778630838132"
"1348","0.0049404990403071015","0.0049404990403071015","0.0049404990403071015"
"1349","0.004939219449776072","0.004939219449776072","0.004939219449776072"
"1350","0.004937939859245042","0.004937939859245042","0.004937939859245042"
"1351","0.004936660268714012","0.004936660268714012","0.004936660268714012"
"1352","0.004935380678182982","0.004935380678182982","0.004935380678182982"
"1353","0.0049341010876519514","0.0049341010876519514","0.0049341010876519514"
"1354","0.004932821497120921","0.004932821497120921","0.004932821497120921"
"1355","0.004931541906589891","0.004931541906589891","0.004931541906589891"
"1356","0.004930262316058861","0.004930262316058861","0.004930262316058861"
"1357","0.0049289827255278315","0.0049289827255278315","0.0049289827255278315"
"1358","0.004927703134996801","0.004927703134996801","0.004927703134996801"
"1359","0.004926423544465771","0.004926423544465771","0.004926423544465771"
"1360","0.004925143953934741","0.004925143953934741","0.004925143953934741"
"1361","0.004923864363403711","0.004923864363403711","0.004923864363403711"
"1362","0.0049225847728726815","0.0049225847728726815","0.0049225847728726815"
"1363","0.00492130518234165","0.00492130518234165","0.00492130518234165"
"1364","0.00492002559181062","0.00492002559181062","0.00492002559181062"
"1365","0.004918746001279591","0.004918746001279591","0.004918746001279591"
"1366","0.004917466410748561","0.004917466410748561","0.004917466410748561"
"1367","0.0049161868202175305","0.0049161868202175305","0.0049161868202175305"
"1368","0.0049149072296865","0.0049149072296865","0.0049149072296865"
"1369","0.00491362763915547","0.00491362763915547","0.00491362763915547"
"1370","0.004912348048624441","0.004912348048624441","0.004912348048624441"
"1371","0.00491106845809341","0.00491106845809341","0.00491106845809341"
"1372","0.00490978886756238","0.00490978886756238","0.00490978886756238"
"1373","0.00490850927703135","0.00490850927703135","0.00490850927703135"
"1374","0.00490722968650032","0.00490722968650032","0.00490722968650032"
"1375","0.00490595009596929","0.00490595009596929","0.00490595009596929"
"1376","0.00490467050543826","0.00490467050543826","0.00490467050543826"
"1377","0.0049033909149072295","0.0049033909149072295","0.0049033909149072295"
"1378","0.0049021113243762","0.0049021113243762","0.0049021113243762"
"1379","0.00490083173384517","0.00490083173384517","0.00490083173384517"
"1380","0.00489955214331414","0.00489955214331414","0.00489955214331414"
"1381","0.00489827255278311","0.00489827255278311","0.00489827255278311"
"1382","0.004896992962252079","0.004896992962252079","0.004896992962252079"
"1383","0.004895713371721049","0.004895713371721049","0.004895713371721049"
"1384","0.004894433781190019","0.004894433781190019","0.004894433781190019"
"1385","0.004893154190658989","0.004893154190658989","0.004893154190658989"
"1386","0.0048918746001279595","0.0048918746001279595","0.0048918746001279595"
"1387","0.004890595009596929","0.004890595009596929","0.004890595009596929"
"1388","0.004889315419065899","0.004889315419065899","0.004889315419065899"
"1389","0.004888035828534869","0.004888035828534869","0.004888035828534869"
"1390","0.004886756238003839","0.004886756238003839","0.004886756238003839"
"1391","0.004885476647472809","0.004885476647472809","0.004885476647472809"
"1392","0.004884197056941778","0.004884197056941778","0.004884197056941778"
"1393","0.004882917466410749","0.004882917466410749","0.004882917466410749"
"1394","0.004881637875879719","0.004881637875879719","0.004881637875879719"
"1395","0.004880358285348689","0.004880358285348689","0.004880358285348689"
"1396","0.0048790786948176585","0.0048790786948176585","0.0048790786948176585"
"1397","0.004877799104286628","0.004877799104286628","0.004877799104286628"
"1398","0.004876519513755598","0.004876519513755598","0.004876519513755598"
"1399","0.004875239923224568","0.004875239923224568","0.004875239923224568"
"1400","0.004873960332693538","0.004873960332693538","0.004873960332693538"
"1401","0.004872680742162508","0.004872680742162508","0.004872680742162508"
"1402","0.004871401151631478","0.004871401151631478","0.004871401151631478"
"1403","0.004870121561100448","0.004870121561100448","0.004870121561100448"
"1404","0.004868841970569418","0.004868841970569418","0.004868841970569418"
"1405","0.004867562380038388","0.004867562380038388","0.004867562380038388"
"1406","0.004866282789507358","0.004866282789507358","0.004866282789507358"
"1407","0.004865003198976327","0.004865003198976327","0.004865003198976327"
"1408","0.004863723608445297","0.004863723608445297","0.004863723608445297"
"1409","0.004862444017914268","0.004862444017914268","0.004862444017914268"
"1410","0.004861164427383238","0.004861164427383238","0.004861164427383238"
"1411","0.004859884836852207","0.004859884836852207","0.004859884836852207"
"1412","0.004858605246321177","0.004858605246321177","0.004858605246321177"
"1413","0.004857325655790147","0.004857325655790147","0.004857325655790147"
"1414","0.004856046065259118","0.004856046065259118","0.004856046065259118"
"1415","0.0048547664747280875","0.0048547664747280875","0.0048547664747280875"
"1416","0.0048534868841970565","0.0048534868841970565","0.0048534868841970565"
"1417","0.004852207293666027","0.004852207293666027","0.004852207293666027"
"1418","0.004850927703134997","0.004850927703134997","0.004850927703134997"
"1419","0.004849648112603967","0.004849648112603967","0.004849648112603967"
"1420","0.004848368522072937","0.004848368522072937","0.004848368522072937"
"1421","0.004847088931541906","0.004847088931541906","0.004847088931541906"
"1422","0.004845809341010877","0.004845809341010877","0.004845809341010877"
"1423","0.004844529750479847","0.004844529750479847","0.004844529750479847"
"1424","0.004843250159948817","0.004843250159948817","0.004843250159948817"
"1425","0.0048419705694177865","0.0048419705694177865","0.0048419705694177865"
"1426","0.004840690978886756","0.004840690978886756","0.004840690978886756"
"1427","0.004839411388355726","0.004839411388355726","0.004839411388355726"
"1428","0.004838131797824696","0.004838131797824696","0.004838131797824696"
"1429","0.004836852207293666","0.004836852207293666","0.004836852207293666"
"1430","0.004835572616762636","0.004835572616762636","0.004835572616762636"
"1431","0.004834293026231606","0.004834293026231606","0.004834293026231606"
"1432","0.004833013435700576","0.004833013435700576","0.004833013435700576"
"1433","0.004831733845169546","0.004831733845169546","0.004831733845169546"
"1434","0.004830454254638516","0.004830454254638516","0.004830454254638516"
"1435","0.0048291746641074855","0.0048291746641074855","0.0048291746641074855"
"1436","0.004827895073576455","0.004827895073576455","0.004827895073576455"
"1437","0.004826615483045426","0.004826615483045426","0.004826615483045426"
"1438","0.004825335892514396","0.004825335892514396","0.004825335892514396"
"1439","0.004824056301983366","0.004824056301983366","0.004824056301983366"
"1440","0.004822776711452335","0.004822776711452335","0.004822776711452335"
"1441","0.004821497120921305","0.004821497120921305","0.004821497120921305"
"1442","0.004820217530390275","0.004820217530390275","0.004820217530390275"
"1443","0.004818937939859245","0.004818937939859245","0.004818937939859245"
"1444","0.004817658349328215","0.004817658349328215","0.004817658349328215"
"1445","0.004816378758797185","0.004816378758797185","0.004816378758797185"
"1446","0.004815099168266155","0.004815099168266155","0.004815099168266155"
"1447","0.004813819577735125","0.004813819577735125","0.004813819577735125"
"1448","0.004812539987204095","0.004812539987204095","0.004812539987204095"
"1449","0.0048112603966730646","0.0048112603966730646","0.0048112603966730646"
"1450","0.004809980806142035","0.004809980806142035","0.004809980806142035"
"1451","0.004808701215611004","0.004808701215611004","0.004808701215611004"
"1452","0.004807421625079974","0.004807421625079974","0.004807421625079974"
"1453","0.004806142034548945","0.004806142034548945","0.004806142034548945"
"1454","0.0048048624440179145","0.0048048624440179145","0.0048048624440179145"
"1455","0.004803582853486884","0.004803582853486884","0.004803582853486884"
"1456","0.004802303262955854","0.004802303262955854","0.004802303262955854"
"1457","0.004801023672424824","0.004801023672424824","0.004801023672424824"
"1458","0.004799744081893795","0.004799744081893795","0.004799744081893795"
"1459","0.004798464491362764","0.004798464491362764","0.004798464491362764"
"1460","0.004797184900831733","0.004797184900831733","0.004797184900831733"
"1461","0.004795905310300704","0.004795905310300704","0.004795905310300704"
"1462","0.004794625719769674","0.004794625719769674","0.004794625719769674"
"1463","0.004793346129238644","0.004793346129238644","0.004793346129238644"
"1464","0.0047920665387076134","0.0047920665387076134","0.0047920665387076134"
"1465","0.004790786948176583","0.004790786948176583","0.004790786948176583"
"1466","0.004789507357645554","0.004789507357645554","0.004789507357645554"
"1467","0.004788227767114524","0.004788227767114524","0.004788227767114524"
"1468","0.0047869481765834936","0.0047869481765834936","0.0047869481765834936"
"1469","0.004785668586052463","0.004785668586052463","0.004785668586052463"
"1470","0.004784388995521433","0.004784388995521433","0.004784388995521433"
"1471","0.004783109404990403","0.004783109404990403","0.004783109404990403"
"1472","0.004781829814459373","0.004781829814459373","0.004781829814459373"
"1473","0.004780550223928343","0.004780550223928343","0.004780550223928343"
"1474","0.004779270633397313","0.004779270633397313","0.004779270633397313"
"1475","0.004777991042866283","0.004777991042866283","0.004777991042866283"
"1476","0.004776711452335253","0.004776711452335253","0.004776711452335253"
"1477","0.004775431861804223","0.004775431861804223","0.004775431861804223"
"1478","0.0047741522712731925","0.0047741522712731925","0.0047741522712731925"
"1479","0.004772872680742162","0.004772872680742162","0.004772872680742162"
"1480","0.004771593090211132","0.004771593090211132","0.004771593090211132"
"1481","0.004770313499680103","0.004770313499680103","0.004770313499680103"
"1482","0.004769033909149073","0.004769033909149073","0.004769033909149073"
"1483","0.0047677543186180425","0.0047677543186180425","0.0047677543186180425"
"1484","0.004766474728087012","0.004766474728087012","0.004766474728087012"
"1485","0.004765195137555982","0.004765195137555982","0.004765195137555982"
"1486","0.004763915547024953","0.004763915547024953","0.004763915547024953"
"1487","0.004762635956493922","0.004762635956493922","0.004762635956493922"
"1488","0.0047613563659628915","0.0047613563659628915","0.0047613563659628915"
"1489","0.004760076775431862","0.004760076775431862","0.004760076775431862"
"1490","0.004758797184900832","0.004758797184900832","0.004758797184900832"
"1491","0.004757517594369802","0.004757517594369802","0.004757517594369802"
"1492","0.004756238003838772","0.004756238003838772","0.004756238003838772"
"1493","0.004754958413307741","0.004754958413307741","0.004754958413307741"
"1494","0.004753678822776712","0.004753678822776712","0.004753678822776712"
"1495","0.004752399232245682","0.004752399232245682","0.004752399232245682"
"1496","0.004751119641714651","0.004751119641714651","0.004751119641714651"
"1497","0.0047498400511836215","0.0047498400511836215","0.0047498400511836215"
"1498","0.004748560460652591","0.004748560460652591","0.004748560460652591"
"1499","0.004747280870121561","0.004747280870121561","0.004747280870121561"
"1500","0.004746001279590531","0.004746001279590531","0.004746001279590531"
"1501","0.004744721689059501","0.004744721689059501","0.004744721689059501"
"1502","0.0047434420985284715","0.0047434420985284715","0.0047434420985284715"
"1503","0.004742162507997441","0.004742162507997441","0.004742162507997441"
"1504","0.00474088291746641","0.00474088291746641","0.00474088291746641"
"1505","0.004739603326935381","0.004739603326935381","0.004739603326935381"
"1506","0.004738323736404351","0.004738323736404351","0.004738323736404351"
"1507","0.0047370441458733205","0.0047370441458733205","0.0047370441458733205"
"1508","0.00473576455534229","0.00473576455534229","0.00473576455534229"
"1509","0.00473448496481126","0.00473448496481126","0.00473448496481126"
"1510","0.004733205374280231","0.004733205374280231","0.004733205374280231"
"1511","0.004731925783749201","0.004731925783749201","0.004731925783749201"
"1512","0.0047306461932181704","0.0047306461932181704","0.0047306461932181704"
"1513","0.00472936660268714","0.00472936660268714","0.00472936660268714"
"1514","0.00472808701215611","0.00472808701215611","0.00472808701215611"
"1515","0.00472680742162508","0.00472680742162508","0.00472680742162508"
"1516","0.00472552783109405","0.00472552783109405","0.00472552783109405"
"1517","0.0047242482405630195","0.0047242482405630195","0.0047242482405630195"
"1518","0.00472296865003199","0.00472296865003199","0.00472296865003199"
"1519","0.00472168905950096","0.00472168905950096","0.00472168905950096"
"1520","0.00472040946896993","0.00472040946896993","0.00472040946896993"
"1521","0.0047191298784389","0.0047191298784389","0.0047191298784389"
"1522","0.004717850287907869","0.004717850287907869","0.004717850287907869"
"1523","0.004716570697376839","0.004716570697376839","0.004716570697376839"
"1524","0.004715291106845809","0.004715291106845809","0.004715291106845809"
"1525","0.00471401151631478","0.00471401151631478","0.00471401151631478"
"1526","0.0047127319257837495","0.0047127319257837495","0.0047127319257837495"
"1527","0.004711452335252719","0.004711452335252719","0.004711452335252719"
"1528","0.004710172744721689","0.004710172744721689","0.004710172744721689"
"1529","0.004708893154190659","0.004708893154190659","0.004708893154190659"
"1530","0.00470761356365963","0.00470761356365963","0.00470761356365963"
"1531","0.004706333973128599","0.004706333973128599","0.004706333973128599"
"1532","0.004705054382597568","0.004705054382597568","0.004705054382597568"
"1533","0.004703774792066539","0.004703774792066539","0.004703774792066539"
"1534","0.004702495201535509","0.004702495201535509","0.004702495201535509"
"1535","0.004701215611004479","0.004701215611004479","0.004701215611004479"
"1536","0.0046999360204734485","0.0046999360204734485","0.0046999360204734485"
"1537","0.004698656429942418","0.004698656429942418","0.004698656429942418"
"1538","0.004697376839411389","0.004697376839411389","0.004697376839411389"
"1539","0.004696097248880359","0.004696097248880359","0.004696097248880359"
"1540","0.004694817658349328","0.004694817658349328","0.004694817658349328"
"1541","0.004693538067818298","0.004693538067818298","0.004693538067818298"
"1542","0.004692258477287268","0.004692258477287268","0.004692258477287268"
"1543","0.004690978886756238","0.004690978886756238","0.004690978886756238"
"1544","0.004689699296225208","0.004689699296225208","0.004689699296225208"
"1545","0.004688419705694178","0.004688419705694178","0.004688419705694178"
"1546","0.004687140115163148","0.004687140115163148","0.004687140115163148"
"1547","0.004685860524632118","0.004685860524632118","0.004685860524632118"
"1548","0.004684580934101087","0.004684580934101087","0.004684580934101087"
"1549","0.004683301343570058","0.004683301343570058","0.004683301343570058"
"1550","0.004682021753039028","0.004682021753039028","0.004682021753039028"
"1551","0.004680742162507997","0.004680742162507997","0.004680742162507997"
"1552","0.004679462571976967","0.004679462571976967","0.004679462571976967"
"1553","0.004678182981445937","0.004678182981445937","0.004678182981445937"
"1554","0.004676903390914908","0.004676903390914908","0.004676903390914908"
"1555","0.0046756238003838775","0.0046756238003838775","0.0046756238003838775"
"1556","0.004674344209852847","0.004674344209852847","0.004674344209852847"
"1557","0.004673064619321817","0.004673064619321817","0.004673064619321817"
"1558","0.004671785028790787","0.004671785028790787","0.004671785028790787"
"1559","0.004670505438259757","0.004670505438259757","0.004670505438259757"
"1560","0.0046692258477287266","0.0046692258477287266","0.0046692258477287266"
"1561","0.004667946257197697","0.004667946257197697","0.004667946257197697"
"1562","0.004666666666666667","0.004666666666666667","0.004666666666666667"
"1563","0.004665387076135637","0.004665387076135637","0.004665387076135637"
"1564","0.004664107485604607","0.004664107485604607","0.004664107485604607"
"1565","0.0046628278950735765","0.0046628278950735765","0.0046628278950735765"
"1566","0.004661548304542546","0.004661548304542546","0.004661548304542546"
"1567","0.004660268714011516","0.004660268714011516","0.004660268714011516"
"1568","0.004658989123480486","0.004658989123480486","0.004658989123480486"
"1569","0.004657709532949457","0.004657709532949457","0.004657709532949457"
"1570","0.004656429942418426","0.004656429942418426","0.004656429942418426"
"1571","0.004655150351887396","0.004655150351887396","0.004655150351887396"
"1572","0.004653870761356366","0.004653870761356366","0.004653870761356366"
"1573","0.004652591170825336","0.004652591170825336","0.004652591170825336"
"1574","0.0046513115802943065","0.0046513115802943065","0.0046513115802943065"
"1575","0.004650031989763276","0.004650031989763276","0.004650031989763276"
"1576","0.004648752399232245","0.004648752399232245","0.004648752399232245"
"1577","0.004647472808701216","0.004647472808701216","0.004647472808701216"
"1578","0.004646193218170186","0.004646193218170186","0.004646193218170186"
"1579","0.004644913627639156","0.004644913627639156","0.004644913627639156"
"1580","0.004643634037108125","0.004643634037108125","0.004643634037108125"
"1581","0.004642354446577095","0.004642354446577095","0.004642354446577095"
"1582","0.004641074856046066","0.004641074856046066","0.004641074856046066"
"1583","0.004639795265515036","0.004639795265515036","0.004639795265515036"
"1584","0.004638515674984005","0.004638515674984005","0.004638515674984005"
"1585","0.004637236084452975","0.004637236084452975","0.004637236084452975"
"1586","0.004635956493921945","0.004635956493921945","0.004635956493921945"
"1587","0.004634676903390915","0.004634676903390915","0.004634676903390915"
"1588","0.004633397312859885","0.004633397312859885","0.004633397312859885"
"1589","0.0046321177223288545","0.0046321177223288545","0.0046321177223288545"
"1590","0.004630838131797825","0.004630838131797825","0.004630838131797825"
"1591","0.004629558541266795","0.004629558541266795","0.004629558541266795"
"1592","0.004628278950735764","0.004628278950735764","0.004628278950735764"
"1593","0.004626999360204735","0.004626999360204735","0.004626999360204735"
"1594","0.0046257197696737045","0.0046257197696737045","0.0046257197696737045"
"1595","0.004624440179142674","0.004624440179142674","0.004624440179142674"
"1596","0.004623160588611644","0.004623160588611644","0.004623160588611644"
"1597","0.004621880998080614","0.004621880998080614","0.004621880998080614"
"1598","0.004620601407549585","0.004620601407549585","0.004620601407549585"
"1599","0.004619321817018554","0.004619321817018554","0.004619321817018554"
"1600","0.004618042226487524","0.004618042226487524","0.004618042226487524"
"1601","0.004616762635956494","0.004616762635956494","0.004616762635956494"
"1602","0.004615483045425464","0.004615483045425464","0.004615483045425464"
"1603","0.004614203454894434","0.004614203454894434","0.004614203454894434"
"1604","0.0046129238643634034","0.0046129238643634034","0.0046129238643634034"
"1605","0.004611644273832374","0.004611644273832374","0.004611644273832374"
"1606","0.004610364683301344","0.004610364683301344","0.004610364683301344"
"1607","0.004609085092770314","0.004609085092770314","0.004609085092770314"
"1608","0.0046078055022392836","0.0046078055022392836","0.0046078055022392836"
"1609","0.004606525911708253","0.004606525911708253","0.004606525911708253"
"1610","0.004605246321177223","0.004605246321177223","0.004605246321177223"
"1611","0.004603966730646194","0.004603966730646194","0.004603966730646194"
"1612","0.004602687140115163","0.004602687140115163","0.004602687140115163"
"1613","0.0046014075495841335","0.0046014075495841335","0.0046014075495841335"
"1614","0.004600127959053103","0.004600127959053103","0.004600127959053103"
"1615","0.004598848368522073","0.004598848368522073","0.004598848368522073"
"1616","0.004597568777991043","0.004597568777991043","0.004597568777991043"
"1617","0.004596289187460013","0.004596289187460013","0.004596289187460013"
"1618","0.004595009596928983","0.004595009596928983","0.004595009596928983"
"1619","0.004593730006397953","0.004593730006397953","0.004593730006397953"
"1620","0.004592450415866922","0.004592450415866922","0.004592450415866922"
"1621","0.004591170825335893","0.004591170825335893","0.004591170825335893"
"1622","0.004589891234804863","0.004589891234804863","0.004589891234804863"
"1623","0.0045886116442738325","0.0045886116442738325","0.0045886116442738325"
"1624","0.004587332053742802","0.004587332053742802","0.004587332053742802"
"1625","0.004586052463211772","0.004586052463211772","0.004586052463211772"
"1626","0.004584772872680743","0.004584772872680743","0.004584772872680743"
"1627","0.0045834932821497126","0.0045834932821497126","0.0045834932821497126"
"1628","0.0045822136916186815","0.0045822136916186815","0.0045822136916186815"
"1629","0.004580934101087652","0.004580934101087652","0.004580934101087652"
"1630","0.004579654510556622","0.004579654510556622","0.004579654510556622"
"1631","0.004578374920025592","0.004578374920025592","0.004578374920025592"
"1632","0.004577095329494562","0.004577095329494562","0.004577095329494562"
"1633","0.004575815738963531","0.004575815738963531","0.004575815738963531"
"1634","0.004574536148432502","0.004574536148432502","0.004574536148432502"
"1635","0.004573256557901472","0.004573256557901472","0.004573256557901472"
"1636","0.004571976967370442","0.004571976967370442","0.004571976967370442"
"1637","0.0045706973768394115","0.0045706973768394115","0.0045706973768394115"
"1638","0.004569417786308381","0.004569417786308381","0.004569417786308381"
"1639","0.004568138195777351","0.004568138195777351","0.004568138195777351"
"1640","0.004566858605246321","0.004566858605246321","0.004566858605246321"
"1641","0.004565579014715291","0.004565579014715291","0.004565579014715291"
"1642","0.0045642994241842615","0.0045642994241842615","0.0045642994241842615"
"1643","0.004563019833653231","0.004563019833653231","0.004563019833653231"
"1644","0.004561740243122201","0.004561740243122201","0.004561740243122201"
"1645","0.004560460652591171","0.004560460652591171","0.004560460652591171"
"1646","0.004559181062060141","0.004559181062060141","0.004559181062060141"
"1647","0.0045579014715291105","0.0045579014715291105","0.0045579014715291105"
"1648","0.00455662188099808","0.00455662188099808","0.00455662188099808"
"1649","0.004555342290467051","0.004555342290467051","0.004555342290467051"
"1650","0.004554062699936021","0.004554062699936021","0.004554062699936021"
"1651","0.004552783109404991","0.004552783109404991","0.004552783109404991"
"1652","0.0045515035188739604","0.0045515035188739604","0.0045515035188739604"
"1653","0.00455022392834293","0.00455022392834293","0.00455022392834293"
"1654","0.0045489443378119","0.0045489443378119","0.0045489443378119"
"1655","0.004547664747280871","0.004547664747280871","0.004547664747280871"
"1656","0.00454638515674984","0.00454638515674984","0.00454638515674984"
"1657","0.00454510556621881","0.00454510556621881","0.00454510556621881"
"1658","0.00454382597568778","0.00454382597568778","0.00454382597568778"
"1659","0.00454254638515675","0.00454254638515675","0.00454254638515675"
"1660","0.00454126679462572","0.00454126679462572","0.00454126679462572"
"1661","0.00453998720409469","0.00453998720409469","0.00453998720409469"
"1662","0.00453870761356366","0.00453870761356366","0.00453870761356366"
"1663","0.00453742802303263","0.00453742802303263","0.00453742802303263"
"1664","0.004536148432501599","0.004536148432501599","0.004536148432501599"
"1665","0.00453486884197057","0.00453486884197057","0.00453486884197057"
"1666","0.0045335892514395395","0.0045335892514395395","0.0045335892514395395"
"1667","0.004532309660908509","0.004532309660908509","0.004532309660908509"
"1668","0.004531030070377479","0.004531030070377479","0.004531030070377479"
"1669","0.004529750479846449","0.004529750479846449","0.004529750479846449"
"1670","0.00452847088931542","0.00452847088931542","0.00452847088931542"
"1671","0.0045271912987843894","0.0045271912987843894","0.0045271912987843894"
"1672","0.004525911708253358","0.004525911708253358","0.004525911708253358"
"1673","0.004524632117722329","0.004524632117722329","0.004524632117722329"
"1674","0.004523352527191299","0.004523352527191299","0.004523352527191299"
"1675","0.004522072936660269","0.004522072936660269","0.004522072936660269"
"1676","0.0045207933461292385","0.0045207933461292385","0.0045207933461292385"
"1677","0.004519513755598208","0.004519513755598208","0.004519513755598208"
"1678","0.004518234165067179","0.004518234165067179","0.004518234165067179"
"1679","0.004516954574536149","0.004516954574536149","0.004516954574536149"
"1680","0.004515674984005119","0.004515674984005119","0.004515674984005119"
"1681","0.004514395393474088","0.004514395393474088","0.004514395393474088"
"1682","0.004513115802943058","0.004513115802943058","0.004513115802943058"
"1683","0.004511836212412028","0.004511836212412028","0.004511836212412028"
"1684","0.004510556621880998","0.004510556621880998","0.004510556621880998"
"1685","0.004509277031349968","0.004509277031349968","0.004509277031349968"
"1686","0.004507997440818938","0.004507997440818938","0.004507997440818938"
"1687","0.004506717850287908","0.004506717850287908","0.004506717850287908"
"1688","0.004505438259756878","0.004505438259756878","0.004505438259756878"
"1689","0.004504158669225848","0.004504158669225848","0.004504158669225848"
"1690","0.004502879078694818","0.004502879078694818","0.004502879078694818"
"1691","0.004501599488163788","0.004501599488163788","0.004501599488163788"
"1692","0.004500319897632757","0.004500319897632757","0.004500319897632757"
"1693","0.004499040307101728","0.004499040307101728","0.004499040307101728"
"1694","0.004497760716570698","0.004497760716570698","0.004497760716570698"
"1695","0.0044964811260396675","0.0044964811260396675","0.0044964811260396675"
"1696","0.004495201535508637","0.004495201535508637","0.004495201535508637"
"1697","0.004493921944977607","0.004493921944977607","0.004493921944977607"
"1698","0.004492642354446577","0.004492642354446577","0.004492642354446577"
"1699","0.004491362763915548","0.004491362763915548","0.004491362763915548"
"1700","0.0044900831733845166","0.0044900831733845166","0.0044900831733845166"
"1701","0.004488803582853487","0.004488803582853487","0.004488803582853487"
"1702","0.004487523992322457","0.004487523992322457","0.004487523992322457"
"1703","0.004486244401791427","0.004486244401791427","0.004486244401791427"
"1704","0.004484964811260397","0.004484964811260397","0.004484964811260397"
"1705","0.0044836852207293665","0.0044836852207293665","0.0044836852207293665"
"1706","0.004482405630198337","0.004482405630198337","0.004482405630198337"
"1707","0.004481126039667307","0.004481126039667307","0.004481126039667307"
"1708","0.004479846449136276","0.004479846449136276","0.004479846449136276"
"1709","0.004478566858605247","0.004478566858605247","0.004478566858605247"
"1710","0.004477287268074216","0.004477287268074216","0.004477287268074216"
"1711","0.004476007677543186","0.004476007677543186","0.004476007677543186"
"1712","0.004474728087012156","0.004474728087012156","0.004474728087012156"
"1713","0.004473448496481126","0.004473448496481126","0.004473448496481126"
"1714","0.0044721689059500965","0.0044721689059500965","0.0044721689059500965"
"1715","0.004470889315419066","0.004470889315419066","0.004470889315419066"
"1716","0.004469609724888035","0.004469609724888035","0.004469609724888035"
"1717","0.004468330134357006","0.004468330134357006","0.004468330134357006"
"1718","0.004467050543825976","0.004467050543825976","0.004467050543825976"
"1719","0.004465770953294946","0.004465770953294946","0.004465770953294946"
"1720","0.004464491362763915","0.004464491362763915","0.004464491362763915"
"1721","0.004463211772232885","0.004463211772232885","0.004463211772232885"
"1722","0.004461932181701856","0.004461932181701856","0.004461932181701856"
"1723","0.004460652591170826","0.004460652591170826","0.004460652591170826"
"1724","0.0044593730006397955","0.0044593730006397955","0.0044593730006397955"
"1725","0.004458093410108765","0.004458093410108765","0.004458093410108765"
"1726","0.004456813819577735","0.004456813819577735","0.004456813819577735"
"1727","0.004455534229046705","0.004455534229046705","0.004455534229046705"
"1728","0.004454254638515675","0.004454254638515675","0.004454254638515675"
"1729","0.0044529750479846445","0.0044529750479846445","0.0044529750479846445"
"1730","0.004451695457453615","0.004451695457453615","0.004451695457453615"
"1731","0.004450415866922585","0.004450415866922585","0.004450415866922585"
"1732","0.004449136276391555","0.004449136276391555","0.004449136276391555"
"1733","0.004447856685860525","0.004447856685860525","0.004447856685860525"
"1734","0.0044465770953294945","0.0044465770953294945","0.0044465770953294945"
"1735","0.004445297504798465","0.004445297504798465","0.004445297504798465"
"1736","0.004444017914267434","0.004444017914267434","0.004444017914267434"
"1737","0.004442738323736405","0.004442738323736405","0.004442738323736405"
"1738","0.004441458733205375","0.004441458733205375","0.004441458733205375"
"1739","0.004440179142674344","0.004440179142674344","0.004440179142674344"
"1740","0.004438899552143314","0.004438899552143314","0.004438899552143314"
"1741","0.004437619961612284","0.004437619961612284","0.004437619961612284"
"1742","0.004436340371081254","0.004436340371081254","0.004436340371081254"
"1743","0.0044350607805502245","0.0044350607805502245","0.0044350607805502245"
"1744","0.0044337811900191934","0.0044337811900191934","0.0044337811900191934"
"1745","0.004432501599488164","0.004432501599488164","0.004432501599488164"
"1746","0.004431222008957134","0.004431222008957134","0.004431222008957134"
"1747","0.004429942418426104","0.004429942418426104","0.004429942418426104"
"1748","0.0044286628278950736","0.0044286628278950736","0.0044286628278950736"
"1749","0.004427383237364043","0.004427383237364043","0.004427383237364043"
"1750","0.004426103646833014","0.004426103646833014","0.004426103646833014"
"1751","0.004424824056301984","0.004424824056301984","0.004424824056301984"
"1752","0.004423544465770953","0.004423544465770953","0.004423544465770953"
"1753","0.0044222648752399235","0.0044222648752399235","0.0044222648752399235"
"1754","0.004420985284708893","0.004420985284708893","0.004420985284708893"
"1755","0.004419705694177863","0.004419705694177863","0.004419705694177863"
"1756","0.004418426103646833","0.004418426103646833","0.004418426103646833"
"1757","0.004417146513115803","0.004417146513115803","0.004417146513115803"
"1758","0.004415866922584773","0.004415866922584773","0.004415866922584773"
"1759","0.004414587332053743","0.004414587332053743","0.004414587332053743"
"1760","0.004413307741522712","0.004413307741522712","0.004413307741522712"
"1761","0.004412028150991683","0.004412028150991683","0.004412028150991683"
"1762","0.004410748560460653","0.004410748560460653","0.004410748560460653"
"1763","0.0044094689699296225","0.0044094689699296225","0.0044094689699296225"
"1764","0.004408189379398592","0.004408189379398592","0.004408189379398592"
"1765","0.004406909788867562","0.004406909788867562","0.004406909788867562"
"1766","0.004405630198336533","0.004405630198336533","0.004405630198336533"
"1767","0.0044043506078055026","0.0044043506078055026","0.0044043506078055026"
"1768","0.004403071017274472","0.004403071017274472","0.004403071017274472"
"1769","0.004401791426743442","0.004401791426743442","0.004401791426743442"
"1770","0.004400511836212412","0.004400511836212412","0.004400511836212412"
"1771","0.004399232245681383","0.004399232245681383","0.004399232245681383"
"1772","0.004397952655150352","0.004397952655150352","0.004397952655150352"
"1773","0.004396673064619321","0.004396673064619321","0.004396673064619321"
"1774","0.004395393474088292","0.004395393474088292","0.004395393474088292"
"1775","0.004394113883557262","0.004394113883557262","0.004394113883557262"
"1776","0.004392834293026232","0.004392834293026232","0.004392834293026232"
"1777","0.0043915547024952015","0.0043915547024952015","0.0043915547024952015"
"1778","0.004390275111964171","0.004390275111964171","0.004390275111964171"
"1779","0.004388995521433142","0.004388995521433142","0.004388995521433142"
"1780","0.004387715930902111","0.004387715930902111","0.004387715930902111"
"1781","0.004386436340371082","0.004386436340371082","0.004386436340371082"
"1782","0.0043851567498400515","0.0043851567498400515","0.0043851567498400515"
"1783","0.004383877159309021","0.004383877159309021","0.004383877159309021"
"1784","0.004382597568777991","0.004382597568777991","0.004382597568777991"
"1785","0.004381317978246961","0.004381317978246961","0.004381317978246961"
"1786","0.004380038387715931","0.004380038387715931","0.004380038387715931"
"1787","0.004378758797184901","0.004378758797184901","0.004378758797184901"
"1788","0.00437747920665387","0.00437747920665387","0.00437747920665387"
"1789","0.004376199616122841","0.004376199616122841","0.004376199616122841"
"1790","0.004374920025591811","0.004374920025591811","0.004374920025591811"
"1791","0.004373640435060781","0.004373640435060781","0.004373640435060781"
"1792","0.0043723608445297504","0.0043723608445297504","0.0043723608445297504"
"1793","0.00437108125399872","0.00437108125399872","0.00437108125399872"
"1794","0.004369801663467691","0.004369801663467691","0.004369801663467691"
"1795","0.004368522072936661","0.004368522072936661","0.004368522072936661"
"1796","0.00436724248240563","0.00436724248240563","0.00436724248240563"
"1797","0.0043659628918746","0.0043659628918746","0.0043659628918746"
"1798","0.00436468330134357","0.00436468330134357","0.00436468330134357"
"1799","0.00436340371081254","0.00436340371081254","0.00436340371081254"
"1800","0.00436212412028151","0.00436212412028151","0.00436212412028151"
"1801","0.00436084452975048","0.00436084452975048","0.00436084452975048"
"1802","0.00435956493921945","0.00435956493921945","0.00435956493921945"
"1803","0.00435828534868842","0.00435828534868842","0.00435828534868842"
"1804","0.004357005758157389","0.004357005758157389","0.004357005758157389"
"1805","0.00435572616762636","0.00435572616762636","0.00435572616762636"
"1806","0.0043544465770953295","0.0043544465770953295","0.0043544465770953295"
"1807","0.0043531669865643","0.0043531669865643","0.0043531669865643"
"1808","0.004351887396033269","0.004351887396033269","0.004351887396033269"
"1809","0.004350607805502239","0.004350607805502239","0.004350607805502239"
"1810","0.00434932821497121","0.00434932821497121","0.00434932821497121"
"1811","0.0043480486244401794","0.0043480486244401794","0.0043480486244401794"
"1812","0.004346769033909149","0.004346769033909149","0.004346769033909149"
"1813","0.004345489443378119","0.004345489443378119","0.004345489443378119"
"1814","0.004344209852847089","0.004344209852847089","0.004344209852847089"
"1815","0.0043429302623160596","0.0043429302623160596","0.0043429302623160596"
"1816","0.0043416506717850285","0.0043416506717850285","0.0043416506717850285"
"1817","0.004340371081253998","0.004340371081253998","0.004340371081253998"
"1818","0.004339091490722969","0.004339091490722969","0.004339091490722969"
"1819","0.004337811900191939","0.004337811900191939","0.004337811900191939"
"1820","0.004336532309660909","0.004336532309660909","0.004336532309660909"
"1821","0.004335252719129878","0.004335252719129878","0.004335252719129878"
"1822","0.004333973128598848","0.004333973128598848","0.004333973128598848"
"1823","0.004332693538067819","0.004332693538067819","0.004332693538067819"
"1824","0.004331413947536788","0.004331413947536788","0.004331413947536788"
"1825","0.0043301343570057585","0.0043301343570057585","0.0043301343570057585"
"1826","0.004328854766474728","0.004328854766474728","0.004328854766474728"
"1827","0.004327575175943698","0.004327575175943698","0.004327575175943698"
"1828","0.004326295585412668","0.004326295585412668","0.004326295585412668"
"1829","0.004325015994881638","0.004325015994881638","0.004325015994881638"
"1830","0.0043237364043506085","0.0043237364043506085","0.0043237364043506085"
"1831","0.004322456813819578","0.004322456813819578","0.004322456813819578"
"1832","0.004321177223288547","0.004321177223288547","0.004321177223288547"
"1833","0.004319897632757518","0.004319897632757518","0.004319897632757518"
"1834","0.004318618042226488","0.004318618042226488","0.004318618042226488"
"1835","0.0043173384516954575","0.0043173384516954575","0.0043173384516954575"
"1836","0.004316058861164427","0.004316058861164427","0.004316058861164427"
"1837","0.004314779270633397","0.004314779270633397","0.004314779270633397"
"1838","0.004313499680102368","0.004313499680102368","0.004313499680102368"
"1839","0.004312220089571338","0.004312220089571338","0.004312220089571338"
"1840","0.0043109404990403066","0.0043109404990403066","0.0043109404990403066"
"1841","0.004309660908509277","0.004309660908509277","0.004309660908509277"
"1842","0.004308381317978247","0.004308381317978247","0.004308381317978247"
"1843","0.004307101727447217","0.004307101727447217","0.004307101727447217"
"1844","0.004305822136916187","0.004305822136916187","0.004305822136916187"
"1845","0.0043045425463851565","0.0043045425463851565","0.0043045425463851565"
"1846","0.004303262955854127","0.004303262955854127","0.004303262955854127"
"1847","0.004301983365323097","0.004301983365323097","0.004301983365323097"
"1848","0.004300703774792066","0.004300703774792066","0.004300703774792066"
"1849","0.004299424184261037","0.004299424184261037","0.004299424184261037"
"1850","0.004298144593730006","0.004298144593730006","0.004298144593730006"
"1851","0.004296865003198977","0.004296865003198977","0.004296865003198977"
"1852","0.004295585412667946","0.004295585412667946","0.004295585412667946"
"1853","0.004294305822136916","0.004294305822136916","0.004294305822136916"
"1854","0.0042930262316058865","0.0042930262316058865","0.0042930262316058865"
"1855","0.004291746641074856","0.004291746641074856","0.004291746641074856"
"1856","0.004290467050543826","0.004290467050543826","0.004290467050543826"
"1857","0.004289187460012796","0.004289187460012796","0.004289187460012796"
"1858","0.004287907869481766","0.004287907869481766","0.004287907869481766"
"1859","0.0042866282789507364","0.0042866282789507364","0.0042866282789507364"
"1860","0.004285348688419705","0.004285348688419705","0.004285348688419705"
"1861","0.004284069097888675","0.004284069097888675","0.004284069097888675"
"1862","0.004282789507357646","0.004282789507357646","0.004282789507357646"
"1863","0.004281509916826616","0.004281509916826616","0.004281509916826616"
"1864","0.0042802303262955855","0.0042802303262955855","0.0042802303262955855"
"1865","0.004278950735764555","0.004278950735764555","0.004278950735764555"
"1866","0.004277671145233525","0.004277671145233525","0.004277671145233525"
"1867","0.004276391554702496","0.004276391554702496","0.004276391554702496"
"1868","0.004275111964171465","0.004275111964171465","0.004275111964171465"
"1869","0.004273832373640435","0.004273832373640435","0.004273832373640435"
"1870","0.004272552783109405","0.004272552783109405","0.004272552783109405"
"1871","0.004271273192578375","0.004271273192578375","0.004271273192578375"
"1872","0.004269993602047345","0.004269993602047345","0.004269993602047345"
"1873","0.004268714011516315","0.004268714011516315","0.004268714011516315"
"1874","0.004267434420985285","0.004267434420985285","0.004267434420985285"
"1875","0.004266154830454255","0.004266154830454255","0.004266154830454255"
"1876","0.004264875239923224","0.004264875239923224","0.004264875239923224"
"1877","0.004263595649392195","0.004263595649392195","0.004263595649392195"
"1878","0.004262316058861165","0.004262316058861165","0.004262316058861165"
"1879","0.004261036468330134","0.004261036468330134","0.004261036468330134"
"1880","0.004259756877799104","0.004259756877799104","0.004259756877799104"
"1881","0.004258477287268074","0.004258477287268074","0.004258477287268074"
"1882","0.004257197696737045","0.004257197696737045","0.004257197696737045"
"1883","0.0042559181062060145","0.0042559181062060145","0.0042559181062060145"
"1884","0.0042546385156749834","0.0042546385156749834","0.0042546385156749834"
"1885","0.004253358925143954","0.004253358925143954","0.004253358925143954"
"1886","0.004252079334612924","0.004252079334612924","0.004252079334612924"
"1887","0.004250799744081895","0.004250799744081895","0.004250799744081895"
"1888","0.0042495201535508636","0.0042495201535508636","0.0042495201535508636"
"1889","0.004248240563019833","0.004248240563019833","0.004248240563019833"
"1890","0.004246960972488804","0.004246960972488804","0.004246960972488804"
"1891","0.004245681381957774","0.004245681381957774","0.004245681381957774"
"1892","0.004244401791426743","0.004244401791426743","0.004244401791426743"
"1893","0.0042431222008957135","0.0042431222008957135","0.0042431222008957135"
"1894","0.004241842610364683","0.004241842610364683","0.004241842610364683"
"1895","0.004240563019833654","0.004240563019833654","0.004240563019833654"
"1896","0.004239283429302623","0.004239283429302623","0.004239283429302623"
"1897","0.004238003838771593","0.004238003838771593","0.004238003838771593"
"1898","0.004236724248240563","0.004236724248240563","0.004236724248240563"
"1899","0.004235444657709533","0.004235444657709533","0.004235444657709533"
"1900","0.004234165067178503","0.004234165067178503","0.004234165067178503"
"1901","0.004232885476647473","0.004232885476647473","0.004232885476647473"
"1902","0.004231605886116443","0.004231605886116443","0.004231605886116443"
"1903","0.004230326295585413","0.004230326295585413","0.004230326295585413"
"1904","0.004229046705054382","0.004229046705054382","0.004229046705054382"
"1905","0.004227767114523353","0.004227767114523353","0.004227767114523353"
"1906","0.004226487523992323","0.004226487523992323","0.004226487523992323"
"1907","0.0042252079334612926","0.0042252079334612926","0.0042252079334612926"
"1908","0.004223928342930262","0.004223928342930262","0.004223928342930262"
"1909","0.004222648752399232","0.004222648752399232","0.004222648752399232"
"1910","0.004221369161868202","0.004221369161868202","0.004221369161868202"
"1911","0.004220089571337173","0.004220089571337173","0.004220089571337173"
"1912","0.004218809980806142","0.004218809980806142","0.004218809980806142"
"1913","0.004217530390275112","0.004217530390275112","0.004217530390275112"
"1914","0.004216250799744082","0.004216250799744082","0.004216250799744082"
"1915","0.004214971209213052","0.004214971209213052","0.004214971209213052"
"1916","0.004213691618682022","0.004213691618682022","0.004213691618682022"
"1917","0.0042124120281509915","0.0042124120281509915","0.0042124120281509915"
"1918","0.004211132437619962","0.004211132437619962","0.004211132437619962"
"1919","0.004209852847088932","0.004209852847088932","0.004209852847088932"
"1920","0.004208573256557901","0.004208573256557901","0.004208573256557901"
"1921","0.004207293666026872","0.004207293666026872","0.004207293666026872"
"1922","0.0042060140754958415","0.0042060140754958415","0.0042060140754958415"
"1923","0.004204734484964811","0.004204734484964811","0.004204734484964811"
"1924","0.004203454894433781","0.004203454894433781","0.004203454894433781"
"1925","0.004202175303902751","0.004202175303902751","0.004202175303902751"
"1926","0.004200895713371722","0.004200895713371722","0.004200895713371722"
"1927","0.004199616122840691","0.004199616122840691","0.004199616122840691"
"1928","0.00419833653230966","0.00419833653230966","0.00419833653230966"
"1929","0.004197056941778631","0.004197056941778631","0.004197056941778631"
"1930","0.004195777351247601","0.004195777351247601","0.004195777351247601"
"1931","0.0041944977607165715","0.0041944977607165715","0.0041944977607165715"
"1932","0.00419321817018554","0.00419321817018554","0.00419321817018554"
"1933","0.00419193857965451","0.00419193857965451","0.00419193857965451"
"1934","0.004190658989123481","0.004190658989123481","0.004190658989123481"
"1935","0.004189379398592451","0.004189379398592451","0.004189379398592451"
"1936","0.00418809980806142","0.00418809980806142","0.00418809980806142"
"1937","0.00418682021753039","0.00418682021753039","0.00418682021753039"
"1938","0.00418554062699936","0.00418554062699936","0.00418554062699936"
"1939","0.004184261036468331","0.004184261036468331","0.004184261036468331"
"1940","0.0041829814459373","0.0041829814459373","0.0041829814459373"
"1941","0.00418170185540627","0.00418170185540627","0.00418170185540627"
"1942","0.00418042226487524","0.00418042226487524","0.00418042226487524"
"1943","0.00417914267434421","0.00417914267434421","0.00417914267434421"
"1944","0.00417786308381318","0.00417786308381318","0.00417786308381318"
"1945","0.00417658349328215","0.00417658349328215","0.00417658349328215"
"1946","0.0041753039027511195","0.0041753039027511195","0.0041753039027511195"
"1947","0.00417402431222009","0.00417402431222009","0.00417402431222009"
"1948","0.004172744721689059","0.004172744721689059","0.004172744721689059"
"1949","0.00417146513115803","0.00417146513115803","0.00417146513115803"
"1950","0.004170185540627","0.004170185540627","0.004170185540627"
"1951","0.0041689059500959694","0.0041689059500959694","0.0041689059500959694"
"1952","0.004167626359564939","0.004167626359564939","0.004167626359564939"
"1953","0.004166346769033909","0.004166346769033909","0.004166346769033909"
"1954","0.004165067178502879","0.004165067178502879","0.004165067178502879"
"1955","0.0041637875879718496","0.0041637875879718496","0.0041637875879718496"
"1956","0.0041625079974408185","0.0041625079974408185","0.0041625079974408185"
"1957","0.004161228406909789","0.004161228406909789","0.004161228406909789"
"1958","0.004159948816378759","0.004159948816378759","0.004159948816378759"
"1959","0.004158669225847729","0.004158669225847729","0.004158669225847729"
"1960","0.004157389635316699","0.004157389635316699","0.004157389635316699"
"1961","0.004156110044785668","0.004156110044785668","0.004156110044785668"
"1962","0.004154830454254639","0.004154830454254639","0.004154830454254639"
"1963","0.004153550863723609","0.004153550863723609","0.004153550863723609"
"1964","0.004152271273192578","0.004152271273192578","0.004152271273192578"
"1965","0.0041509916826615485","0.0041509916826615485","0.0041509916826615485"
"1966","0.004149712092130518","0.004149712092130518","0.004149712092130518"
"1967","0.004148432501599488","0.004148432501599488","0.004148432501599488"
"1968","0.004147152911068458","0.004147152911068458","0.004147152911068458"
"1969","0.004145873320537428","0.004145873320537428","0.004145873320537428"
"1970","0.0041445937300063984","0.0041445937300063984","0.0041445937300063984"
"1971","0.004143314139475368","0.004143314139475368","0.004143314139475368"
"1972","0.004142034548944337","0.004142034548944337","0.004142034548944337"
"1973","0.004140754958413308","0.004140754958413308","0.004140754958413308"
"1974","0.004139475367882278","0.004139475367882278","0.004139475367882278"
"1975","0.004138195777351248","0.004138195777351248","0.004138195777351248"
"1976","0.004136916186820217","0.004136916186820217","0.004136916186820217"
"1977","0.004135636596289187","0.004135636596289187","0.004135636596289187"
"1978","0.004134357005758158","0.004134357005758158","0.004134357005758158"
"1979","0.004133077415227128","0.004133077415227128","0.004133077415227128"
"1980","0.004131797824696097","0.004131797824696097","0.004131797824696097"
"1981","0.004130518234165067","0.004130518234165067","0.004130518234165067"
"1982","0.004129238643634037","0.004129238643634037","0.004129238643634037"
"1983","0.004127959053103008","0.004127959053103008","0.004127959053103008"
"1984","0.004126679462571977","0.004126679462571977","0.004126679462571977"
"1985","0.0041253998720409465","0.0041253998720409465","0.0041253998720409465"
"1986","0.004124120281509917","0.004124120281509917","0.004124120281509917"
"1987","0.004122840690978887","0.004122840690978887","0.004122840690978887"
"1988","0.004121561100447857","0.004121561100447857","0.004121561100447857"
"1989","0.004120281509916827","0.004120281509916827","0.004120281509916827"
"1990","0.004119001919385796","0.004119001919385796","0.004119001919385796"
"1991","0.004117722328854767","0.004117722328854767","0.004117722328854767"
"1992","0.004116442738323736","0.004116442738323736","0.004116442738323736"
"1993","0.004115163147792707","0.004115163147792707","0.004115163147792707"
"1994","0.0041138835572616765","0.0041138835572616765","0.0041138835572616765"
"1995","0.004112603966730646","0.004112603966730646","0.004112603966730646"
"1996","0.004111324376199616","0.004111324376199616","0.004111324376199616"
"1997","0.004110044785668586","0.004110044785668586","0.004110044785668586"
"1998","0.004108765195137556","0.004108765195137556","0.004108765195137556"
"1999","0.004107485604606526","0.004107485604606526","0.004107485604606526"
"2000","0.004106206014075495","0.004106206014075495","0.004106206014075495"
"2001","0.004104926423544466","0.004104926423544466","0.004104926423544466"
"2002","0.004103646833013436","0.004103646833013436","0.004103646833013436"
"2003","0.004102367242482406","0.004102367242482406","0.004102367242482406"
"2004","0.0041010876519513755","0.0041010876519513755","0.0041010876519513755"
"2005","0.004099808061420345","0.004099808061420345","0.004099808061420345"
"2006","0.004098528470889316","0.004098528470889316","0.004098528470889316"
"2007","0.004097248880358286","0.004097248880358286","0.004097248880358286"
"2008","0.004095969289827255","0.004095969289827255","0.004095969289827255"
"2009","0.004094689699296225","0.004094689699296225","0.004094689699296225"
"2010","0.004093410108765195","0.004093410108765195","0.004093410108765195"
"2011","0.004092130518234165","0.004092130518234165","0.004092130518234165"
"2012","0.004090850927703135","0.004090850927703135","0.004090850927703135"
"2013","0.004089571337172105","0.004089571337172105","0.004089571337172105"
"2014","0.004088291746641075","0.004088291746641075","0.004088291746641075"
"2015","0.004087012156110045","0.004087012156110045","0.004087012156110045"
"2016","0.004085732565579014","0.004085732565579014","0.004085732565579014"
"2017","0.004084452975047985","0.004084452975047985","0.004084452975047985"
"2018","0.004083173384516955","0.004083173384516955","0.004083173384516955"
"2019","0.004081893793985925","0.004081893793985925","0.004081893793985925"
"2020","0.004080614203454894","0.004080614203454894","0.004080614203454894"
"2021","0.004079334612923864","0.004079334612923864","0.004079334612923864"
"2022","0.004078055022392835","0.004078055022392835","0.004078055022392835"
"2023","0.0040767754318618045","0.0040767754318618045","0.0040767754318618045"
"2024","0.004075495841330774","0.004075495841330774","0.004075495841330774"
"2025","0.004074216250799744","0.004074216250799744","0.004074216250799744"
"2026","0.004072936660268714","0.004072936660268714","0.004072936660268714"
"2027","0.004071657069737685","0.004071657069737685","0.004071657069737685"
"2028","0.0040703774792066535","0.0040703774792066535","0.0040703774792066535"
"2029","0.004069097888675623","0.004069097888675623","0.004069097888675623"
"2030","0.004067818298144594","0.004067818298144594","0.004067818298144594"
"2031","0.004066538707613564","0.004066538707613564","0.004066538707613564"
"2032","0.004065259117082534","0.004065259117082534","0.004065259117082534"
"2033","0.0040639795265515035","0.0040639795265515035","0.0040639795265515035"
"2034","0.004062699936020473","0.004062699936020473","0.004062699936020473"
"2035","0.004061420345489444","0.004061420345489444","0.004061420345489444"
"2036","0.004060140754958413","0.004060140754958413","0.004060140754958413"
"2037","0.004058861164427384","0.004058861164427384","0.004058861164427384"
"2038","0.004057581573896353","0.004057581573896353","0.004057581573896353"
"2039","0.004056301983365323","0.004056301983365323","0.004056301983365323"
"2040","0.004055022392834293","0.004055022392834293","0.004055022392834293"
"2041","0.004053742802303263","0.004053742802303263","0.004053742802303263"
"2042","0.004052463211772233","0.004052463211772233","0.004052463211772233"
"2043","0.004051183621241203","0.004051183621241203","0.004051183621241203"
"2044","0.004049904030710172","0.004049904030710172","0.004049904030710172"
"2045","0.004048624440179143","0.004048624440179143","0.004048624440179143"
"2046","0.004047344849648113","0.004047344849648113","0.004047344849648113"
"2047","0.0040460652591170826","0.0040460652591170826","0.0040460652591170826"
"2048","0.004044785668586052","0.004044785668586052","0.004044785668586052"
"2049","0.004043506078055022","0.004043506078055022","0.004043506078055022"
"2050","0.004042226487523993","0.004042226487523993","0.004042226487523993"
"2051","0.004040946896992963","0.004040946896992963","0.004040946896992963"
"2052","0.004039667306461932","0.004039667306461932","0.004039667306461932"
"2053","0.004038387715930902","0.004038387715930902","0.004038387715930902"
"2054","0.004037108125399872","0.004037108125399872","0.004037108125399872"
"2055","0.004035828534868843","0.004035828534868843","0.004035828534868843"
"2056","0.004034548944337812","0.004034548944337812","0.004034548944337812"
"2057","0.0040332693538067815","0.0040332693538067815","0.0040332693538067815"
"2058","0.004031989763275752","0.004031989763275752","0.004031989763275752"
"2059","0.004030710172744722","0.004030710172744722","0.004030710172744722"
"2060","0.004029430582213692","0.004029430582213692","0.004029430582213692"
"2061","0.004028150991682662","0.004028150991682662","0.004028150991682662"
"2062","0.0040268714011516315","0.0040268714011516315","0.0040268714011516315"
"2063","0.004025591810620602","0.004025591810620602","0.004025591810620602"
"2064","0.004024312220089571","0.004024312220089571","0.004024312220089571"
"2065","0.004023032629558541","0.004023032629558541","0.004023032629558541"
"2066","0.0040217530390275116","0.0040217530390275116","0.0040217530390275116"
"2067","0.004020473448496481","0.004020473448496481","0.004020473448496481"
"2068","0.004019193857965451","0.004019193857965451","0.004019193857965451"
"2069","0.004017914267434421","0.004017914267434421","0.004017914267434421"
"2070","0.004016634676903391","0.004016634676903391","0.004016634676903391"
"2071","0.0040153550863723615","0.0040153550863723615","0.0040153550863723615"
"2072","0.00401407549584133","0.00401407549584133","0.00401407549584133"
"2073","0.0040127959053103","0.0040127959053103","0.0040127959053103"
"2074","0.004011516314779271","0.004011516314779271","0.004011516314779271"
"2075","0.004010236724248241","0.004010236724248241","0.004010236724248241"
"2076","0.0040089571337172105","0.0040089571337172105","0.0040089571337172105"
"2077","0.00400767754318618","0.00400767754318618","0.00400767754318618"
"2078","0.00400639795265515","0.00400639795265515","0.00400639795265515"
"2079","0.004005118362124121","0.004005118362124121","0.004005118362124121"
"2080","0.00400383877159309","0.00400383877159309","0.00400383877159309"
"2081","0.0040025591810620605","0.0040025591810620605","0.0040025591810620605"
"2082","0.00400127959053103","0.00400127959053103","0.00400127959053103"
"2083","0.004","0.004","0.004"
"2084","0.00399872040946897","0.00399872040946897","0.00399872040946897"
"2085","0.00399744081893794","0.00399744081893794","0.00399744081893794"
"2086","0.0039961612284069095","0.0039961612284069095","0.0039961612284069095"
"2087","0.00399488163787588","0.00399488163787588","0.00399488163787588"
"2088","0.003993602047344849","0.003993602047344849","0.003993602047344849"
"2089","0.00399232245681382","0.00399232245681382","0.00399232245681382"
"2090","0.00399104286628279","0.00399104286628279","0.00399104286628279"
"2091","0.0039897632757517594","0.0039897632757517594","0.0039897632757517594"
"2092","0.003988483685220729","0.003988483685220729","0.003988483685220729"
"2093","0.003987204094689699","0.003987204094689699","0.003987204094689699"
"2094","0.00398592450415867","0.00398592450415867","0.00398592450415867"
"2095","0.0039846449136276395","0.0039846449136276395","0.0039846449136276395"
"2096","0.003983365323096609","0.003983365323096609","0.003983365323096609"
"2097","0.003982085732565579","0.003982085732565579","0.003982085732565579"
"2098","0.003980806142034549","0.003980806142034549","0.003980806142034549"
"2099","0.00397952655150352","0.00397952655150352","0.00397952655150352"
"2100","0.003978246960972489","0.003978246960972489","0.003978246960972489"
"2101","0.003976967370441458","0.003976967370441458","0.003976967370441458"
"2102","0.003975687779910429","0.003975687779910429","0.003975687779910429"
"2103","0.003974408189379399","0.003974408189379399","0.003974408189379399"
"2104","0.003973128598848369","0.003973128598848369","0.003973128598848369"
"2105","0.0039718490083173385","0.0039718490083173385","0.0039718490083173385"
"2106","0.003970569417786308","0.003970569417786308","0.003970569417786308"
"2107","0.003969289827255279","0.003969289827255279","0.003969289827255279"
"2108","0.003968010236724248","0.003968010236724248","0.003968010236724248"
"2109","0.003966730646193218","0.003966730646193218","0.003966730646193218"
"2110","0.0039654510556621884","0.0039654510556621884","0.0039654510556621884"
"2111","0.003964171465131158","0.003964171465131158","0.003964171465131158"
"2112","0.003962891874600128","0.003962891874600128","0.003962891874600128"
"2113","0.003961612284069098","0.003961612284069098","0.003961612284069098"
"2114","0.003960332693538068","0.003960332693538068","0.003960332693538068"
"2115","0.003959053103007038","0.003959053103007038","0.003959053103007038"
"2116","0.003957773512476007","0.003957773512476007","0.003957773512476007"
"2117","0.003956493921944977","0.003956493921944977","0.003956493921944977"
"2118","0.003955214331413948","0.003955214331413948","0.003955214331413948"
"2119","0.003953934740882918","0.003953934740882918","0.003953934740882918"
"2120","0.003952655150351887","0.003952655150351887","0.003952655150351887"
"2121","0.003951375559820857","0.003951375559820857","0.003951375559820857"
"2122","0.003950095969289827","0.003950095969289827","0.003950095969289827"
"2123","0.003948816378758798","0.003948816378758798","0.003948816378758798"
"2124","0.003947536788227767","0.003947536788227767","0.003947536788227767"
"2125","0.003946257197696737","0.003946257197696737","0.003946257197696737"
"2126","0.003944977607165707","0.003944977607165707","0.003944977607165707"
"2127","0.003943698016634677","0.003943698016634677","0.003943698016634677"
"2128","0.003942418426103647","0.003942418426103647","0.003942418426103647"
"2129","0.003941138835572617","0.003941138835572617","0.003941138835572617"
"2130","0.003939859245041587","0.003939859245041587","0.003939859245041587"
"2131","0.003938579654510557","0.003938579654510557","0.003938579654510557"
"2132","0.003937300063979526","0.003937300063979526","0.003937300063979526"
"2133","0.003936020473448497","0.003936020473448497","0.003936020473448497"
"2134","0.0039347408829174665","0.0039347408829174665","0.0039347408829174665"
"2135","0.003933461292386436","0.003933461292386436","0.003933461292386436"
"2136","0.003932181701855406","0.003932181701855406","0.003932181701855406"
"2137","0.003930902111324376","0.003930902111324376","0.003930902111324376"
"2138","0.003929622520793347","0.003929622520793347","0.003929622520793347"
"2139","0.003928342930262316","0.003928342930262316","0.003928342930262316"
"2140","0.003927063339731286","0.003927063339731286","0.003927063339731286"
"2141","0.003925783749200256","0.003925783749200256","0.003925783749200256"
"2142","0.003924504158669226","0.003924504158669226","0.003924504158669226"
"2143","0.0039232245681381965","0.0039232245681381965","0.0039232245681381965"
"2144","0.0039219449776071655","0.0039219449776071655","0.0039219449776071655"
"2145","0.003920665387076135","0.003920665387076135","0.003920665387076135"
"2146","0.003919385796545106","0.003919385796545106","0.003919385796545106"
"2147","0.003918106206014076","0.003918106206014076","0.003918106206014076"
"2148","0.003916826615483046","0.003916826615483046","0.003916826615483046"
"2149","0.003915547024952015","0.003915547024952015","0.003915547024952015"
"2150","0.003914267434420985","0.003914267434420985","0.003914267434420985"
"2151","0.003912987843889956","0.003912987843889956","0.003912987843889956"
"2152","0.003911708253358925","0.003911708253358925","0.003911708253358925"
"2153","0.003910428662827895","0.003910428662827895","0.003910428662827895"
"2154","0.003909149072296865","0.003909149072296865","0.003909149072296865"
"2155","0.003907869481765835","0.003907869481765835","0.003907869481765835"
"2156","0.003906589891234805","0.003906589891234805","0.003906589891234805"
"2157","0.0039053103007037748","0.0039053103007037748","0.0039053103007037748"
"2158","0.0039040307101727446","0.0039040307101727446","0.0039040307101727446"
"2159","0.003902751119641715","0.003902751119641715","0.003902751119641715"
"2160","0.0039014715291106846","0.0039014715291106846","0.0039014715291106846"
"2161","0.0039001919385796544","0.0039001919385796544","0.0039001919385796544"
"2162","0.0038989123480486247","0.0038989123480486247","0.0038989123480486247"
"2163","0.003897632757517594","0.003897632757517594","0.003897632757517594"
"2164","0.0038963531669865647","0.0038963531669865647","0.0038963531669865647"
"2165","0.003895073576455534","0.003895073576455534","0.003895073576455534"
"2166","0.003893793985924504","0.003893793985924504","0.003893793985924504"
"2167","0.003892514395393474","0.003892514395393474","0.003892514395393474"
"2168","0.003891234804862444","0.003891234804862444","0.003891234804862444"
"2169","0.0038899552143314142","0.0038899552143314142","0.0038899552143314142"
"2170","0.003888675623800384","0.003888675623800384","0.003888675623800384"
"2171","0.003887396033269354","0.003887396033269354","0.003887396033269354"
"2172","0.003886116442738324","0.003886116442738324","0.003886116442738324"
"2173","0.0038848368522072935","0.0038848368522072935","0.0038848368522072935"
"2174","0.003883557261676264","0.003883557261676264","0.003883557261676264"
"2175","0.0038822776711452335","0.0038822776711452335","0.0038822776711452335"
"2176","0.0038809980806142033","0.0038809980806142033","0.0038809980806142033"
"2177","0.0038797184900831736","0.0038797184900831736","0.0038797184900831736"
"2178","0.0038784388995521434","0.0038784388995521434","0.0038784388995521434"
"2179","0.003877159309021113","0.003877159309021113","0.003877159309021113"
"2180","0.0038758797184900834","0.0038758797184900834","0.0038758797184900834"
"2181","0.003874600127959053","0.003874600127959053","0.003874600127959053"
"2182","0.0038733205374280235","0.0038733205374280235","0.0038733205374280235"
"2183","0.003872040946896993","0.003872040946896993","0.003872040946896993"
"2184","0.0038707613563659627","0.0038707613563659627","0.0038707613563659627"
"2185","0.003869481765834933","0.003869481765834933","0.003869481765834933"
"2186","0.0038682021753039027","0.0038682021753039027","0.0038682021753039027"
"2187","0.003866922584772873","0.003866922584772873","0.003866922584772873"
"2188","0.003865642994241843","0.003865642994241843","0.003865642994241843"
"2189","0.0038643634037108126","0.0038643634037108126","0.0038643634037108126"
"2190","0.003863083813179783","0.003863083813179783","0.003863083813179783"
"2191","0.0038618042226487522","0.0038618042226487522","0.0038618042226487522"
"2192","0.003860524632117722","0.003860524632117722","0.003860524632117722"
"2193","0.0038592450415866923","0.0038592450415866923","0.0038592450415866923"
"2194","0.003857965451055662","0.003857965451055662","0.003857965451055662"
"2195","0.0038566858605246323","0.0038566858605246323","0.0038566858605246323"
"2196","0.003855406269993602","0.003855406269993602","0.003855406269993602"
"2197","0.003854126679462572","0.003854126679462572","0.003854126679462572"
"2198","0.003852847088931542","0.003852847088931542","0.003852847088931542"
"2199","0.0038515674984005116","0.0038515674984005116","0.0038515674984005116"
"2200","0.0038502879078694823","0.0038502879078694823","0.0038502879078694823"
"2201","0.0038490083173384516","0.0038490083173384516","0.0038490083173384516"
"2202","0.0038477287268074215","0.0038477287268074215","0.0038477287268074215"
"2203","0.0038464491362763917","0.0038464491362763917","0.0038464491362763917"
"2204","0.0038451695457453615","0.0038451695457453615","0.0038451695457453615"
"2205","0.0038438899552143318","0.0038438899552143318","0.0038438899552143318"
"2206","0.0038426103646833016","0.0038426103646833016","0.0038426103646833016"
"2207","0.0038413307741522714","0.0038413307741522714","0.0038413307741522714"
"2208","0.0038400511836212416","0.0038400511836212416","0.0038400511836212416"
"2209","0.003838771593090211","0.003838771593090211","0.003838771593090211"
"2210","0.003837492002559181","0.003837492002559181","0.003837492002559181"
"2211","0.003836212412028151","0.003836212412028151","0.003836212412028151"
"2212","0.003834932821497121","0.003834932821497121","0.003834932821497121"
"2213","0.003833653230966091","0.003833653230966091","0.003833653230966091"
"2214","0.003832373640435061","0.003832373640435061","0.003832373640435061"
"2215","0.0038310940499040307","0.0038310940499040307","0.0038310940499040307"
"2216","0.003829814459373001","0.003829814459373001","0.003829814459373001"
"2217","0.0038285348688419703","0.0038285348688419703","0.0038285348688419703"
"2218","0.003827255278310941","0.003827255278310941","0.003827255278310941"
"2219","0.0038259756877799104","0.0038259756877799104","0.0038259756877799104"
"2220","0.00382469609724888","0.00382469609724888","0.00382469609724888"
"2221","0.0038234165067178505","0.0038234165067178505","0.0038234165067178505"
"2222","0.0038221369161868203","0.0038221369161868203","0.0038221369161868203"
"2223","0.00382085732565579","0.00382085732565579","0.00382085732565579"
"2224","0.0038195777351247603","0.0038195777351247603","0.0038195777351247603"
"2225","0.00381829814459373","0.00381829814459373","0.00381829814459373"
"2226","0.0038170185540627004","0.0038170185540627004","0.0038170185540627004"
"2227","0.0038157389635316698","0.0038157389635316698","0.0038157389635316698"
"2228","0.0038144593730006396","0.0038144593730006396","0.0038144593730006396"
"2229","0.00381317978246961","0.00381317978246961","0.00381317978246961"
"2230","0.0038119001919385796","0.0038119001919385796","0.0038119001919385796"
"2231","0.00381062060140755","0.00381062060140755","0.00381062060140755"
"2232","0.0038093410108765197","0.0038093410108765197","0.0038093410108765197"
"2233","0.0038080614203454895","0.0038080614203454895","0.0038080614203454895"
"2234","0.0038067818298144597","0.0038067818298144597","0.0038067818298144597"
"2235","0.003805502239283429","0.003805502239283429","0.003805502239283429"
"2236","0.003804222648752399","0.003804222648752399","0.003804222648752399"
"2237","0.003802943058221369","0.003802943058221369","0.003802943058221369"
"2238","0.003801663467690339","0.003801663467690339","0.003801663467690339"
"2239","0.0038003838771593092","0.0038003838771593092","0.0038003838771593092"
"2240","0.003799104286628279","0.003799104286628279","0.003799104286628279"
"2241","0.003797824696097249","0.003797824696097249","0.003797824696097249"
"2242","0.003796545105566219","0.003796545105566219","0.003796545105566219"
"2243","0.003795265515035189","0.003795265515035189","0.003795265515035189"
"2244","0.003793985924504159","0.003793985924504159","0.003793985924504159"
"2245","0.0037927063339731285","0.0037927063339731285","0.0037927063339731285"
"2246","0.0037914267434420983","0.0037914267434420983","0.0037914267434420983"
"2247","0.0037901471529110686","0.0037901471529110686","0.0037901471529110686"
"2248","0.0037888675623800384","0.0037888675623800384","0.0037888675623800384"
"2249","0.0037875879718490086","0.0037875879718490086","0.0037875879718490086"
"2250","0.0037863083813179784","0.0037863083813179784","0.0037863083813179784"
"2251","0.0037850287907869483","0.0037850287907869483","0.0037850287907869483"
"2252","0.0037837492002559185","0.0037837492002559185","0.0037837492002559185"
"2253","0.003782469609724888","0.003782469609724888","0.003782469609724888"
"2254","0.0037811900191938577","0.0037811900191938577","0.0037811900191938577"
"2255","0.003779910428662828","0.003779910428662828","0.003779910428662828"
"2256","0.0037786308381317977","0.0037786308381317977","0.0037786308381317977"
"2257","0.003777351247600768","0.003777351247600768","0.003777351247600768"
"2258","0.003776071657069738","0.003776071657069738","0.003776071657069738"
"2259","0.0037747920665387076","0.0037747920665387076","0.0037747920665387076"
"2260","0.003773512476007678","0.003773512476007678","0.003773512476007678"
"2261","0.0037722328854766477","0.0037722328854766477","0.0037722328854766477"
"2262","0.003770953294945618","0.003770953294945618","0.003770953294945618"
"2263","0.0037696737044145873","0.0037696737044145873","0.0037696737044145873"
"2264","0.003768394113883557","0.003768394113883557","0.003768394113883557"
"2265","0.0037671145233525273","0.0037671145233525273","0.0037671145233525273"
"2266","0.003765834932821497","0.003765834932821497","0.003765834932821497"
"2267","0.003764555342290467","0.003764555342290467","0.003764555342290467"
"2268","0.003763275751759437","0.003763275751759437","0.003763275751759437"
"2269","0.003761996161228407","0.003761996161228407","0.003761996161228407"
"2270","0.0037607165706973773","0.0037607165706973773","0.0037607165706973773"
"2271","0.0037594369801663466","0.0037594369801663466","0.0037594369801663466"
"2272","0.0037581573896353164","0.0037581573896353164","0.0037581573896353164"
"2273","0.0037568777991042867","0.0037568777991042867","0.0037568777991042867"
"2274","0.0037555982085732565","0.0037555982085732565","0.0037555982085732565"
"2275","0.0037543186180422267","0.0037543186180422267","0.0037543186180422267"
"2276","0.0037530390275111966","0.0037530390275111966","0.0037530390275111966"
"2277","0.0037517594369801664","0.0037517594369801664","0.0037517594369801664"
"2278","0.0037504798464491366","0.0037504798464491366","0.0037504798464491366"
"2279","0.003749200255918106","0.003749200255918106","0.003749200255918106"
"2280","0.0037479206653870767","0.0037479206653870767","0.0037479206653870767"
"2281","0.003746641074856046","0.003746641074856046","0.003746641074856046"
"2282","0.003745361484325016","0.003745361484325016","0.003745361484325016"
"2283","0.003744081893793986","0.003744081893793986","0.003744081893793986"
"2284","0.003742802303262956","0.003742802303262956","0.003742802303262956"
"2285","0.0037415227127319257","0.0037415227127319257","0.0037415227127319257"
"2286","0.003740243122200896","0.003740243122200896","0.003740243122200896"
"2287","0.0037389635316698658","0.0037389635316698658","0.0037389635316698658"
"2288","0.003737683941138836","0.003737683941138836","0.003737683941138836"
"2289","0.0037364043506078054","0.0037364043506078054","0.0037364043506078054"
"2290","0.003735124760076775","0.003735124760076775","0.003735124760076775"
"2291","0.0037338451695457455","0.0037338451695457455","0.0037338451695457455"
"2292","0.0037325655790147153","0.0037325655790147153","0.0037325655790147153"
"2293","0.0037312859884836855","0.0037312859884836855","0.0037312859884836855"
"2294","0.0037300063979526553","0.0037300063979526553","0.0037300063979526553"
"2295","0.003728726807421625","0.003728726807421625","0.003728726807421625"
"2296","0.0037274472168905954","0.0037274472168905954","0.0037274472168905954"
"2297","0.0037261676263595648","0.0037261676263595648","0.0037261676263595648"
"2298","0.0037248880358285346","0.0037248880358285346","0.0037248880358285346"
"2299","0.003723608445297505","0.003723608445297505","0.003723608445297505"
"2300","0.0037223288547664746","0.0037223288547664746","0.0037223288547664746"
"2301","0.003721049264235445","0.003721049264235445","0.003721049264235445"
"2302","0.0037197696737044147","0.0037197696737044147","0.0037197696737044147"
"2303","0.0037184900831733845","0.0037184900831733845","0.0037184900831733845"
"2304","0.0037172104926423547","0.0037172104926423547","0.0037172104926423547"
"2305","0.0037159309021113245","0.0037159309021113245","0.0037159309021113245"
"2306","0.003714651311580295","0.003714651311580295","0.003714651311580295"
"2307","0.003713371721049264","0.003713371721049264","0.003713371721049264"
"2308","0.003712092130518234","0.003712092130518234","0.003712092130518234"
"2309","0.0037108125399872042","0.0037108125399872042","0.0037108125399872042"
"2310","0.003709532949456174","0.003709532949456174","0.003709532949456174"
"2311","0.003708253358925144","0.003708253358925144","0.003708253358925144"
"2312","0.003706973768394114","0.003706973768394114","0.003706973768394114"
"2313","0.003705694177863084","0.003705694177863084","0.003705694177863084"
"2314","0.003704414587332054","0.003704414587332054","0.003704414587332054"
"2315","0.0037031349968010235","0.0037031349968010235","0.0037031349968010235"
"2316","0.0037018554062699933","0.0037018554062699933","0.0037018554062699933"
"2317","0.0037005758157389636","0.0037005758157389636","0.0037005758157389636"
"2318","0.0036992962252079334","0.0036992962252079334","0.0036992962252079334"
"2319","0.0036980166346769036","0.0036980166346769036","0.0036980166346769036"
"2320","0.0036967370441458734","0.0036967370441458734","0.0036967370441458734"
"2321","0.0036954574536148433","0.0036954574536148433","0.0036954574536148433"
"2322","0.0036941778630838135","0.0036941778630838135","0.0036941778630838135"
"2323","0.0036928982725527833","0.0036928982725527833","0.0036928982725527833"
"2324","0.0036916186820217536","0.0036916186820217536","0.0036916186820217536"
"2325","0.003690339091490723","0.003690339091490723","0.003690339091490723"
"2326","0.0036890595009596927","0.0036890595009596927","0.0036890595009596927"
"2327","0.003687779910428663","0.003687779910428663","0.003687779910428663"
"2328","0.003686500319897633","0.003686500319897633","0.003686500319897633"
"2329","0.0036852207293666026","0.0036852207293666026","0.0036852207293666026"
"2330","0.003683941138835573","0.003683941138835573","0.003683941138835573"
"2331","0.0036826615483045427","0.0036826615483045427","0.0036826615483045427"
"2332","0.003681381957773513","0.003681381957773513","0.003681381957773513"
"2333","0.0036801023672424823","0.0036801023672424823","0.0036801023672424823"
"2334","0.003678822776711452","0.003678822776711452","0.003678822776711452"
"2335","0.0036775431861804223","0.0036775431861804223","0.0036775431861804223"
"2336","0.003676263595649392","0.003676263595649392","0.003676263595649392"
"2337","0.0036749840051183624","0.0036749840051183624","0.0036749840051183624"
"2338","0.003673704414587332","0.003673704414587332","0.003673704414587332"
"2339","0.003672424824056302","0.003672424824056302","0.003672424824056302"
"2340","0.0036711452335252723","0.0036711452335252723","0.0036711452335252723"
"2341","0.003669865642994242","0.003669865642994242","0.003669865642994242"
"2342","0.0036685860524632114","0.0036685860524632114","0.0036685860524632114"
"2343","0.0036673064619321817","0.0036673064619321817","0.0036673064619321817"
"2344","0.0036660268714011515","0.0036660268714011515","0.0036660268714011515"
"2345","0.0036647472808701217","0.0036647472808701217","0.0036647472808701217"
"2346","0.0036634676903390916","0.0036634676903390916","0.0036634676903390916"
"2347","0.0036621880998080614","0.0036621880998080614","0.0036621880998080614"
"2348","0.0036609085092770316","0.0036609085092770316","0.0036609085092770316"
"2349","0.0036596289187460014","0.0036596289187460014","0.0036596289187460014"
"2350","0.0036583493282149717","0.0036583493282149717","0.0036583493282149717"
"2351","0.003657069737683941","0.003657069737683941","0.003657069737683941"
"2352","0.003655790147152911","0.003655790147152911","0.003655790147152911"
"2353","0.003654510556621881","0.003654510556621881","0.003654510556621881"
"2354","0.003653230966090851","0.003653230966090851","0.003653230966090851"
"2355","0.003651951375559821","0.003651951375559821","0.003651951375559821"
"2356","0.003650671785028791","0.003650671785028791","0.003650671785028791"
"2357","0.0036493921944977608","0.0036493921944977608","0.0036493921944977608"
"2358","0.003648112603966731","0.003648112603966731","0.003648112603966731"
"2359","0.003646833013435701","0.003646833013435701","0.003646833013435701"
"2360","0.00364555342290467","0.00364555342290467","0.00364555342290467"
"2361","0.0036442738323736405","0.0036442738323736405","0.0036442738323736405"
"2362","0.0036429942418426103","0.0036429942418426103","0.0036429942418426103"
"2363","0.0036417146513115805","0.0036417146513115805","0.0036417146513115805"
"2364","0.0036404350607805503","0.0036404350607805503","0.0036404350607805503"
"2365","0.00363915547024952","0.00363915547024952","0.00363915547024952"
"2366","0.0036378758797184904","0.0036378758797184904","0.0036378758797184904"
"2367","0.00363659628918746","0.00363659628918746","0.00363659628918746"
"2368","0.0036353166986564304","0.0036353166986564304","0.0036353166986564304"
"2369","0.0036340371081254","0.0036340371081254","0.0036340371081254"
"2370","0.0036327575175943696","0.0036327575175943696","0.0036327575175943696"
"2371","0.00363147792706334","0.00363147792706334","0.00363147792706334"
"2372","0.0036301983365323097","0.0036301983365323097","0.0036301983365323097"
"2373","0.0036289187460012795","0.0036289187460012795","0.0036289187460012795"
"2374","0.0036276391554702497","0.0036276391554702497","0.0036276391554702497"
"2375","0.0036263595649392195","0.0036263595649392195","0.0036263595649392195"
"2376","0.00362507997440819","0.00362507997440819","0.00362507997440819"
"2377","0.003623800383877159","0.003623800383877159","0.003623800383877159"
"2378","0.003622520793346129","0.003622520793346129","0.003622520793346129"
"2379","0.0036212412028150992","0.0036212412028150992","0.0036212412028150992"
"2380","0.003619961612284069","0.003619961612284069","0.003619961612284069"
"2381","0.0036186820217530393","0.0036186820217530393","0.0036186820217530393"
"2382","0.003617402431222009","0.003617402431222009","0.003617402431222009"
"2383","0.003616122840690979","0.003616122840690979","0.003616122840690979"
"2384","0.003614843250159949","0.003614843250159949","0.003614843250159949"
"2385","0.003613563659628919","0.003613563659628919","0.003613563659628919"
"2386","0.0036122840690978883","0.0036122840690978883","0.0036122840690978883"
"2387","0.0036110044785668586","0.0036110044785668586","0.0036110044785668586"
"2388","0.0036097248880358284","0.0036097248880358284","0.0036097248880358284"
"2389","0.0036084452975047986","0.0036084452975047986","0.0036084452975047986"
"2390","0.0036071657069737684","0.0036071657069737684","0.0036071657069737684"
"2391","0.0036058861164427383","0.0036058861164427383","0.0036058861164427383"
"2392","0.0036046065259117085","0.0036046065259117085","0.0036046065259117085"
"2393","0.0036033269353806783","0.0036033269353806783","0.0036033269353806783"
"2394","0.0036020473448496486","0.0036020473448496486","0.0036020473448496486"
"2395","0.003600767754318618","0.003600767754318618","0.003600767754318618"
"2396","0.0035994881637875877","0.0035994881637875877","0.0035994881637875877"
"2397","0.003598208573256558","0.003598208573256558","0.003598208573256558"
"2398","0.003596928982725528","0.003596928982725528","0.003596928982725528"
"2399","0.003595649392194498","0.003595649392194498","0.003595649392194498"
"2400","0.003594369801663468","0.003594369801663468","0.003594369801663468"
"2401","0.0035930902111324377","0.0035930902111324377","0.0035930902111324377"
"2402","0.003591810620601408","0.003591810620601408","0.003591810620601408"
"2403","0.0035905310300703777","0.0035905310300703777","0.0035905310300703777"
"2404","0.003589251439539347","0.003589251439539347","0.003589251439539347"
"2405","0.0035879718490083173","0.0035879718490083173","0.0035879718490083173"
"2406","0.003586692258477287","0.003586692258477287","0.003586692258477287"
"2407","0.0035854126679462574","0.0035854126679462574","0.0035854126679462574"
"2408","0.003584133077415227","0.003584133077415227","0.003584133077415227"
"2409","0.003582853486884197","0.003582853486884197","0.003582853486884197"
"2410","0.0035815738963531673","0.0035815738963531673","0.0035815738963531673"
"2411","0.003580294305822137","0.003580294305822137","0.003580294305822137"
"2412","0.0035790147152911073","0.0035790147152911073","0.0035790147152911073"
"2413","0.0035777351247600767","0.0035777351247600767","0.0035777351247600767"
"2414","0.0035764555342290465","0.0035764555342290465","0.0035764555342290465"
"2415","0.0035751759436980167","0.0035751759436980167","0.0035751759436980167"
"2416","0.0035738963531669866","0.0035738963531669866","0.0035738963531669866"
"2417","0.0035726167626359564","0.0035726167626359564","0.0035726167626359564"
"2418","0.0035713371721049266","0.0035713371721049266","0.0035713371721049266"
"2419","0.0035700575815738964","0.0035700575815738964","0.0035700575815738964"
"2420","0.0035687779910428667","0.0035687779910428667","0.0035687779910428667"
"2421","0.0035674984005118365","0.0035674984005118365","0.0035674984005118365"
"2422","0.003566218809980806","0.003566218809980806","0.003566218809980806"
"2423","0.003564939219449776","0.003564939219449776","0.003564939219449776"
"2424","0.003563659628918746","0.003563659628918746","0.003563659628918746"
"2425","0.003562380038387716","0.003562380038387716","0.003562380038387716"
"2426","0.003561100447856686","0.003561100447856686","0.003561100447856686"
"2427","0.0035598208573256558","0.0035598208573256558","0.0035598208573256558"
"2428","0.003558541266794626","0.003558541266794626","0.003558541266794626"
"2429","0.003557261676263596","0.003557261676263596","0.003557261676263596"
"2430","0.003555982085732566","0.003555982085732566","0.003555982085732566"
"2431","0.0035547024952015355","0.0035547024952015355","0.0035547024952015355"
"2432","0.0035534229046705053","0.0035534229046705053","0.0035534229046705053"
"2433","0.0035521433141394755","0.0035521433141394755","0.0035521433141394755"
"2434","0.0035508637236084453","0.0035508637236084453","0.0035508637236084453"
"2435","0.003549584133077415","0.003549584133077415","0.003549584133077415"
"2436","0.0035483045425463854","0.0035483045425463854","0.0035483045425463854"
"2437","0.003547024952015355","0.003547024952015355","0.003547024952015355"
"2438","0.0035457453614843254","0.0035457453614843254","0.0035457453614843254"
"2439","0.0035444657709532952","0.0035444657709532952","0.0035444657709532952"
"2440","0.0035431861804222646","0.0035431861804222646","0.0035431861804222646"
"2441","0.003541906589891235","0.003541906589891235","0.003541906589891235"
"2442","0.0035406269993602047","0.0035406269993602047","0.0035406269993602047"
"2443","0.003539347408829175","0.003539347408829175","0.003539347408829175"
"2444","0.0035380678182981447","0.0035380678182981447","0.0035380678182981447"
"2445","0.0035367882277671145","0.0035367882277671145","0.0035367882277671145"
"2446","0.003535508637236085","0.003535508637236085","0.003535508637236085"
"2447","0.0035342290467050546","0.0035342290467050546","0.0035342290467050546"
"2448","0.003532949456174024","0.003532949456174024","0.003532949456174024"
"2449","0.0035316698656429942","0.0035316698656429942","0.0035316698656429942"
"2450","0.003530390275111964","0.003530390275111964","0.003530390275111964"
"2451","0.0035291106845809343","0.0035291106845809343","0.0035291106845809343"
"2452","0.003527831094049904","0.003527831094049904","0.003527831094049904"
"2453","0.003526551503518874","0.003526551503518874","0.003526551503518874"
"2454","0.003525271912987844","0.003525271912987844","0.003525271912987844"
"2455","0.003523992322456814","0.003523992322456814","0.003523992322456814"
"2456","0.003522712731925784","0.003522712731925784","0.003522712731925784"
"2457","0.003521433141394754","0.003521433141394754","0.003521433141394754"
"2458","0.0035201535508637234","0.0035201535508637234","0.0035201535508637234"
"2459","0.0035188739603326936","0.0035188739603326936","0.0035188739603326936"
"2460","0.0035175943698016634","0.0035175943698016634","0.0035175943698016634"
"2461","0.0035163147792706332","0.0035163147792706332","0.0035163147792706332"
"2462","0.0035150351887396035","0.0035150351887396035","0.0035150351887396035"
"2463","0.0035137555982085733","0.0035137555982085733","0.0035137555982085733"
"2464","0.0035124760076775435","0.0035124760076775435","0.0035124760076775435"
"2465","0.0035111964171465134","0.0035111964171465134","0.0035111964171465134"
"2466","0.0035099168266154827","0.0035099168266154827","0.0035099168266154827"
"2467","0.003508637236084453","0.003508637236084453","0.003508637236084453"
"2468","0.003507357645553423","0.003507357645553423","0.003507357645553423"
"2469","0.003506078055022393","0.003506078055022393","0.003506078055022393"
"2470","0.003504798464491363","0.003504798464491363","0.003504798464491363"
"2471","0.0035035188739603327","0.0035035188739603327","0.0035035188739603327"
"2472","0.003502239283429303","0.003502239283429303","0.003502239283429303"
"2473","0.0035009596928982727","0.0035009596928982727","0.0035009596928982727"
"2474","0.003499680102367243","0.003499680102367243","0.003499680102367243"
"2475","0.0034984005118362123","0.0034984005118362123","0.0034984005118362123"
"2476","0.003497120921305182","0.003497120921305182","0.003497120921305182"
"2477","0.0034958413307741524","0.0034958413307741524","0.0034958413307741524"
"2478","0.003494561740243122","0.003494561740243122","0.003494561740243122"
"2479","0.003493282149712092","0.003493282149712092","0.003493282149712092"
"2480","0.0034920025591810623","0.0034920025591810623","0.0034920025591810623"
"2481","0.003490722968650032","0.003490722968650032","0.003490722968650032"
"2482","0.0034894433781190023","0.0034894433781190023","0.0034894433781190023"
"2483","0.003488163787587972","0.003488163787587972","0.003488163787587972"
"2484","0.0034868841970569415","0.0034868841970569415","0.0034868841970569415"
"2485","0.0034856046065259117","0.0034856046065259117","0.0034856046065259117"
"2486","0.0034843250159948816","0.0034843250159948816","0.0034843250159948816"
"2487","0.003483045425463852","0.003483045425463852","0.003483045425463852"
"2488","0.0034817658349328216","0.0034817658349328216","0.0034817658349328216"
"2489","0.0034804862444017914","0.0034804862444017914","0.0034804862444017914"
"2490","0.0034792066538707617","0.0034792066538707617","0.0034792066538707617"
"2491","0.0034779270633397315","0.0034779270633397315","0.0034779270633397315"
"2492","0.003476647472808701","0.003476647472808701","0.003476647472808701"
"2493","0.003475367882277671","0.003475367882277671","0.003475367882277671"
"2494","0.003474088291746641","0.003474088291746641","0.003474088291746641"
"2495","0.003472808701215611","0.003472808701215611","0.003472808701215611"
"2496","0.003471529110684581","0.003471529110684581","0.003471529110684581"
"2497","0.0034702495201535508","0.0034702495201535508","0.0034702495201535508"
"2498","0.003468969929622521","0.003468969929622521","0.003468969929622521"
"2499","0.003467690339091491","0.003467690339091491","0.003467690339091491"
"2500","0.003466410748560461","0.003466410748560461","0.003466410748560461"
"2501","0.003465131158029431","0.003465131158029431","0.003465131158029431"
"2502","0.0034638515674984003","0.0034638515674984003","0.0034638515674984003"
"2503","0.0034625719769673705","0.0034625719769673705","0.0034625719769673705"
"2504","0.0034612923864363403","0.0034612923864363403","0.0034612923864363403"
"2505","0.00346001279590531","0.00346001279590531","0.00346001279590531"
"2506","0.0034587332053742804","0.0034587332053742804","0.0034587332053742804"
"2507","0.00345745361484325","0.00345745361484325","0.00345745361484325"
"2508","0.0034561740243122204","0.0034561740243122204","0.0034561740243122204"
"2509","0.0034548944337811902","0.0034548944337811902","0.0034548944337811902"
"2510","0.0034536148432501596","0.0034536148432501596","0.0034536148432501596"
"2511","0.00345233525271913","0.00345233525271913","0.00345233525271913"
"2512","0.0034510556621880997","0.0034510556621880997","0.0034510556621880997"
"2513","0.00344977607165707","0.00344977607165707","0.00344977607165707"
"2514","0.0034484964811260397","0.0034484964811260397","0.0034484964811260397"
"2515","0.0034472168905950095","0.0034472168905950095","0.0034472168905950095"
"2516","0.00344593730006398","0.00344593730006398","0.00344593730006398"
"2517","0.0034446577095329496","0.0034446577095329496","0.0034446577095329496"
"2518","0.00344337811900192","0.00344337811900192","0.00344337811900192"
"2519","0.0034420985284708897","0.0034420985284708897","0.0034420985284708897"
"2520","0.003440818937939859","0.003440818937939859","0.003440818937939859"
"2521","0.0034395393474088293","0.0034395393474088293","0.0034395393474088293"
"2522","0.003438259756877799","0.003438259756877799","0.003438259756877799"
"2523","0.003436980166346769","0.003436980166346769","0.003436980166346769"
"2524","0.003435700575815739","0.003435700575815739","0.003435700575815739"
"2525","0.003434420985284709","0.003434420985284709","0.003434420985284709"
"2526","0.003433141394753679","0.003433141394753679","0.003433141394753679"
"2527","0.003431861804222649","0.003431861804222649","0.003431861804222649"
"2528","0.0034305822136916184","0.0034305822136916184","0.0034305822136916184"
"2529","0.0034293026231605886","0.0034293026231605886","0.0034293026231605886"
"2530","0.0034280230326295584","0.0034280230326295584","0.0034280230326295584"
"2531","0.0034267434420985287","0.0034267434420985287","0.0034267434420985287"
"2532","0.0034254638515674985","0.0034254638515674985","0.0034254638515674985"
"2533","0.0034241842610364683","0.0034241842610364683","0.0034241842610364683"
"2534","0.0034229046705054385","0.0034229046705054385","0.0034229046705054385"
"2535","0.0034216250799744084","0.0034216250799744084","0.0034216250799744084"
"2536","0.0034203454894433777","0.0034203454894433777","0.0034203454894433777"
"2537","0.0034190658989123484","0.0034190658989123484","0.0034190658989123484"
"2538","0.003417786308381318","0.003417786308381318","0.003417786308381318"
"2539","0.003416506717850288","0.003416506717850288","0.003416506717850288"
"2540","0.003415227127319258","0.003415227127319258","0.003415227127319258"
"2541","0.0034139475367882277","0.0034139475367882277","0.0034139475367882277"
"2542","0.003412667946257198","0.003412667946257198","0.003412667946257198"
"2543","0.0034113883557261677","0.0034113883557261677","0.0034113883557261677"
"2544","0.003410108765195138","0.003410108765195138","0.003410108765195138"
"2545","0.0034088291746641078","0.0034088291746641078","0.0034088291746641078"
"2546","0.003407549584133077","0.003407549584133077","0.003407549584133077"
"2547","0.0034062699936020474","0.0034062699936020474","0.0034062699936020474"
"2548","0.003404990403071017","0.003404990403071017","0.003404990403071017"
"2549","0.0034037108125399874","0.0034037108125399874","0.0034037108125399874"
"2550","0.0034024312220089573","0.0034024312220089573","0.0034024312220089573"
"2551","0.003401151631477927","0.003401151631477927","0.003401151631477927"
"2552","0.0033998720409468973","0.0033998720409468973","0.0033998720409468973"
"2553","0.003398592450415867","0.003398592450415867","0.003398592450415867"
"2554","0.0033973128598848365","0.0033973128598848365","0.0033973128598848365"
"2555","0.003396033269353807","0.003396033269353807","0.003396033269353807"
"2556","0.0033947536788227766","0.0033947536788227766","0.0033947536788227766"
"2557","0.003393474088291747","0.003393474088291747","0.003393474088291747"
"2558","0.0033921944977607166","0.0033921944977607166","0.0033921944977607166"
"2559","0.0033909149072296864","0.0033909149072296864","0.0033909149072296864"
"2560","0.0033896353166986567","0.0033896353166986567","0.0033896353166986567"
"2561","0.0033883557261676265","0.0033883557261676265","0.0033883557261676265"
"2562","0.0033870761356365967","0.0033870761356365967","0.0033870761356365967"
"2563","0.0033857965451055665","0.0033857965451055665","0.0033857965451055665"
"2564","0.003384516954574536","0.003384516954574536","0.003384516954574536"
"2565","0.003383237364043506","0.003383237364043506","0.003383237364043506"
"2566","0.003381957773512476","0.003381957773512476","0.003381957773512476"
"2567","0.0033806781829814458","0.0033806781829814458","0.0033806781829814458"
"2568","0.003379398592450416","0.003379398592450416","0.003379398592450416"
"2569","0.003378119001919386","0.003378119001919386","0.003378119001919386"
"2570","0.003376839411388356","0.003376839411388356","0.003376839411388356"
"2571","0.003375559820857326","0.003375559820857326","0.003375559820857326"
"2572","0.0033742802303262953","0.0033742802303262953","0.0033742802303262953"
"2573","0.0033730006397952655","0.0033730006397952655","0.0033730006397952655"
"2574","0.0033717210492642353","0.0033717210492642353","0.0033717210492642353"
"2575","0.0033704414587332056","0.0033704414587332056","0.0033704414587332056"
"2576","0.0033691618682021754","0.0033691618682021754","0.0033691618682021754"
"2577","0.003367882277671145","0.003367882277671145","0.003367882277671145"
"2578","0.0033666026871401154","0.0033666026871401154","0.0033666026871401154"
"2579","0.0033653230966090852","0.0033653230966090852","0.0033653230966090852"
"2580","0.0033640435060780546","0.0033640435060780546","0.0033640435060780546"
"2581","0.0033627639155470253","0.0033627639155470253","0.0033627639155470253"
"2582","0.0033614843250159947","0.0033614843250159947","0.0033614843250159947"
"2583","0.003360204734484965","0.003360204734484965","0.003360204734484965"
"2584","0.0033589251439539347","0.0033589251439539347","0.0033589251439539347"
"2585","0.0033576455534229045","0.0033576455534229045","0.0033576455534229045"
"2586","0.003356365962891875","0.003356365962891875","0.003356365962891875"
"2587","0.0033550863723608446","0.0033550863723608446","0.0033550863723608446"
"2588","0.003353806781829815","0.003353806781829815","0.003353806781829815"
"2589","0.0033525271912987846","0.0033525271912987846","0.0033525271912987846"
"2590","0.003351247600767754","0.003351247600767754","0.003351247600767754"
"2591","0.0033499680102367243","0.0033499680102367243","0.0033499680102367243"
"2592","0.003348688419705694","0.003348688419705694","0.003348688419705694"
"2593","0.0033474088291746643","0.0033474088291746643","0.0033474088291746643"
"2594","0.003346129238643634","0.003346129238643634","0.003346129238643634"
"2595","0.003344849648112604","0.003344849648112604","0.003344849648112604"
"2596","0.003343570057581574","0.003343570057581574","0.003343570057581574"
"2597","0.003342290467050544","0.003342290467050544","0.003342290467050544"
"2598","0.0033410108765195134","0.0033410108765195134","0.0033410108765195134"
"2599","0.003339731285988484","0.003339731285988484","0.003339731285988484"
"2600","0.0033384516954574534","0.0033384516954574534","0.0033384516954574534"
"2601","0.0033371721049264237","0.0033371721049264237","0.0033371721049264237"
"2602","0.0033358925143953935","0.0033358925143953935","0.0033358925143953935"
"2603","0.0033346129238643633","0.0033346129238643633","0.0033346129238643633"
"2604","0.0033333333333333335","0.0033333333333333335","0.0033333333333333335"
"2605","0.0033320537428023034","0.0033320537428023034","0.0033320537428023034"
"2606","0.0033307741522712736","0.0033307741522712736","0.0033307741522712736"
"2607","0.0033294945617402434","0.0033294945617402434","0.0033294945617402434"
"2608","0.003328214971209213","0.003328214971209213","0.003328214971209213"
"2609","0.003326935380678183","0.003326935380678183","0.003326935380678183"
"2610","0.003325655790147153","0.003325655790147153","0.003325655790147153"
"2611","0.0033243761996161227","0.0033243761996161227","0.0033243761996161227"
"2612","0.003323096609085093","0.003323096609085093","0.003323096609085093"
"2613","0.0033218170185540627","0.0033218170185540627","0.0033218170185540627"
"2614","0.003320537428023033","0.003320537428023033","0.003320537428023033"
"2615","0.0033192578374920028","0.0033192578374920028","0.0033192578374920028"
"2616","0.003317978246960972","0.003317978246960972","0.003317978246960972"
"2617","0.003316698656429943","0.003316698656429943","0.003316698656429943"
"2618","0.003315419065898912","0.003315419065898912","0.003315419065898912"
"2619","0.0033141394753678824","0.0033141394753678824","0.0033141394753678824"
"2620","0.0033128598848368523","0.0033128598848368523","0.0033128598848368523"
"2621","0.003311580294305822","0.003311580294305822","0.003311580294305822"
"2622","0.0033103007037747923","0.0033103007037747923","0.0033103007037747923"
"2623","0.003309021113243762","0.003309021113243762","0.003309021113243762"
"2624","0.0033077415227127324","0.0033077415227127324","0.0033077415227127324"
"2625","0.003306461932181702","0.003306461932181702","0.003306461932181702"
"2626","0.0033051823416506716","0.0033051823416506716","0.0033051823416506716"
"2627","0.003303902751119642","0.003303902751119642","0.003303902751119642"
"2628","0.0033026231605886116","0.0033026231605886116","0.0033026231605886116"
"2629","0.0033013435700575814","0.0033013435700575814","0.0033013435700575814"
"2630","0.0033000639795265517","0.0033000639795265517","0.0033000639795265517"
"2631","0.0032987843889955215","0.0032987843889955215","0.0032987843889955215"
"2632","0.0032975047984644917","0.0032975047984644917","0.0032975047984644917"
"2633","0.0032962252079334615","0.0032962252079334615","0.0032962252079334615"
"2634","0.003294945617402431","0.003294945617402431","0.003294945617402431"
"2635","0.0032936660268714016","0.0032936660268714016","0.0032936660268714016"
"2636","0.003292386436340371","0.003292386436340371","0.003292386436340371"
"2637","0.003291106845809341","0.003291106845809341","0.003291106845809341"
"2638","0.003289827255278311","0.003289827255278311","0.003289827255278311"
"2639","0.003288547664747281","0.003288547664747281","0.003288547664747281"
"2640","0.003287268074216251","0.003287268074216251","0.003287268074216251"
"2641","0.003285988483685221","0.003285988483685221","0.003285988483685221"
"2642","0.0032847088931541903","0.0032847088931541903","0.0032847088931541903"
"2643","0.003283429302623161","0.003283429302623161","0.003283429302623161"
"2644","0.0032821497120921303","0.0032821497120921303","0.0032821497120921303"
"2645","0.0032808701215611006","0.0032808701215611006","0.0032808701215611006"
"2646","0.0032795905310300704","0.0032795905310300704","0.0032795905310300704"
"2647","0.00327831094049904","0.00327831094049904","0.00327831094049904"
"2648","0.0032770313499680104","0.0032770313499680104","0.0032770313499680104"
"2649","0.0032757517594369802","0.0032757517594369802","0.0032757517594369802"
"2650","0.0032744721689059505","0.0032744721689059505","0.0032744721689059505"
"2651","0.0032731925783749203","0.0032731925783749203","0.0032731925783749203"
"2652","0.0032719129878438897","0.0032719129878438897","0.0032719129878438897"
"2653","0.0032706333973128603","0.0032706333973128603","0.0032706333973128603"
"2654","0.0032693538067818297","0.0032693538067818297","0.0032693538067818297"
"2655","0.0032680742162507995","0.0032680742162507995","0.0032680742162507995"
"2656","0.0032667946257197698","0.0032667946257197698","0.0032667946257197698"
"2657","0.0032655150351887396","0.0032655150351887396","0.0032655150351887396"
"2658","0.00326423544465771","0.00326423544465771","0.00326423544465771"
"2659","0.0032629558541266796","0.0032629558541266796","0.0032629558541266796"
"2660","0.003261676263595649","0.003261676263595649","0.003261676263595649"
"2661","0.0032603966730646197","0.0032603966730646197","0.0032603966730646197"
"2662","0.003259117082533589","0.003259117082533589","0.003259117082533589"
"2663","0.0032578374920025593","0.0032578374920025593","0.0032578374920025593"
"2664","0.003256557901471529","0.003256557901471529","0.003256557901471529"
"2665","0.003255278310940499","0.003255278310940499","0.003255278310940499"
"2666","0.003253998720409469","0.003253998720409469","0.003253998720409469"
"2667","0.003252719129878439","0.003252719129878439","0.003252719129878439"
"2668","0.0032514395393474092","0.0032514395393474092","0.0032514395393474092"
"2669","0.003250159948816379","0.003250159948816379","0.003250159948816379"
"2670","0.0032488803582853484","0.0032488803582853484","0.0032488803582853484"
"2671","0.0032476007677543187","0.0032476007677543187","0.0032476007677543187"
"2672","0.0032463211772232885","0.0032463211772232885","0.0032463211772232885"
"2673","0.0032450415866922583","0.0032450415866922583","0.0032450415866922583"
"2674","0.0032437619961612285","0.0032437619961612285","0.0032437619961612285"
"2675","0.0032424824056301984","0.0032424824056301984","0.0032424824056301984"
"2676","0.0032412028150991686","0.0032412028150991686","0.0032412028150991686"
"2677","0.0032399232245681384","0.0032399232245681384","0.0032399232245681384"
"2678","0.003238643634037108","0.003238643634037108","0.003238643634037108"
"2679","0.0032373640435060785","0.0032373640435060785","0.0032373640435060785"
"2680","0.003236084452975048","0.003236084452975048","0.003236084452975048"
"2681","0.003234804862444018","0.003234804862444018","0.003234804862444018"
"2682","0.003233525271912988","0.003233525271912988","0.003233525271912988"
"2683","0.0032322456813819577","0.0032322456813819577","0.0032322456813819577"
"2684","0.003230966090850928","0.003230966090850928","0.003230966090850928"
"2685","0.0032296865003198978","0.0032296865003198978","0.0032296865003198978"
"2686","0.003228406909788867","0.003228406909788867","0.003228406909788867"
"2687","0.003227127319257838","0.003227127319257838","0.003227127319257838"
"2688","0.003225847728726807","0.003225847728726807","0.003225847728726807"
"2689","0.0032245681381957774","0.0032245681381957774","0.0032245681381957774"
"2690","0.0032232885476647473","0.0032232885476647473","0.0032232885476647473"
"2691","0.003222008957133717","0.003222008957133717","0.003222008957133717"
"2692","0.0032207293666026873","0.0032207293666026873","0.0032207293666026873"
"2693","0.003219449776071657","0.003219449776071657","0.003219449776071657"
"2694","0.0032181701855406274","0.0032181701855406274","0.0032181701855406274"
"2695","0.003216890595009597","0.003216890595009597","0.003216890595009597"
"2696","0.0032156110044785666","0.0032156110044785666","0.0032156110044785666"
"2697","0.0032143314139475372","0.0032143314139475372","0.0032143314139475372"
"2698","0.0032130518234165066","0.0032130518234165066","0.0032130518234165066"
"2699","0.003211772232885477","0.003211772232885477","0.003211772232885477"
"2700","0.0032104926423544467","0.0032104926423544467","0.0032104926423544467"
"2701","0.0032092130518234165","0.0032092130518234165","0.0032092130518234165"
"2702","0.0032079334612923867","0.0032079334612923867","0.0032079334612923867"
"2703","0.0032066538707613565","0.0032066538707613565","0.0032066538707613565"
"2704","0.003205374280230326","0.003205374280230326","0.003205374280230326"
"2705","0.0032040946896992966","0.0032040946896992966","0.0032040946896992966"
"2706","0.003202815099168266","0.003202815099168266","0.003202815099168266"
"2707","0.003201535508637236","0.003201535508637236","0.003201535508637236"
"2708","0.003200255918106206","0.003200255918106206","0.003200255918106206"
"2709","0.003198976327575176","0.003198976327575176","0.003198976327575176"
"2710","0.003197696737044146","0.003197696737044146","0.003197696737044146"
"2711","0.003196417146513116","0.003196417146513116","0.003196417146513116"
"2712","0.003195137555982086","0.003195137555982086","0.003195137555982086"
"2713","0.003193857965451056","0.003193857965451056","0.003193857965451056"
"2714","0.0031925783749200253","0.0031925783749200253","0.0031925783749200253"
"2715","0.003191298784388996","0.003191298784388996","0.003191298784388996"
"2716","0.0031900191938579654","0.0031900191938579654","0.0031900191938579654"
"2717","0.003188739603326935","0.003188739603326935","0.003188739603326935"
"2718","0.0031874600127959054","0.0031874600127959054","0.0031874600127959054"
"2719","0.0031861804222648752","0.0031861804222648752","0.0031861804222648752"
"2720","0.0031849008317338455","0.0031849008317338455","0.0031849008317338455"
"2721","0.0031836212412028153","0.0031836212412028153","0.0031836212412028153"
"2722","0.0031823416506717847","0.0031823416506717847","0.0031823416506717847"
"2723","0.0031810620601407553","0.0031810620601407553","0.0031810620601407553"
"2724","0.0031797824696097247","0.0031797824696097247","0.0031797824696097247"
"2725","0.003178502879078695","0.003178502879078695","0.003178502879078695"
"2726","0.0031772232885476648","0.0031772232885476648","0.0031772232885476648"
"2727","0.0031759436980166346","0.0031759436980166346","0.0031759436980166346"
"2728","0.003174664107485605","0.003174664107485605","0.003174664107485605"
"2729","0.0031733845169545746","0.0031733845169545746","0.0031733845169545746"
"2730","0.003172104926423544","0.003172104926423544","0.003172104926423544"
"2731","0.0031708253358925147","0.0031708253358925147","0.0031708253358925147"
"2732","0.003169545745361484","0.003169545745361484","0.003169545745361484"
"2733","0.0031682661548304548","0.0031682661548304548","0.0031682661548304548"
"2734","0.003166986564299424","0.003166986564299424","0.003166986564299424"
"2735","0.003165706973768394","0.003165706973768394","0.003165706973768394"
"2736","0.003164427383237364","0.003164427383237364","0.003164427383237364"
"2737","0.003163147792706334","0.003163147792706334","0.003163147792706334"
"2738","0.0031618682021753042","0.0031618682021753042","0.0031618682021753042"
"2739","0.003160588611644274","0.003160588611644274","0.003160588611644274"
"2740","0.0031593090211132434","0.0031593090211132434","0.0031593090211132434"
"2741","0.003158029430582214","0.003158029430582214","0.003158029430582214"
"2742","0.0031567498400511835","0.0031567498400511835","0.0031567498400511835"
"2743","0.0031554702495201537","0.0031554702495201537","0.0031554702495201537"
"2744","0.0031541906589891235","0.0031541906589891235","0.0031541906589891235"
"2745","0.0031529110684580934","0.0031529110684580934","0.0031529110684580934"
"2746","0.0031516314779270636","0.0031516314779270636","0.0031516314779270636"
"2747","0.0031503518873960334","0.0031503518873960334","0.0031503518873960334"
"2748","0.003149072296865003","0.003149072296865003","0.003149072296865003"
"2749","0.0031477927063339735","0.0031477927063339735","0.0031477927063339735"
"2750","0.003146513115802943","0.003146513115802943","0.003146513115802943"
"2751","0.0031452335252719135","0.0031452335252719135","0.0031452335252719135"
"2752","0.003143953934740883","0.003143953934740883","0.003143953934740883"
"2753","0.0031426743442098527","0.0031426743442098527","0.0031426743442098527"
"2754","0.003141394753678823","0.003141394753678823","0.003141394753678823"
"2755","0.0031401151631477928","0.0031401151631477928","0.0031401151631477928"
"2756","0.003138835572616763","0.003138835572616763","0.003138835572616763"
"2757","0.003137555982085733","0.003137555982085733","0.003137555982085733"
"2758","0.003136276391554702","0.003136276391554702","0.003136276391554702"
"2759","0.003134996801023673","0.003134996801023673","0.003134996801023673"
"2760","0.0031337172104926423","0.0031337172104926423","0.0031337172104926423"
"2761","0.003132437619961612","0.003132437619961612","0.003132437619961612"
"2762","0.0031311580294305823","0.0031311580294305823","0.0031311580294305823"
"2763","0.003129878438899552","0.003129878438899552","0.003129878438899552"
"2764","0.0031285988483685224","0.0031285988483685224","0.0031285988483685224"
"2765","0.003127319257837492","0.003127319257837492","0.003127319257837492"
"2766","0.0031260396673064616","0.0031260396673064616","0.0031260396673064616"
"2767","0.0031247600767754322","0.0031247600767754322","0.0031247600767754322"
"2768","0.0031234804862444016","0.0031234804862444016","0.0031234804862444016"
"2769","0.0031222008957133723","0.0031222008957133723","0.0031222008957133723"
"2770","0.0031209213051823417","0.0031209213051823417","0.0031209213051823417"
"2771","0.0031196417146513115","0.0031196417146513115","0.0031196417146513115"
"2772","0.0031183621241202817","0.0031183621241202817","0.0031183621241202817"
"2773","0.0031170825335892515","0.0031170825335892515","0.0031170825335892515"
"2774","0.0031158029430582218","0.0031158029430582218","0.0031158029430582218"
"2775","0.0031145233525271916","0.0031145233525271916","0.0031145233525271916"
"2776","0.003113243761996161","0.003113243761996161","0.003113243761996161"
"2777","0.0031119641714651316","0.0031119641714651316","0.0031119641714651316"
"2778","0.003110684580934101","0.003110684580934101","0.003110684580934101"
"2779","0.003109404990403071","0.003109404990403071","0.003109404990403071"
"2780","0.003108125399872041","0.003108125399872041","0.003108125399872041"
"2781","0.003106845809341011","0.003106845809341011","0.003106845809341011"
"2782","0.003105566218809981","0.003105566218809981","0.003105566218809981"
"2783","0.003104286628278951","0.003104286628278951","0.003104286628278951"
"2784","0.0031030070377479203","0.0031030070377479203","0.0031030070377479203"
"2785","0.003101727447216891","0.003101727447216891","0.003101727447216891"
"2786","0.0031004478566858604","0.0031004478566858604","0.0031004478566858604"
"2787","0.0030991682661548306","0.0030991682661548306","0.0030991682661548306"
"2788","0.0030978886756238004","0.0030978886756238004","0.0030978886756238004"
"2789","0.0030966090850927702","0.0030966090850927702","0.0030966090850927702"
"2790","0.0030953294945617405","0.0030953294945617405","0.0030953294945617405"
"2791","0.0030940499040307103","0.0030940499040307103","0.0030940499040307103"
"2792","0.0030927703134996797","0.0030927703134996797","0.0030927703134996797"
"2793","0.0030914907229686503","0.0030914907229686503","0.0030914907229686503"
"2794","0.0030902111324376197","0.0030902111324376197","0.0030902111324376197"
"2795","0.0030889315419065904","0.0030889315419065904","0.0030889315419065904"
"2796","0.0030876519513755598","0.0030876519513755598","0.0030876519513755598"
"2797","0.0030863723608445296","0.0030863723608445296","0.0030863723608445296"
"2798","0.0030850927703135","0.0030850927703135","0.0030850927703135"
"2799","0.0030838131797824696","0.0030838131797824696","0.0030838131797824696"
"2800","0.00308253358925144","0.00308253358925144","0.00308253358925144"
"2801","0.0030812539987204097","0.0030812539987204097","0.0030812539987204097"
"2802","0.003079974408189379","0.003079974408189379","0.003079974408189379"
"2803","0.0030786948176583498","0.0030786948176583498","0.0030786948176583498"
"2804","0.003077415227127319","0.003077415227127319","0.003077415227127319"
"2805","0.003076135636596289","0.003076135636596289","0.003076135636596289"
"2806","0.003074856046065259","0.003074856046065259","0.003074856046065259"
"2807","0.003073576455534229","0.003073576455534229","0.003073576455534229"
"2808","0.0030722968650031992","0.0030722968650031992","0.0030722968650031992"
"2809","0.003071017274472169","0.003071017274472169","0.003071017274472169"
"2810","0.0030697376839411384","0.0030697376839411384","0.0030697376839411384"
"2811","0.003068458093410109","0.003068458093410109","0.003068458093410109"
"2812","0.0030671785028790785","0.0030671785028790785","0.0030671785028790785"
"2813","0.003065898912348049","0.003065898912348049","0.003065898912348049"
"2814","0.0030646193218170185","0.0030646193218170185","0.0030646193218170185"
"2815","0.0030633397312859884","0.0030633397312859884","0.0030633397312859884"
"2816","0.0030620601407549586","0.0030620601407549586","0.0030620601407549586"
"2817","0.0030607805502239284","0.0030607805502239284","0.0030607805502239284"
"2818","0.0030595009596928987","0.0030595009596928987","0.0030595009596928987"
"2819","0.0030582213691618685","0.0030582213691618685","0.0030582213691618685"
"2820","0.003056941778630838","0.003056941778630838","0.003056941778630838"
"2821","0.0030556621880998085","0.0030556621880998085","0.0030556621880998085"
"2822","0.003054382597568778","0.003054382597568778","0.003054382597568778"
"2823","0.0030531030070377477","0.0030531030070377477","0.0030531030070377477"
"2824","0.003051823416506718","0.003051823416506718","0.003051823416506718"
"2825","0.0030505438259756878","0.0030505438259756878","0.0030505438259756878"
"2826","0.003049264235444658","0.003049264235444658","0.003049264235444658"
"2827","0.003047984644913628","0.003047984644913628","0.003047984644913628"
"2828","0.003046705054382597","0.003046705054382597","0.003046705054382597"
"2829","0.003045425463851568","0.003045425463851568","0.003045425463851568"
"2830","0.0030441458733205373","0.0030441458733205373","0.0030441458733205373"
"2831","0.003042866282789508","0.003042866282789508","0.003042866282789508"
"2832","0.0030415866922584773","0.0030415866922584773","0.0030415866922584773"
"2833","0.003040307101727447","0.003040307101727447","0.003040307101727447"
"2834","0.0030390275111964174","0.0030390275111964174","0.0030390275111964174"
"2835","0.003037747920665387","0.003037747920665387","0.003037747920665387"
"2836","0.0030364683301343566","0.0030364683301343566","0.0030364683301343566"
"2837","0.0030351887396033272","0.0030351887396033272","0.0030351887396033272"
"2838","0.0030339091490722966","0.0030339091490722966","0.0030339091490722966"
"2839","0.0030326295585412673","0.0030326295585412673","0.0030326295585412673"
"2840","0.0030313499680102367","0.0030313499680102367","0.0030313499680102367"
"2841","0.0030300703774792065","0.0030300703774792065","0.0030300703774792065"
"2842","0.0030287907869481767","0.0030287907869481767","0.0030287907869481767"
"2843","0.0030275111964171465","0.0030275111964171465","0.0030275111964171465"
"2844","0.0030262316058861168","0.0030262316058861168","0.0030262316058861168"
"2845","0.0030249520153550866","0.0030249520153550866","0.0030249520153550866"
"2846","0.003023672424824056","0.003023672424824056","0.003023672424824056"
"2847","0.0030223928342930266","0.0030223928342930266","0.0030223928342930266"
"2848","0.003021113243761996","0.003021113243761996","0.003021113243761996"
"2849","0.0030198336532309667","0.0030198336532309667","0.0030198336532309667"
"2850","0.003018554062699936","0.003018554062699936","0.003018554062699936"
"2851","0.003017274472168906","0.003017274472168906","0.003017274472168906"
"2852","0.003015994881637876","0.003015994881637876","0.003015994881637876"
"2853","0.003014715291106846","0.003014715291106846","0.003014715291106846"
"2854","0.0030134357005758153","0.0030134357005758153","0.0030134357005758153"
"2855","0.003012156110044786","0.003012156110044786","0.003012156110044786"
"2856","0.0030108765195137554","0.0030108765195137554","0.0030108765195137554"
"2857","0.003009596928982726","0.003009596928982726","0.003009596928982726"
"2858","0.0030083173384516954","0.0030083173384516954","0.0030083173384516954"
"2859","0.0030070377479206652","0.0030070377479206652","0.0030070377479206652"
"2860","0.0030057581573896355","0.0030057581573896355","0.0030057581573896355"
"2861","0.0030044785668586053","0.0030044785668586053","0.0030044785668586053"
"2862","0.0030031989763275755","0.0030031989763275755","0.0030031989763275755"
"2863","0.0030019193857965453","0.0030019193857965453","0.0030019193857965453"
"2864","0.0030006397952655147","0.0030006397952655147","0.0030006397952655147"
"2865","0.002999360204734485","0.002999360204734485","0.002999360204734485"
"2866","0.0029980806142034548","0.0029980806142034548","0.0029980806142034548"
"2867","0.002996801023672425","0.002996801023672425","0.002996801023672425"
"2868","0.002995521433141395","0.002995521433141395","0.002995521433141395"
"2869","0.0029942418426103646","0.0029942418426103646","0.0029942418426103646"
"2870","0.0029929622520793345","0.0029929622520793345","0.0029929622520793345"
"2871","0.0029916826615483047","0.0029916826615483047","0.0029916826615483047"
"2872","0.0029904030710172745","0.0029904030710172745","0.0029904030710172745"
"2873","0.0029891234804862448","0.0029891234804862448","0.0029891234804862448"
"2874","0.002987843889955214","0.002987843889955214","0.002987843889955214"
"2875","0.0029865642994241844","0.0029865642994241844","0.0029865642994241844"
"2876","0.002985284708893154","0.002985284708893154","0.002985284708893154"
"2877","0.0029840051183621244","0.0029840051183621244","0.0029840051183621244"
"2878","0.002982725527831094","0.002982725527831094","0.002982725527831094"
"2879","0.002981445937300064","0.002981445937300064","0.002981445937300064"
"2880","0.002980166346769034","0.002980166346769034","0.002980166346769034"
"2881","0.002978886756238004","0.002978886756238004","0.002978886756238004"
"2882","0.002977607165706974","0.002977607165706974","0.002977607165706974"
"2883","0.0029763275751759437","0.0029763275751759437","0.0029763275751759437"
"2884","0.0029750479846449135","0.0029750479846449135","0.0029750479846449135"
"2885","0.002973768394113884","0.002973768394113884","0.002973768394113884"
"2886","0.0029724888035828536","0.0029724888035828536","0.0029724888035828536"
"2887","0.0029712092130518234","0.0029712092130518234","0.0029712092130518234"
"2888","0.0029699296225207932","0.0029699296225207932","0.0029699296225207932"
"2889","0.0029686500319897635","0.0029686500319897635","0.0029686500319897635"
"2890","0.0029673704414587333","0.0029673704414587333","0.0029673704414587333"
"2891","0.002966090850927703","0.002966090850927703","0.002966090850927703"
"2892","0.002964811260396673","0.002964811260396673","0.002964811260396673"
"2893","0.002963531669865643","0.002963531669865643","0.002963531669865643"
"2894","0.002962252079334613","0.002962252079334613","0.002962252079334613"
"2895","0.002960972488803583","0.002960972488803583","0.002960972488803583"
"2896","0.0029596928982725526","0.0029596928982725526","0.0029596928982725526"
"2897","0.002958413307741523","0.002958413307741523","0.002958413307741523"
"2898","0.0029571337172104926","0.0029571337172104926","0.0029571337172104926"
"2899","0.002955854126679463","0.002955854126679463","0.002955854126679463"
"2900","0.0029545745361484323","0.0029545745361484323","0.0029545745361484323"
"2901","0.0029532949456174025","0.0029532949456174025","0.0029532949456174025"
"2902","0.0029520153550863723","0.0029520153550863723","0.0029520153550863723"
"2903","0.0029507357645553426","0.0029507357645553426","0.0029507357645553426"
"2904","0.0029494561740243124","0.0029494561740243124","0.0029494561740243124"
"2905","0.002948176583493282","0.002948176583493282","0.002948176583493282"
"2906","0.002946896992962252","0.002946896992962252","0.002946896992962252"
"2907","0.0029456174024312222","0.0029456174024312222","0.0029456174024312222"
"2908","0.002944337811900192","0.002944337811900192","0.002944337811900192"
"2909","0.002943058221369162","0.002943058221369162","0.002943058221369162"
"2910","0.0029417786308381317","0.0029417786308381317","0.0029417786308381317"
"2911","0.002940499040307102","0.002940499040307102","0.002940499040307102"
"2912","0.0029392194497760717","0.0029392194497760717","0.0029392194497760717"
"2913","0.002937939859245042","0.002937939859245042","0.002937939859245042"
"2914","0.0029366602687140113","0.0029366602687140113","0.0029366602687140113"
"2915","0.0029353806781829816","0.0029353806781829816","0.0029353806781829816"
"2916","0.0029341010876519514","0.0029341010876519514","0.0029341010876519514"
"2917","0.0029328214971209216","0.0029328214971209216","0.0029328214971209216"
"2918","0.002931541906589891","0.002931541906589891","0.002931541906589891"
"2919","0.0029302623160588613","0.0029302623160588613","0.0029302623160588613"
"2920","0.002928982725527831","0.002928982725527831","0.002928982725527831"
"2921","0.0029277031349968013","0.0029277031349968013","0.0029277031349968013"
"2922","0.0029264235444657707","0.0029264235444657707","0.0029264235444657707"
"2923","0.002925143953934741","0.002925143953934741","0.002925143953934741"
"2924","0.0029238643634037107","0.0029238643634037107","0.0029238643634037107"
"2925","0.002922584772872681","0.002922584772872681","0.002922584772872681"
"2926","0.002921305182341651","0.002921305182341651","0.002921305182341651"
"2927","0.0029200255918106206","0.0029200255918106206","0.0029200255918106206"
"2928","0.0029187460012795904","0.0029187460012795904","0.0029187460012795904"
"2929","0.0029174664107485607","0.0029174664107485607","0.0029174664107485607"
"2930","0.0029161868202175305","0.0029161868202175305","0.0029161868202175305"
"2931","0.0029149072296865003","0.0029149072296865003","0.0029149072296865003"
"2932","0.00291362763915547","0.00291362763915547","0.00291362763915547"
"2933","0.0029123480486244403","0.0029123480486244403","0.0029123480486244403"
"2934","0.00291106845809341","0.00291106845809341","0.00291106845809341"
"2935","0.0029097888675623804","0.0029097888675623804","0.0029097888675623804"
"2936","0.0029085092770313498","0.0029085092770313498","0.0029085092770313498"
"2937","0.00290722968650032","0.00290722968650032","0.00290722968650032"
"2938","0.00290595009596929","0.00290595009596929","0.00290595009596929"
"2939","0.00290467050543826","0.00290467050543826","0.00290467050543826"
"2940","0.0029033909149072295","0.0029033909149072295","0.0029033909149072295"
"2941","0.0029021113243761997","0.0029021113243761997","0.0029021113243761997"
"2942","0.0029008317338451695","0.0029008317338451695","0.0029008317338451695"
"2943","0.0028995521433141398","0.0028995521433141398","0.0028995521433141398"
"2944","0.002898272552783109","0.002898272552783109","0.002898272552783109"
"2945","0.0028969929622520794","0.0028969929622520794","0.0028969929622520794"
"2946","0.002895713371721049","0.002895713371721049","0.002895713371721049"
"2947","0.0028944337811900194","0.0028944337811900194","0.0028944337811900194"
"2948","0.0028931541906589892","0.0028931541906589892","0.0028931541906589892"
"2949","0.002891874600127959","0.002891874600127959","0.002891874600127959"
"2950","0.002890595009596929","0.002890595009596929","0.002890595009596929"
"2951","0.002889315419065899","0.002889315419065899","0.002889315419065899"
"2952","0.002888035828534869","0.002888035828534869","0.002888035828534869"
"2953","0.0028867562380038387","0.0028867562380038387","0.0028867562380038387"
"2954","0.0028854766474728085","0.0028854766474728085","0.0028854766474728085"
"2955","0.002884197056941779","0.002884197056941779","0.002884197056941779"
"2956","0.0028829174664107486","0.0028829174664107486","0.0028829174664107486"
"2957","0.002881637875879719","0.002881637875879719","0.002881637875879719"
"2958","0.0028803582853486882","0.0028803582853486882","0.0028803582853486882"
"2959","0.0028790786948176585","0.0028790786948176585","0.0028790786948176585"
"2960","0.0028777991042866283","0.0028777991042866283","0.0028777991042866283"
"2961","0.0028765195137555985","0.0028765195137555985","0.0028765195137555985"
"2962","0.002875239923224568","0.002875239923224568","0.002875239923224568"
"2963","0.002873960332693538","0.002873960332693538","0.002873960332693538"
"2964","0.002872680742162508","0.002872680742162508","0.002872680742162508"
"2965","0.002871401151631478","0.002871401151631478","0.002871401151631478"
"2966","0.0028701215611004476","0.0028701215611004476","0.0028701215611004476"
"2967","0.002868841970569418","0.002868841970569418","0.002868841970569418"
"2968","0.0028675623800383876","0.0028675623800383876","0.0028675623800383876"
"2969","0.002866282789507358","0.002866282789507358","0.002866282789507358"
"2970","0.0028650031989763277","0.0028650031989763277","0.0028650031989763277"
"2971","0.0028637236084452975","0.0028637236084452975","0.0028637236084452975"
"2972","0.0028624440179142673","0.0028624440179142673","0.0028624440179142673"
"2973","0.0028611644273832375","0.0028611644273832375","0.0028611644273832375"
"2974","0.0028598848368522074","0.0028598848368522074","0.0028598848368522074"
"2975","0.002858605246321177","0.002858605246321177","0.002858605246321177"
"2976","0.002857325655790147","0.002857325655790147","0.002857325655790147"
"2977","0.0028560460652591172","0.0028560460652591172","0.0028560460652591172"
"2978","0.002854766474728087","0.002854766474728087","0.002854766474728087"
"2979","0.0028534868841970573","0.0028534868841970573","0.0028534868841970573"
"2980","0.0028522072936660267","0.0028522072936660267","0.0028522072936660267"
"2981","0.002850927703134997","0.002850927703134997","0.002850927703134997"
"2982","0.0028496481126039667","0.0028496481126039667","0.0028496481126039667"
"2983","0.002848368522072937","0.002848368522072937","0.002848368522072937"
"2984","0.0028470889315419063","0.0028470889315419063","0.0028470889315419063"
"2985","0.0028458093410108766","0.0028458093410108766","0.0028458093410108766"
"2986","0.0028445297504798464","0.0028445297504798464","0.0028445297504798464"
"2987","0.0028432501599488166","0.0028432501599488166","0.0028432501599488166"
"2988","0.0028419705694177864","0.0028419705694177864","0.0028419705694177864"
"2989","0.0028406909788867563","0.0028406909788867563","0.0028406909788867563"
"2990","0.002839411388355726","0.002839411388355726","0.002839411388355726"
"2991","0.0028381317978246963","0.0028381317978246963","0.0028381317978246963"
"2992","0.002836852207293666","0.002836852207293666","0.002836852207293666"
"2993","0.002835572616762636","0.002835572616762636","0.002835572616762636"
"2994","0.0028342930262316057","0.0028342930262316057","0.0028342930262316057"
"2995","0.002833013435700576","0.002833013435700576","0.002833013435700576"
"2996","0.002831733845169546","0.002831733845169546","0.002831733845169546"
"2997","0.0028304542546385156","0.0028304542546385156","0.0028304542546385156"
"2998","0.0028291746641074854","0.0028291746641074854","0.0028291746641074854"
"2999","0.0028278950735764557","0.0028278950735764557","0.0028278950735764557"
"3000","0.0028266154830454255","0.0028266154830454255","0.0028266154830454255"
"3001","0.0028253358925143957","0.0028253358925143957","0.0028253358925143957"
"3002","0.002824056301983365","0.002824056301983365","0.002824056301983365"
"3003","0.0028227767114523353","0.0028227767114523353","0.0028227767114523353"
"3004","0.002821497120921305","0.002821497120921305","0.002821497120921305"
"3005","0.0028202175303902754","0.0028202175303902754","0.0028202175303902754"
"3006","0.0028189379398592448","0.0028189379398592448","0.0028189379398592448"
"3007","0.002817658349328215","0.002817658349328215","0.002817658349328215"
"3008","0.002816378758797185","0.002816378758797185","0.002816378758797185"
"3009","0.002815099168266155","0.002815099168266155","0.002815099168266155"
"3010","0.002813819577735125","0.002813819577735125","0.002813819577735125"
"3011","0.0028125399872040947","0.0028125399872040947","0.0028125399872040947"
"3012","0.0028112603966730645","0.0028112603966730645","0.0028112603966730645"
"3013","0.0028099808061420348","0.0028099808061420348","0.0028099808061420348"
"3014","0.0028087012156110046","0.0028087012156110046","0.0028087012156110046"
"3015","0.0028074216250799744","0.0028074216250799744","0.0028074216250799744"
"3016","0.002806142034548944","0.002806142034548944","0.002806142034548944"
"3017","0.0028048624440179144","0.0028048624440179144","0.0028048624440179144"
"3018","0.0028035828534868842","0.0028035828534868842","0.0028035828534868842"
"3019","0.002802303262955854","0.002802303262955854","0.002802303262955854"
"3020","0.002801023672424824","0.002801023672424824","0.002801023672424824"
"3021","0.002799744081893794","0.002799744081893794","0.002799744081893794"
"3022","0.002798464491362764","0.002798464491362764","0.002798464491362764"
"3023","0.002797184900831734","0.002797184900831734","0.002797184900831734"
"3024","0.0027959053103007035","0.0027959053103007035","0.0027959053103007035"
"3025","0.002794625719769674","0.002794625719769674","0.002794625719769674"
"3026","0.0027933461292386436","0.0027933461292386436","0.0027933461292386436"
"3027","0.002792066538707614","0.002792066538707614","0.002792066538707614"
"3028","0.002790786948176583","0.002790786948176583","0.002790786948176583"
"3029","0.0027895073576455535","0.0027895073576455535","0.0027895073576455535"
"3030","0.0027882277671145233","0.0027882277671145233","0.0027882277671145233"
"3031","0.0027869481765834935","0.0027869481765834935","0.0027869481765834935"
"3032","0.0027856685860524633","0.0027856685860524633","0.0027856685860524633"
"3033","0.002784388995521433","0.002784388995521433","0.002784388995521433"
"3034","0.002783109404990403","0.002783109404990403","0.002783109404990403"
"3035","0.002781829814459373","0.002781829814459373","0.002781829814459373"
"3036","0.002780550223928343","0.002780550223928343","0.002780550223928343"
"3037","0.002779270633397313","0.002779270633397313","0.002779270633397313"
"3038","0.0027779910428662826","0.0027779910428662826","0.0027779910428662826"
"3039","0.002776711452335253","0.002776711452335253","0.002776711452335253"
"3040","0.0027754318618042227","0.0027754318618042227","0.0027754318618042227"
"3041","0.0027741522712731925","0.0027741522712731925","0.0027741522712731925"
"3042","0.0027728726807421623","0.0027728726807421623","0.0027728726807421623"
"3043","0.0027715930902111325","0.0027715930902111325","0.0027715930902111325"
"3044","0.0027703134996801024","0.0027703134996801024","0.0027703134996801024"
"3045","0.0027690339091490726","0.0027690339091490726","0.0027690339091490726"
"3046","0.002767754318618042","0.002767754318618042","0.002767754318618042"
"3047","0.0027664747280870122","0.0027664747280870122","0.0027664747280870122"
"3048","0.002765195137555982","0.002765195137555982","0.002765195137555982"
"3049","0.0027639155470249523","0.0027639155470249523","0.0027639155470249523"
"3050","0.0027626359564939217","0.0027626359564939217","0.0027626359564939217"
"3051","0.002761356365962892","0.002761356365962892","0.002761356365962892"
"3052","0.0027600767754318617","0.0027600767754318617","0.0027600767754318617"
"3053","0.002758797184900832","0.002758797184900832","0.002758797184900832"
"3054","0.0027575175943698018","0.0027575175943698018","0.0027575175943698018"
"3055","0.0027562380038387716","0.0027562380038387716","0.0027562380038387716"
"3056","0.0027549584133077414","0.0027549584133077414","0.0027549584133077414"
"3057","0.0027536788227767116","0.0027536788227767116","0.0027536788227767116"
"3058","0.0027523992322456814","0.0027523992322456814","0.0027523992322456814"
"3059","0.0027511196417146513","0.0027511196417146513","0.0027511196417146513"
"3060","0.002749840051183621","0.002749840051183621","0.002749840051183621"
"3061","0.0027485604606525913","0.0027485604606525913","0.0027485604606525913"
"3062","0.002747280870121561","0.002747280870121561","0.002747280870121561"
"3063","0.002746001279590531","0.002746001279590531","0.002746001279590531"
"3064","0.0027447216890595007","0.0027447216890595007","0.0027447216890595007"
"3065","0.002743442098528471","0.002743442098528471","0.002743442098528471"
"3066","0.002742162507997441","0.002742162507997441","0.002742162507997441"
"3067","0.002740882917466411","0.002740882917466411","0.002740882917466411"
"3068","0.0027396033269353804","0.0027396033269353804","0.0027396033269353804"
"3069","0.0027383237364043507","0.0027383237364043507","0.0027383237364043507"
"3070","0.0027370441458733205","0.0027370441458733205","0.0027370441458733205"
"3071","0.0027357645553422907","0.0027357645553422907","0.0027357645553422907"
"3072","0.00273448496481126","0.00273448496481126","0.00273448496481126"
"3073","0.0027332053742802303","0.0027332053742802303","0.0027332053742802303"
"3074","0.0027319257837492","0.0027319257837492","0.0027319257837492"
"3075","0.0027306461932181704","0.0027306461932181704","0.0027306461932181704"
"3076","0.00272936660268714","0.00272936660268714","0.00272936660268714"
"3077","0.00272808701215611","0.00272808701215611","0.00272808701215611"
"3078","0.00272680742162508","0.00272680742162508","0.00272680742162508"
"3079","0.00272552783109405","0.00272552783109405","0.00272552783109405"
"3080","0.00272424824056302","0.00272424824056302","0.00272424824056302"
"3081","0.0027229686500319897","0.0027229686500319897","0.0027229686500319897"
"3082","0.0027216890595009595","0.0027216890595009595","0.0027216890595009595"
"3083","0.0027204094689699298","0.0027204094689699298","0.0027204094689699298"
"3084","0.0027191298784388996","0.0027191298784388996","0.0027191298784388996"
"3085","0.00271785028790787","0.00271785028790787","0.00271785028790787"
"3086","0.002716570697376839","0.002716570697376839","0.002716570697376839"
"3087","0.0027152911068458094","0.0027152911068458094","0.0027152911068458094"
"3088","0.0027140115163147792","0.0027140115163147792","0.0027140115163147792"
"3089","0.0027127319257837495","0.0027127319257837495","0.0027127319257837495"
"3090","0.002711452335252719","0.002711452335252719","0.002711452335252719"
"3091","0.002710172744721689","0.002710172744721689","0.002710172744721689"
"3092","0.002708893154190659","0.002708893154190659","0.002708893154190659"
"3093","0.002707613563659629","0.002707613563659629","0.002707613563659629"
"3094","0.0027063339731285985","0.0027063339731285985","0.0027063339731285985"
"3095","0.0027050543825975688","0.0027050543825975688","0.0027050543825975688"
"3096","0.0027037747920665386","0.0027037747920665386","0.0027037747920665386"
"3097","0.002702495201535509","0.002702495201535509","0.002702495201535509"
"3098","0.0027012156110044786","0.0027012156110044786","0.0027012156110044786"
"3099","0.0026999360204734485","0.0026999360204734485","0.0026999360204734485"
"3100","0.0026986564299424183","0.0026986564299424183","0.0026986564299424183"
"3101","0.0026973768394113885","0.0026973768394113885","0.0026973768394113885"
"3102","0.0026960972488803583","0.0026960972488803583","0.0026960972488803583"
"3103","0.002694817658349328","0.002694817658349328","0.002694817658349328"
"3104","0.002693538067818298","0.002693538067818298","0.002693538067818298"
"3105","0.002692258477287268","0.002692258477287268","0.002692258477287268"
"3106","0.002690978886756238","0.002690978886756238","0.002690978886756238"
"3107","0.0026896992962252082","0.0026896992962252082","0.0026896992962252082"
"3108","0.0026884197056941776","0.0026884197056941776","0.0026884197056941776"
"3109","0.002687140115163148","0.002687140115163148","0.002687140115163148"
"3110","0.0026858605246321177","0.0026858605246321177","0.0026858605246321177"
"3111","0.002684580934101088","0.002684580934101088","0.002684580934101088"
"3112","0.0026833013435700573","0.0026833013435700573","0.0026833013435700573"
"3113","0.0026820217530390275","0.0026820217530390275","0.0026820217530390275"
"3114","0.0026807421625079974","0.0026807421625079974","0.0026807421625079974"
"3115","0.0026794625719769676","0.0026794625719769676","0.0026794625719769676"
"3116","0.002678182981445937","0.002678182981445937","0.002678182981445937"
"3117","0.0026769033909149072","0.0026769033909149072","0.0026769033909149072"
"3118","0.002675623800383877","0.002675623800383877","0.002675623800383877"
"3119","0.0026743442098528473","0.0026743442098528473","0.0026743442098528473"
"3120","0.002673064619321817","0.002673064619321817","0.002673064619321817"
"3121","0.002671785028790787","0.002671785028790787","0.002671785028790787"
"3122","0.0026705054382597567","0.0026705054382597567","0.0026705054382597567"
"3123","0.002669225847728727","0.002669225847728727","0.002669225847728727"
"3124","0.0026679462571976968","0.0026679462571976968","0.0026679462571976968"
"3125","0.0026666666666666666","0.0026666666666666666","0.0026666666666666666"
"3126","0.0026653870761356364","0.0026653870761356364","0.0026653870761356364"
"3127","0.0026641074856046066","0.0026641074856046066","0.0026641074856046066"
"3128","0.0026628278950735764","0.0026628278950735764","0.0026628278950735764"
"3129","0.0026615483045425467","0.0026615483045425467","0.0026615483045425467"
"3130","0.002660268714011516","0.002660268714011516","0.002660268714011516"
"3131","0.0026589891234804863","0.0026589891234804863","0.0026589891234804863"
"3132","0.002657709532949456","0.002657709532949456","0.002657709532949456"
"3133","0.0026564299424184264","0.0026564299424184264","0.0026564299424184264"
"3134","0.0026551503518873957","0.0026551503518873957","0.0026551503518873957"
"3135","0.002653870761356366","0.002653870761356366","0.002653870761356366"
"3136","0.002652591170825336","0.002652591170825336","0.002652591170825336"
"3137","0.002651311580294306","0.002651311580294306","0.002651311580294306"
"3138","0.002650031989763276","0.002650031989763276","0.002650031989763276"
"3139","0.0026487523992322457","0.0026487523992322457","0.0026487523992322457"
"3140","0.0026474728087012155","0.0026474728087012155","0.0026474728087012155"
"3141","0.0026461932181701857","0.0026461932181701857","0.0026461932181701857"
"3142","0.0026449136276391555","0.0026449136276391555","0.0026449136276391555"
"3143","0.0026436340371081253","0.0026436340371081253","0.0026436340371081253"
"3144","0.002642354446577095","0.002642354446577095","0.002642354446577095"
"3145","0.0026410748560460654","0.0026410748560460654","0.0026410748560460654"
"3146","0.002639795265515035","0.002639795265515035","0.002639795265515035"
"3147","0.002638515674984005","0.002638515674984005","0.002638515674984005"
"3148","0.002637236084452975","0.002637236084452975","0.002637236084452975"
"3149","0.002635956493921945","0.002635956493921945","0.002635956493921945"
"3150","0.002634676903390915","0.002634676903390915","0.002634676903390915"
"3151","0.002633397312859885","0.002633397312859885","0.002633397312859885"
"3152","0.0026321177223288545","0.0026321177223288545","0.0026321177223288545"
"3153","0.0026308381317978248","0.0026308381317978248","0.0026308381317978248"
"3154","0.0026295585412667946","0.0026295585412667946","0.0026295585412667946"
"3155","0.002628278950735765","0.002628278950735765","0.002628278950735765"
"3156","0.0026269993602047346","0.0026269993602047346","0.0026269993602047346"
"3157","0.0026257197696737044","0.0026257197696737044","0.0026257197696737044"
"3158","0.0026244401791426742","0.0026244401791426742","0.0026244401791426742"
"3159","0.0026231605886116445","0.0026231605886116445","0.0026231605886116445"
"3160","0.0026218809980806143","0.0026218809980806143","0.0026218809980806143"
"3161","0.002620601407549584","0.002620601407549584","0.002620601407549584"
"3162","0.002619321817018554","0.002619321817018554","0.002619321817018554"
"3163","0.002618042226487524","0.002618042226487524","0.002618042226487524"
"3164","0.002616762635956494","0.002616762635956494","0.002616762635956494"
"3165","0.0026154830454254638","0.0026154830454254638","0.0026154830454254638"
"3166","0.0026142034548944336","0.0026142034548944336","0.0026142034548944336"
"3167","0.002612923864363404","0.002612923864363404","0.002612923864363404"
"3168","0.0026116442738323736","0.0026116442738323736","0.0026116442738323736"
"3169","0.0026103646833013435","0.0026103646833013435","0.0026103646833013435"
"3170","0.0026090850927703133","0.0026090850927703133","0.0026090850927703133"
"3171","0.0026078055022392835","0.0026078055022392835","0.0026078055022392835"
"3172","0.0026065259117082533","0.0026065259117082533","0.0026065259117082533"
"3173","0.0026052463211772236","0.0026052463211772236","0.0026052463211772236"
"3174","0.002603966730646193","0.002603966730646193","0.002603966730646193"
"3175","0.002602687140115163","0.002602687140115163","0.002602687140115163"
"3176","0.002601407549584133","0.002601407549584133","0.002601407549584133"
"3177","0.0026001279590531032","0.0026001279590531032","0.0026001279590531032"
"3178","0.002598848368522073","0.002598848368522073","0.002598848368522073"
"3179","0.002597568777991043","0.002597568777991043","0.002597568777991043"
"3180","0.0025962891874600127","0.0025962891874600127","0.0025962891874600127"
"3181","0.002595009596928983","0.002595009596928983","0.002595009596928983"
"3182","0.0025937300063979527","0.0025937300063979527","0.0025937300063979527"
"3183","0.0025924504158669225","0.0025924504158669225","0.0025924504158669225"
"3184","0.0025911708253358924","0.0025911708253358924","0.0025911708253358924"
"3185","0.0025898912348048626","0.0025898912348048626","0.0025898912348048626"
"3186","0.0025886116442738324","0.0025886116442738324","0.0025886116442738324"
"3187","0.0025873320537428022","0.0025873320537428022","0.0025873320537428022"
"3188","0.002586052463211772","0.002586052463211772","0.002586052463211772"
"3189","0.0025847728726807423","0.0025847728726807423","0.0025847728726807423"
"3190","0.002583493282149712","0.002583493282149712","0.002583493282149712"
"3191","0.002582213691618682","0.002582213691618682","0.002582213691618682"
"3192","0.0025809341010876517","0.0025809341010876517","0.0025809341010876517"
"3193","0.002579654510556622","0.002579654510556622","0.002579654510556622"
"3194","0.0025783749200255918","0.0025783749200255918","0.0025783749200255918"
"3195","0.002577095329494562","0.002577095329494562","0.002577095329494562"
"3196","0.002575815738963532","0.002575815738963532","0.002575815738963532"
"3197","0.0025745361484325016","0.0025745361484325016","0.0025745361484325016"
"3198","0.0025732565579014714","0.0025732565579014714","0.0025732565579014714"
"3199","0.0025719769673704417","0.0025719769673704417","0.0025719769673704417"
"3200","0.0025706973768394115","0.0025706973768394115","0.0025706973768394115"
"3201","0.0025694177863083813","0.0025694177863083813","0.0025694177863083813"
"3202","0.002568138195777351","0.002568138195777351","0.002568138195777351"
"3203","0.0025668586052463214","0.0025668586052463214","0.0025668586052463214"
"3204","0.002565579014715291","0.002565579014715291","0.002565579014715291"
"3205","0.002564299424184261","0.002564299424184261","0.002564299424184261"
"3206","0.002563019833653231","0.002563019833653231","0.002563019833653231"
"3207","0.002561740243122201","0.002561740243122201","0.002561740243122201"
"3208","0.002560460652591171","0.002560460652591171","0.002560460652591171"
"3209","0.0025591810620601407","0.0025591810620601407","0.0025591810620601407"
"3210","0.0025579014715291105","0.0025579014715291105","0.0025579014715291105"
"3211","0.0025566218809980807","0.0025566218809980807","0.0025566218809980807"
"3212","0.0025553422904670505","0.0025553422904670505","0.0025553422904670505"
"3213","0.0025540626999360203","0.0025540626999360203","0.0025540626999360203"
"3214","0.00255278310940499","0.00255278310940499","0.00255278310940499"
"3215","0.0025515035188739604","0.0025515035188739604","0.0025515035188739604"
"3216","0.00255022392834293","0.00255022392834293","0.00255022392834293"
"3217","0.0025489443378119005","0.0025489443378119005","0.0025489443378119005"
"3218","0.0025476647472808703","0.0025476647472808703","0.0025476647472808703"
"3219","0.00254638515674984","0.00254638515674984","0.00254638515674984"
"3220","0.00254510556621881","0.00254510556621881","0.00254510556621881"
"3221","0.00254382597568778","0.00254382597568778","0.00254382597568778"
"3222","0.00254254638515675","0.00254254638515675","0.00254254638515675"
"3223","0.0025412667946257197","0.0025412667946257197","0.0025412667946257197"
"3224","0.0025399872040946896","0.0025399872040946896","0.0025399872040946896"
"3225","0.00253870761356366","0.00253870761356366","0.00253870761356366"
"3226","0.0025374280230326296","0.0025374280230326296","0.0025374280230326296"
"3227","0.0025361484325015994","0.0025361484325015994","0.0025361484325015994"
"3228","0.0025348688419705692","0.0025348688419705692","0.0025348688419705692"
"3229","0.0025335892514395395","0.0025335892514395395","0.0025335892514395395"
"3230","0.0025323096609085093","0.0025323096609085093","0.0025323096609085093"
"3231","0.002531030070377479","0.002531030070377479","0.002531030070377479"
"3232","0.002529750479846449","0.002529750479846449","0.002529750479846449"
"3233","0.002528470889315419","0.002528470889315419","0.002528470889315419"
"3234","0.002527191298784389","0.002527191298784389","0.002527191298784389"
"3235","0.002525911708253359","0.002525911708253359","0.002525911708253359"
"3236","0.002524632117722329","0.002524632117722329","0.002524632117722329"
"3237","0.002523352527191299","0.002523352527191299","0.002523352527191299"
"3238","0.0025220729366602686","0.0025220729366602686","0.0025220729366602686"
"3239","0.002520793346129239","0.002520793346129239","0.002520793346129239"
"3240","0.0025195137555982087","0.0025195137555982087","0.0025195137555982087"
"3241","0.0025182341650671785","0.0025182341650671785","0.0025182341650671785"
"3242","0.0025169545745361483","0.0025169545745361483","0.0025169545745361483"
"3243","0.0025156749840051186","0.0025156749840051186","0.0025156749840051186"
"3244","0.0025143953934740884","0.0025143953934740884","0.0025143953934740884"
"3245","0.002513115802943058","0.002513115802943058","0.002513115802943058"
"3246","0.002511836212412028","0.002511836212412028","0.002511836212412028"
"3247","0.0025105566218809982","0.0025105566218809982","0.0025105566218809982"
"3248","0.002509277031349968","0.002509277031349968","0.002509277031349968"
"3249","0.002507997440818938","0.002507997440818938","0.002507997440818938"
"3250","0.0025067178502879077","0.0025067178502879077","0.0025067178502879077"
"3251","0.002505438259756878","0.002505438259756878","0.002505438259756878"
"3252","0.0025041586692258477","0.0025041586692258477","0.0025041586692258477"
"3253","0.0025028790786948175","0.0025028790786948175","0.0025028790786948175"
"3254","0.002501599488163788","0.002501599488163788","0.002501599488163788"
"3255","0.0025003198976327576","0.0025003198976327576","0.0025003198976327576"
"3256","0.0024990403071017274","0.0024990403071017274","0.0024990403071017274"
"3257","0.0024977607165706977","0.0024977607165706977","0.0024977607165706977"
"3258","0.0024964811260396675","0.0024964811260396675","0.0024964811260396675"
"3259","0.0024952015355086373","0.0024952015355086373","0.0024952015355086373"
"3260","0.002493921944977607","0.002493921944977607","0.002493921944977607"
"3261","0.0024926423544465773","0.0024926423544465773","0.0024926423544465773"
"3262","0.002491362763915547","0.002491362763915547","0.002491362763915547"
"3263","0.002490083173384517","0.002490083173384517","0.002490083173384517"
"3264","0.0024888035828534868","0.0024888035828534868","0.0024888035828534868"
"3265","0.002487523992322457","0.002487523992322457","0.002487523992322457"
"3266","0.002486244401791427","0.002486244401791427","0.002486244401791427"
"3267","0.0024849648112603966","0.0024849648112603966","0.0024849648112603966"
"3268","0.0024836852207293664","0.0024836852207293664","0.0024836852207293664"
"3269","0.0024824056301983367","0.0024824056301983367","0.0024824056301983367"
"3270","0.0024811260396673065","0.0024811260396673065","0.0024811260396673065"
"3271","0.0024798464491362763","0.0024798464491362763","0.0024798464491362763"
"3272","0.002478566858605246","0.002478566858605246","0.002478566858605246"
"3273","0.0024772872680742164","0.0024772872680742164","0.0024772872680742164"
"3274","0.002476007677543186","0.002476007677543186","0.002476007677543186"
"3275","0.002474728087012156","0.002474728087012156","0.002474728087012156"
"3276","0.0024734484964811262","0.0024734484964811262","0.0024734484964811262"
"3277","0.002472168905950096","0.002472168905950096","0.002472168905950096"
"3278","0.002470889315419066","0.002470889315419066","0.002470889315419066"
"3279","0.002469609724888036","0.002469609724888036","0.002469609724888036"
"3280","0.002468330134357006","0.002468330134357006","0.002468330134357006"
"3281","0.0024670505438259757","0.0024670505438259757","0.0024670505438259757"
"3282","0.0024657709532949455","0.0024657709532949455","0.0024657709532949455"
"3283","0.0024644913627639158","0.0024644913627639158","0.0024644913627639158"
"3284","0.0024632117722328856","0.0024632117722328856","0.0024632117722328856"
"3285","0.0024619321817018554","0.0024619321817018554","0.0024619321817018554"
"3286","0.002460652591170825","0.002460652591170825","0.002460652591170825"
"3287","0.0024593730006397954","0.0024593730006397954","0.0024593730006397954"
"3288","0.0024580934101087653","0.0024580934101087653","0.0024580934101087653"
"3289","0.002456813819577735","0.002456813819577735","0.002456813819577735"
"3290","0.002455534229046705","0.002455534229046705","0.002455534229046705"
"3291","0.002454254638515675","0.002454254638515675","0.002454254638515675"
"3292","0.002452975047984645","0.002452975047984645","0.002452975047984645"
"3293","0.0024516954574536147","0.0024516954574536147","0.0024516954574536147"
"3294","0.002450415866922585","0.002450415866922585","0.002450415866922585"
"3295","0.002449136276391555","0.002449136276391555","0.002449136276391555"
"3296","0.0024478566858605246","0.0024478566858605246","0.0024478566858605246"
"3297","0.0024465770953294944","0.0024465770953294944","0.0024465770953294944"
"3298","0.0024452975047984647","0.0024452975047984647","0.0024452975047984647"
"3299","0.0024440179142674345","0.0024440179142674345","0.0024440179142674345"
"3300","0.0024427383237364043","0.0024427383237364043","0.0024427383237364043"
"3301","0.0024414587332053745","0.0024414587332053745","0.0024414587332053745"
"3302","0.0024401791426743443","0.0024401791426743443","0.0024401791426743443"
"3303","0.002438899552143314","0.002438899552143314","0.002438899552143314"
"3304","0.002437619961612284","0.002437619961612284","0.002437619961612284"
"3305","0.002436340371081254","0.002436340371081254","0.002436340371081254"
"3306","0.002435060780550224","0.002435060780550224","0.002435060780550224"
"3307","0.002433781190019194","0.002433781190019194","0.002433781190019194"
"3308","0.0024325015994881636","0.0024325015994881636","0.0024325015994881636"
"3309","0.002431222008957134","0.002431222008957134","0.002431222008957134"
"3310","0.0024299424184261037","0.0024299424184261037","0.0024299424184261037"
"3311","0.0024286628278950735","0.0024286628278950735","0.0024286628278950735"
"3312","0.0024273832373640438","0.0024273832373640438","0.0024273832373640438"
"3313","0.0024261036468330136","0.0024261036468330136","0.0024261036468330136"
"3314","0.0024248240563019834","0.0024248240563019834","0.0024248240563019834"
"3315","0.002423544465770953","0.002423544465770953","0.002423544465770953"
"3316","0.0024222648752399234","0.0024222648752399234","0.0024222648752399234"
"3317","0.0024209852847088932","0.0024209852847088932","0.0024209852847088932"
"3318","0.002419705694177863","0.002419705694177863","0.002419705694177863"
"3319","0.002418426103646833","0.002418426103646833","0.002418426103646833"
"3320","0.002417146513115803","0.002417146513115803","0.002417146513115803"
"3321","0.002415866922584773","0.002415866922584773","0.002415866922584773"
"3322","0.0024145873320537427","0.0024145873320537427","0.0024145873320537427"
"3323","0.002413307741522713","0.002413307741522713","0.002413307741522713"
"3324","0.002412028150991683","0.002412028150991683","0.002412028150991683"
"3325","0.0024107485604606526","0.0024107485604606526","0.0024107485604606526"
"3326","0.0024094689699296224","0.0024094689699296224","0.0024094689699296224"
"3327","0.0024081893793985927","0.0024081893793985927","0.0024081893793985927"
"3328","0.0024069097888675625","0.0024069097888675625","0.0024069097888675625"
"3329","0.0024056301983365323","0.0024056301983365323","0.0024056301983365323"
"3330","0.002404350607805502","0.002404350607805502","0.002404350607805502"
"3331","0.0024030710172744723","0.0024030710172744723","0.0024030710172744723"
"3332","0.002401791426743442","0.002401791426743442","0.002401791426743442"
"3333","0.002400511836212412","0.002400511836212412","0.002400511836212412"
"3334","0.002399232245681382","0.002399232245681382","0.002399232245681382"
"3335","0.002397952655150352","0.002397952655150352","0.002397952655150352"
"3336","0.002396673064619322","0.002396673064619322","0.002396673064619322"
"3337","0.0023953934740882916","0.0023953934740882916","0.0023953934740882916"
"3338","0.002394113883557262","0.002394113883557262","0.002394113883557262"
"3339","0.0023928342930262317","0.0023928342930262317","0.0023928342930262317"
"3340","0.0023915547024952015","0.0023915547024952015","0.0023915547024952015"
"3341","0.0023902751119641713","0.0023902751119641713","0.0023902751119641713"
"3342","0.0023889955214331416","0.0023889955214331416","0.0023889955214331416"
"3343","0.0023877159309021114","0.0023877159309021114","0.0023877159309021114"
"3344","0.002386436340371081","0.002386436340371081","0.002386436340371081"
"3345","0.0023851567498400514","0.0023851567498400514","0.0023851567498400514"
"3346","0.0023838771593090212","0.0023838771593090212","0.0023838771593090212"
"3347","0.002382597568777991","0.002382597568777991","0.002382597568777991"
"3348","0.002381317978246961","0.002381317978246961","0.002381317978246961"
"3349","0.002380038387715931","0.002380038387715931","0.002380038387715931"
"3350","0.002378758797184901","0.002378758797184901","0.002378758797184901"
"3351","0.0023774792066538707","0.0023774792066538707","0.0023774792066538707"
"3352","0.002376199616122841","0.002376199616122841","0.002376199616122841"
"3353","0.0023749200255918108","0.0023749200255918108","0.0023749200255918108"
"3354","0.0023736404350607806","0.0023736404350607806","0.0023736404350607806"
"3355","0.0023723608445297504","0.0023723608445297504","0.0023723608445297504"
"3356","0.0023710812539987206","0.0023710812539987206","0.0023710812539987206"
"3357","0.0023698016634676904","0.0023698016634676904","0.0023698016634676904"
"3358","0.0023685220729366603","0.0023685220729366603","0.0023685220729366603"
"3359","0.00236724248240563","0.00236724248240563","0.00236724248240563"
"3360","0.0023659628918746003","0.0023659628918746003","0.0023659628918746003"
"3361","0.00236468330134357","0.00236468330134357","0.00236468330134357"
"3362","0.00236340371081254","0.00236340371081254","0.00236340371081254"
"3363","0.0023621241202815097","0.0023621241202815097","0.0023621241202815097"
"3364","0.00236084452975048","0.00236084452975048","0.00236084452975048"
"3365","0.00235956493921945","0.00235956493921945","0.00235956493921945"
"3366","0.0023582853486884196","0.0023582853486884196","0.0023582853486884196"
"3367","0.00235700575815739","0.00235700575815739","0.00235700575815739"
"3368","0.0023557261676263597","0.0023557261676263597","0.0023557261676263597"
"3369","0.0023544465770953295","0.0023544465770953295","0.0023544465770953295"
"3370","0.0023531669865642993","0.0023531669865642993","0.0023531669865642993"
"3371","0.0023518873960332695","0.0023518873960332695","0.0023518873960332695"
"3372","0.0023506078055022393","0.0023506078055022393","0.0023506078055022393"
"3373","0.002349328214971209","0.002349328214971209","0.002349328214971209"
"3374","0.0023480486244401794","0.0023480486244401794","0.0023480486244401794"
"3375","0.002346769033909149","0.002346769033909149","0.002346769033909149"
"3376","0.002345489443378119","0.002345489443378119","0.002345489443378119"
"3377","0.002344209852847089","0.002344209852847089","0.002344209852847089"
"3378","0.002342930262316059","0.002342930262316059","0.002342930262316059"
"3379","0.002341650671785029","0.002341650671785029","0.002341650671785029"
"3380","0.0023403710812539987","0.0023403710812539987","0.0023403710812539987"
"3381","0.0023390914907229685","0.0023390914907229685","0.0023390914907229685"
"3382","0.0023378119001919388","0.0023378119001919388","0.0023378119001919388"
"3383","0.0023365323096609086","0.0023365323096609086","0.0023365323096609086"
"3384","0.0023352527191298784","0.0023352527191298784","0.0023352527191298784"
"3385","0.0023339731285988486","0.0023339731285988486","0.0023339731285988486"
"3386","0.0023326935380678184","0.0023326935380678184","0.0023326935380678184"
"3387","0.0023314139475367882","0.0023314139475367882","0.0023314139475367882"
"3388","0.002330134357005758","0.002330134357005758","0.002330134357005758"
"3389","0.0023288547664747283","0.0023288547664747283","0.0023288547664747283"
"3390","0.002327575175943698","0.002327575175943698","0.002327575175943698"
"3391","0.002326295585412668","0.002326295585412668","0.002326295585412668"
"3392","0.002325015994881638","0.002325015994881638","0.002325015994881638"
"3393","0.002323736404350608","0.002323736404350608","0.002323736404350608"
"3394","0.002322456813819578","0.002322456813819578","0.002322456813819578"
"3395","0.0023211772232885476","0.0023211772232885476","0.0023211772232885476"
"3396","0.002319897632757518","0.002319897632757518","0.002319897632757518"
"3397","0.0023186180422264877","0.0023186180422264877","0.0023186180422264877"
"3398","0.0023173384516954575","0.0023173384516954575","0.0023173384516954575"
"3399","0.0023160588611644273","0.0023160588611644273","0.0023160588611644273"
"3400","0.0023147792706333975","0.0023147792706333975","0.0023147792706333975"
"3401","0.0023134996801023673","0.0023134996801023673","0.0023134996801023673"
"3402","0.002312220089571337","0.002312220089571337","0.002312220089571337"
"3403","0.002310940499040307","0.002310940499040307","0.002310940499040307"
"3404","0.002309660908509277","0.002309660908509277","0.002309660908509277"
"3405","0.002308381317978247","0.002308381317978247","0.002308381317978247"
"3406","0.002307101727447217","0.002307101727447217","0.002307101727447217"
"3407","0.002305822136916187","0.002305822136916187","0.002305822136916187"
"3408","0.002304542546385157","0.002304542546385157","0.002304542546385157"
"3409","0.0023032629558541267","0.0023032629558541267","0.0023032629558541267"
"3410","0.002301983365323097","0.002301983365323097","0.002301983365323097"
"3411","0.0023007037747920667","0.0023007037747920667","0.0023007037747920667"
"3412","0.0022994241842610365","0.0022994241842610365","0.0022994241842610365"
"3413","0.0022981445937300064","0.0022981445937300064","0.0022981445937300064"
"3414","0.0022968650031989766","0.0022968650031989766","0.0022968650031989766"
"3415","0.0022955854126679464","0.0022955854126679464","0.0022955854126679464"
"3416","0.0022943058221369162","0.0022943058221369162","0.0022943058221369162"
"3417","0.002293026231605886","0.002293026231605886","0.002293026231605886"
"3418","0.0022917466410748563","0.0022917466410748563","0.0022917466410748563"
"3419","0.002290467050543826","0.002290467050543826","0.002290467050543826"
"3420","0.002289187460012796","0.002289187460012796","0.002289187460012796"
"3421","0.0022879078694817657","0.0022879078694817657","0.0022879078694817657"
"3422","0.002286628278950736","0.002286628278950736","0.002286628278950736"
"3423","0.0022853486884197058","0.0022853486884197058","0.0022853486884197058"
"3424","0.0022840690978886756","0.0022840690978886756","0.0022840690978886756"
"3425","0.0022827895073576454","0.0022827895073576454","0.0022827895073576454"
"3426","0.0022815099168266156","0.0022815099168266156","0.0022815099168266156"
"3427","0.0022802303262955854","0.0022802303262955854","0.0022802303262955854"
"3428","0.0022789507357645553","0.0022789507357645553","0.0022789507357645553"
"3429","0.0022776711452335255","0.0022776711452335255","0.0022776711452335255"
"3430","0.0022763915547024953","0.0022763915547024953","0.0022763915547024953"
"3431","0.002275111964171465","0.002275111964171465","0.002275111964171465"
"3432","0.0022738323736404354","0.0022738323736404354","0.0022738323736404354"
"3433","0.002272552783109405","0.002272552783109405","0.002272552783109405"
"3434","0.002271273192578375","0.002271273192578375","0.002271273192578375"
"3435","0.002269993602047345","0.002269993602047345","0.002269993602047345"
"3436","0.002268714011516315","0.002268714011516315","0.002268714011516315"
"3437","0.002267434420985285","0.002267434420985285","0.002267434420985285"
"3438","0.0022661548304542547","0.0022661548304542547","0.0022661548304542547"
"3439","0.0022648752399232245","0.0022648752399232245","0.0022648752399232245"
"3440","0.0022635956493921947","0.0022635956493921947","0.0022635956493921947"
"3441","0.0022623160588611645","0.0022623160588611645","0.0022623160588611645"
"3442","0.0022610364683301343","0.0022610364683301343","0.0022610364683301343"
"3443","0.002259756877799104","0.002259756877799104","0.002259756877799104"
"3444","0.0022584772872680744","0.0022584772872680744","0.0022584772872680744"
"3445","0.002257197696737044","0.002257197696737044","0.002257197696737044"
"3446","0.002255918106206014","0.002255918106206014","0.002255918106206014"
"3447","0.002254638515674984","0.002254638515674984","0.002254638515674984"
"3448","0.002253358925143954","0.002253358925143954","0.002253358925143954"
"3449","0.002252079334612924","0.002252079334612924","0.002252079334612924"
"3450","0.002250799744081894","0.002250799744081894","0.002250799744081894"
"3451","0.002249520153550864","0.002249520153550864","0.002249520153550864"
"3452","0.0022482405630198338","0.0022482405630198338","0.0022482405630198338"
"3453","0.0022469609724888036","0.0022469609724888036","0.0022469609724888036"
"3454","0.002245681381957774","0.002245681381957774","0.002245681381957774"
"3455","0.0022444017914267436","0.0022444017914267436","0.0022444017914267436"
"3456","0.0022431222008957134","0.0022431222008957134","0.0022431222008957134"
"3457","0.0022418426103646832","0.0022418426103646832","0.0022418426103646832"
"3458","0.0022405630198336535","0.0022405630198336535","0.0022405630198336535"
"3459","0.0022392834293026233","0.0022392834293026233","0.0022392834293026233"
"3460","0.002238003838771593","0.002238003838771593","0.002238003838771593"
"3461","0.002236724248240563","0.002236724248240563","0.002236724248240563"
"3462","0.002235444657709533","0.002235444657709533","0.002235444657709533"
"3463","0.002234165067178503","0.002234165067178503","0.002234165067178503"
"3464","0.002232885476647473","0.002232885476647473","0.002232885476647473"
"3465","0.0022316058861164426","0.0022316058861164426","0.0022316058861164426"
"3466","0.002230326295585413","0.002230326295585413","0.002230326295585413"
"3467","0.0022290467050543827","0.0022290467050543827","0.0022290467050543827"
"3468","0.0022277671145233525","0.0022277671145233525","0.0022277671145233525"
"3469","0.0022264875239923223","0.0022264875239923223","0.0022264875239923223"
"3470","0.0022252079334612925","0.0022252079334612925","0.0022252079334612925"
"3471","0.0022239283429302623","0.0022239283429302623","0.0022239283429302623"
"3472","0.0022226487523992326","0.0022226487523992326","0.0022226487523992326"
"3473","0.0022213691618682024","0.0022213691618682024","0.0022213691618682024"
"3474","0.002220089571337172","0.002220089571337172","0.002220089571337172"
"3475","0.002218809980806142","0.002218809980806142","0.002218809980806142"
"3476","0.0022175303902751122","0.0022175303902751122","0.0022175303902751122"
"3477","0.002216250799744082","0.002216250799744082","0.002216250799744082"
"3478","0.002214971209213052","0.002214971209213052","0.002214971209213052"
"3479","0.0022136916186820217","0.0022136916186820217","0.0022136916186820217"
"3480","0.002212412028150992","0.002212412028150992","0.002212412028150992"
"3481","0.0022111324376199617","0.0022111324376199617","0.0022111324376199617"
"3482","0.0022098528470889315","0.0022098528470889315","0.0022098528470889315"
"3483","0.0022085732565579014","0.0022085732565579014","0.0022085732565579014"
"3484","0.0022072936660268716","0.0022072936660268716","0.0022072936660268716"
"3485","0.0022060140754958414","0.0022060140754958414","0.0022060140754958414"
"3486","0.0022047344849648112","0.0022047344849648112","0.0022047344849648112"
"3487","0.002203454894433781","0.002203454894433781","0.002203454894433781"
"3488","0.0022021753039027513","0.0022021753039027513","0.0022021753039027513"
"3489","0.002200895713371721","0.002200895713371721","0.002200895713371721"
"3490","0.0021996161228406913","0.0021996161228406913","0.0021996161228406913"
"3491","0.0021983365323096607","0.0021983365323096607","0.0021983365323096607"
"3492","0.002197056941778631","0.002197056941778631","0.002197056941778631"
"3493","0.0021957773512476008","0.0021957773512476008","0.0021957773512476008"
"3494","0.002194497760716571","0.002194497760716571","0.002194497760716571"
"3495","0.002193218170185541","0.002193218170185541","0.002193218170185541"
"3496","0.0021919385796545106","0.0021919385796545106","0.0021919385796545106"
"3497","0.0021906589891234804","0.0021906589891234804","0.0021906589891234804"
"3498","0.0021893793985924507","0.0021893793985924507","0.0021893793985924507"
"3499","0.0021880998080614205","0.0021880998080614205","0.0021880998080614205"
"3500","0.0021868202175303903","0.0021868202175303903","0.0021868202175303903"
"3501","0.00218554062699936","0.00218554062699936","0.00218554062699936"
"3502","0.0021842610364683304","0.0021842610364683304","0.0021842610364683304"
"3503","0.0021829814459373","0.0021829814459373","0.0021829814459373"
"3504","0.00218170185540627","0.00218170185540627","0.00218170185540627"
"3505","0.00218042226487524","0.00218042226487524","0.00218042226487524"
"3506","0.00217914267434421","0.00217914267434421","0.00217914267434421"
"3507","0.00217786308381318","0.00217786308381318","0.00217786308381318"
"3508","0.00217658349328215","0.00217658349328215","0.00217658349328215"
"3509","0.0021753039027511195","0.0021753039027511195","0.0021753039027511195"
"3510","0.0021740243122200897","0.0021740243122200897","0.0021740243122200897"
"3511","0.0021727447216890595","0.0021727447216890595","0.0021727447216890595"
"3512","0.0021714651311580298","0.0021714651311580298","0.0021714651311580298"
"3513","0.002170185540626999","0.002170185540626999","0.002170185540626999"
"3514","0.0021689059500959694","0.0021689059500959694","0.0021689059500959694"
"3515","0.002167626359564939","0.002167626359564939","0.002167626359564939"
"3516","0.0021663467690339095","0.0021663467690339095","0.0021663467690339095"
"3517","0.0021650671785028793","0.0021650671785028793","0.0021650671785028793"
"3518","0.002163787587971849","0.002163787587971849","0.002163787587971849"
"3519","0.002162507997440819","0.002162507997440819","0.002162507997440819"
"3520","0.002161228406909789","0.002161228406909789","0.002161228406909789"
"3521","0.002159948816378759","0.002159948816378759","0.002159948816378759"
"3522","0.0021586692258477288","0.0021586692258477288","0.0021586692258477288"
"3523","0.0021573896353166986","0.0021573896353166986","0.0021573896353166986"
"3524","0.002156110044785669","0.002156110044785669","0.002156110044785669"
"3525","0.0021548304542546386","0.0021548304542546386","0.0021548304542546386"
"3526","0.0021535508637236084","0.0021535508637236084","0.0021535508637236084"
"3527","0.0021522712731925782","0.0021522712731925782","0.0021522712731925782"
"3528","0.0021509916826615485","0.0021509916826615485","0.0021509916826615485"
"3529","0.0021497120921305183","0.0021497120921305183","0.0021497120921305183"
"3530","0.0021484325015994885","0.0021484325015994885","0.0021484325015994885"
"3531","0.002147152911068458","0.002147152911068458","0.002147152911068458"
"3532","0.002145873320537428","0.002145873320537428","0.002145873320537428"
"3533","0.002144593730006398","0.002144593730006398","0.002144593730006398"
"3534","0.0021433141394753682","0.0021433141394753682","0.0021433141394753682"
"3535","0.0021420345489443376","0.0021420345489443376","0.0021420345489443376"
"3536","0.002140754958413308","0.002140754958413308","0.002140754958413308"
"3537","0.0021394753678822776","0.0021394753678822776","0.0021394753678822776"
"3538","0.002138195777351248","0.002138195777351248","0.002138195777351248"
"3539","0.0021369161868202177","0.0021369161868202177","0.0021369161868202177"
"3540","0.0021356365962891875","0.0021356365962891875","0.0021356365962891875"
"3541","0.0021343570057581573","0.0021343570057581573","0.0021343570057581573"
"3542","0.0021330774152271276","0.0021330774152271276","0.0021330774152271276"
"3543","0.0021317978246960974","0.0021317978246960974","0.0021317978246960974"
"3544","0.002130518234165067","0.002130518234165067","0.002130518234165067"
"3545","0.002129238643634037","0.002129238643634037","0.002129238643634037"
"3546","0.0021279590531030072","0.0021279590531030072","0.0021279590531030072"
"3547","0.002126679462571977","0.002126679462571977","0.002126679462571977"
"3548","0.0021253998720409473","0.0021253998720409473","0.0021253998720409473"
"3549","0.0021241202815099167","0.0021241202815099167","0.0021241202815099167"
"3550","0.002122840690978887","0.002122840690978887","0.002122840690978887"
"3551","0.0021215611004478567","0.0021215611004478567","0.0021215611004478567"
"3552","0.002120281509916827","0.002120281509916827","0.002120281509916827"
"3553","0.0021190019193857964","0.0021190019193857964","0.0021190019193857964"
"3554","0.0021177223288547666","0.0021177223288547666","0.0021177223288547666"
"3555","0.0021164427383237364","0.0021164427383237364","0.0021164427383237364"
"3556","0.0021151631477927067","0.0021151631477927067","0.0021151631477927067"
"3557","0.0021138835572616765","0.0021138835572616765","0.0021138835572616765"
"3558","0.0021126039667306463","0.0021126039667306463","0.0021126039667306463"
"3559","0.002111324376199616","0.002111324376199616","0.002111324376199616"
"3560","0.0021100447856685863","0.0021100447856685863","0.0021100447856685863"
"3561","0.002108765195137556","0.002108765195137556","0.002108765195137556"
"3562","0.002107485604606526","0.002107485604606526","0.002107485604606526"
"3563","0.0021062060140754958","0.0021062060140754958","0.0021062060140754958"
"3564","0.002104926423544466","0.002104926423544466","0.002104926423544466"
"3565","0.002103646833013436","0.002103646833013436","0.002103646833013436"
"3566","0.0021023672424824056","0.0021023672424824056","0.0021023672424824056"
"3567","0.0021010876519513754","0.0021010876519513754","0.0021010876519513754"
"3568","0.0020998080614203457","0.0020998080614203457","0.0020998080614203457"
"3569","0.0020985284708893155","0.0020985284708893155","0.0020985284708893155"
"3570","0.0020972488803582857","0.0020972488803582857","0.0020972488803582857"
"3571","0.002095969289827255","0.002095969289827255","0.002095969289827255"
"3572","0.0020946896992962254","0.0020946896992962254","0.0020946896992962254"
"3573","0.002093410108765195","0.002093410108765195","0.002093410108765195"
"3574","0.0020921305182341654","0.0020921305182341654","0.0020921305182341654"
"3575","0.002090850927703135","0.002090850927703135","0.002090850927703135"
"3576","0.002089571337172105","0.002089571337172105","0.002089571337172105"
"3577","0.002088291746641075","0.002088291746641075","0.002088291746641075"
"3578","0.002087012156110045","0.002087012156110045","0.002087012156110045"
"3579","0.002085732565579015","0.002085732565579015","0.002085732565579015"
"3580","0.0020844529750479847","0.0020844529750479847","0.0020844529750479847"
"3581","0.0020831733845169545","0.0020831733845169545","0.0020831733845169545"
"3582","0.0020818937939859248","0.0020818937939859248","0.0020818937939859248"
"3583","0.0020806142034548946","0.0020806142034548946","0.0020806142034548946"
"3584","0.0020793346129238644","0.0020793346129238644","0.0020793346129238644"
"3585","0.002078055022392834","0.002078055022392834","0.002078055022392834"
"3586","0.0020767754318618045","0.0020767754318618045","0.0020767754318618045"
"3587","0.0020754958413307743","0.0020754958413307743","0.0020754958413307743"
"3588","0.002074216250799744","0.002074216250799744","0.002074216250799744"
"3589","0.002072936660268714","0.002072936660268714","0.002072936660268714"
"3590","0.002071657069737684","0.002071657069737684","0.002071657069737684"
"3591","0.002070377479206654","0.002070377479206654","0.002070377479206654"
"3592","0.002069097888675624","0.002069097888675624","0.002069097888675624"
"3593","0.0020678182981445936","0.0020678182981445936","0.0020678182981445936"
"3594","0.002066538707613564","0.002066538707613564","0.002066538707613564"
"3595","0.0020652591170825336","0.0020652591170825336","0.0020652591170825336"
"3596","0.002063979526551504","0.002063979526551504","0.002063979526551504"
"3597","0.0020626999360204732","0.0020626999360204732","0.0020626999360204732"
"3598","0.0020614203454894435","0.0020614203454894435","0.0020614203454894435"
"3599","0.0020601407549584133","0.0020601407549584133","0.0020601407549584133"
"3600","0.0020588611644273835","0.0020588611644273835","0.0020588611644273835"
"3601","0.0020575815738963533","0.0020575815738963533","0.0020575815738963533"
"3602","0.002056301983365323","0.002056301983365323","0.002056301983365323"
"3603","0.002055022392834293","0.002055022392834293","0.002055022392834293"
"3604","0.002053742802303263","0.002053742802303263","0.002053742802303263"
"3605","0.002052463211772233","0.002052463211772233","0.002052463211772233"
"3606","0.002051183621241203","0.002051183621241203","0.002051183621241203"
"3607","0.0020499040307101726","0.0020499040307101726","0.0020499040307101726"
"3608","0.002048624440179143","0.002048624440179143","0.002048624440179143"
"3609","0.0020473448496481127","0.0020473448496481127","0.0020473448496481127"
"3610","0.0020460652591170825","0.0020460652591170825","0.0020460652591170825"
"3611","0.0020447856685860523","0.0020447856685860523","0.0020447856685860523"
"3612","0.0020435060780550226","0.0020435060780550226","0.0020435060780550226"
"3613","0.0020422264875239924","0.0020422264875239924","0.0020422264875239924"
"3614","0.0020409468969929626","0.0020409468969929626","0.0020409468969929626"
"3615","0.002039667306461932","0.002039667306461932","0.002039667306461932"
"3616","0.0020383877159309022","0.0020383877159309022","0.0020383877159309022"
"3617","0.002037108125399872","0.002037108125399872","0.002037108125399872"
"3618","0.0020358285348688423","0.0020358285348688423","0.0020358285348688423"
"3619","0.0020345489443378117","0.0020345489443378117","0.0020345489443378117"
"3620","0.002033269353806782","0.002033269353806782","0.002033269353806782"
"3621","0.0020319897632757517","0.0020319897632757517","0.0020319897632757517"
"3622","0.002030710172744722","0.002030710172744722","0.002030710172744722"
"3623","0.002029430582213692","0.002029430582213692","0.002029430582213692"
"3624","0.0020281509916826616","0.0020281509916826616","0.0020281509916826616"
"3625","0.0020268714011516314","0.0020268714011516314","0.0020268714011516314"
"3626","0.0020255918106206017","0.0020255918106206017","0.0020255918106206017"
"3627","0.0020243122200895715","0.0020243122200895715","0.0020243122200895715"
"3628","0.0020230326295585413","0.0020230326295585413","0.0020230326295585413"
"3629","0.002021753039027511","0.002021753039027511","0.002021753039027511"
"3630","0.0020204734484964813","0.0020204734484964813","0.0020204734484964813"
"3631","0.002019193857965451","0.002019193857965451","0.002019193857965451"
"3632","0.0020179142674344214","0.0020179142674344214","0.0020179142674344214"
"3633","0.0020166346769033908","0.0020166346769033908","0.0020166346769033908"
"3634","0.002015355086372361","0.002015355086372361","0.002015355086372361"
"3635","0.002014075495841331","0.002014075495841331","0.002014075495841331"
"3636","0.002012795905310301","0.002012795905310301","0.002012795905310301"
"3637","0.0020115163147792704","0.0020115163147792704","0.0020115163147792704"
"3638","0.0020102367242482407","0.0020102367242482407","0.0020102367242482407"
"3639","0.0020089571337172105","0.0020089571337172105","0.0020089571337172105"
"3640","0.0020076775431861807","0.0020076775431861807","0.0020076775431861807"
"3641","0.00200639795265515","0.00200639795265515","0.00200639795265515"
"3642","0.0020051183621241204","0.0020051183621241204","0.0020051183621241204"
"3643","0.00200383877159309","0.00200383877159309","0.00200383877159309"
"3644","0.0020025591810620604","0.0020025591810620604","0.0020025591810620604"
"3645","0.0020012795905310302","0.0020012795905310302","0.0020012795905310302"
"3646","0.002","0.002","0.002"
"3647","0.00199872040946897","0.00199872040946897","0.00199872040946897"
"3648","0.00199744081893794","0.00199744081893794","0.00199744081893794"
"3649","0.00199616122840691","0.00199616122840691","0.00199616122840691"
"3650","0.0019948816378758797","0.0019948816378758797","0.0019948816378758797"
"3651","0.0019936020473448495","0.0019936020473448495","0.0019936020473448495"
"3652","0.0019923224568138198","0.0019923224568138198","0.0019923224568138198"
"3653","0.0019910428662827896","0.0019910428662827896","0.0019910428662827896"
"3654","0.00198976327575176","0.00198976327575176","0.00198976327575176"
"3655","0.001988483685220729","0.001988483685220729","0.001988483685220729"
"3656","0.0019872040946896995","0.0019872040946896995","0.0019872040946896995"
"3657","0.0019859245041586693","0.0019859245041586693","0.0019859245041586693"
"3658","0.0019846449136276395","0.0019846449136276395","0.0019846449136276395"
"3659","0.001983365323096609","0.001983365323096609","0.001983365323096609"
"3660","0.001982085732565579","0.001982085732565579","0.001982085732565579"
"3661","0.001980806142034549","0.001980806142034549","0.001980806142034549"
"3662","0.001979526551503519","0.001979526551503519","0.001979526551503519"
"3663","0.0019782469609724886","0.0019782469609724886","0.0019782469609724886"
"3664","0.001976967370441459","0.001976967370441459","0.001976967370441459"
"3665","0.0019756877799104286","0.0019756877799104286","0.0019756877799104286"
"3666","0.001974408189379399","0.001974408189379399","0.001974408189379399"
"3667","0.0019731285988483687","0.0019731285988483687","0.0019731285988483687"
"3668","0.0019718490083173385","0.0019718490083173385","0.0019718490083173385"
"3669","0.0019705694177863083","0.0019705694177863083","0.0019705694177863083"
"3670","0.0019692898272552785","0.0019692898272552785","0.0019692898272552785"
"3671","0.0019680102367242483","0.0019680102367242483","0.0019680102367242483"
"3672","0.001966730646193218","0.001966730646193218","0.001966730646193218"
"3673","0.001965451055662188","0.001965451055662188","0.001965451055662188"
"3674","0.001964171465131158","0.001964171465131158","0.001964171465131158"
"3675","0.001962891874600128","0.001962891874600128","0.001962891874600128"
"3676","0.0019616122840690983","0.0019616122840690983","0.0019616122840690983"
"3677","0.0019603326935380676","0.0019603326935380676","0.0019603326935380676"
"3678","0.001959053103007038","0.001959053103007038","0.001959053103007038"
"3679","0.0019577735124760077","0.0019577735124760077","0.0019577735124760077"
"3680","0.001956493921944978","0.001956493921944978","0.001956493921944978"
"3681","0.0019552143314139473","0.0019552143314139473","0.0019552143314139473"
"3682","0.0019539347408829176","0.0019539347408829176","0.0019539347408829176"
"3683","0.0019526551503518874","0.0019526551503518874","0.0019526551503518874"
"3684","0.0019513755598208574","0.0019513755598208574","0.0019513755598208574"
"3685","0.0019500959692898272","0.0019500959692898272","0.0019500959692898272"
"3686","0.001948816378758797","0.001948816378758797","0.001948816378758797"
"3687","0.001947536788227767","0.001947536788227767","0.001947536788227767"
"3688","0.001946257197696737","0.001946257197696737","0.001946257197696737"
"3689","0.0019449776071657071","0.0019449776071657071","0.0019449776071657071"
"3690","0.001943698016634677","0.001943698016634677","0.001943698016634677"
"3691","0.0019424184261036467","0.0019424184261036467","0.0019424184261036467"
"3692","0.0019411388355726168","0.0019411388355726168","0.0019411388355726168"
"3693","0.0019398592450415868","0.0019398592450415868","0.0019398592450415868"
"3694","0.0019385796545105566","0.0019385796545105566","0.0019385796545105566"
"3695","0.0019373000639795264","0.0019373000639795264","0.0019373000639795264"
"3696","0.0019360204734484964","0.0019360204734484964","0.0019360204734484964"
"3697","0.0019347408829174665","0.0019347408829174665","0.0019347408829174665"
"3698","0.0019334612923864365","0.0019334612923864365","0.0019334612923864365"
"3699","0.0019321817018554063","0.0019321817018554063","0.0019321817018554063"
"3700","0.0019309021113243761","0.0019309021113243761","0.0019309021113243761"
"3701","0.0019296225207933461","0.0019296225207933461","0.0019296225207933461"
"3702","0.0019283429302623162","0.0019283429302623162","0.0019283429302623162"
"3703","0.001927063339731286","0.001927063339731286","0.001927063339731286"
"3704","0.0019257837492002558","0.0019257837492002558","0.0019257837492002558"
"3705","0.0019245041586692258","0.0019245041586692258","0.0019245041586692258"
"3706","0.0019232245681381958","0.0019232245681381958","0.0019232245681381958"
"3707","0.0019219449776071659","0.0019219449776071659","0.0019219449776071659"
"3708","0.0019206653870761357","0.0019206653870761357","0.0019206653870761357"
"3709","0.0019193857965451055","0.0019193857965451055","0.0019193857965451055"
"3710","0.0019181062060140755","0.0019181062060140755","0.0019181062060140755"
"3711","0.0019168266154830456","0.0019168266154830456","0.0019168266154830456"
"3712","0.0019155470249520154","0.0019155470249520154","0.0019155470249520154"
"3713","0.0019142674344209852","0.0019142674344209852","0.0019142674344209852"
"3714","0.0019129878438899552","0.0019129878438899552","0.0019129878438899552"
"3715","0.0019117082533589252","0.0019117082533589252","0.0019117082533589252"
"3716","0.001910428662827895","0.001910428662827895","0.001910428662827895"
"3717","0.001909149072296865","0.001909149072296865","0.001909149072296865"
"3718","0.0019078694817658349","0.0019078694817658349","0.0019078694817658349"
"3719","0.001906589891234805","0.001906589891234805","0.001906589891234805"
"3720","0.001905310300703775","0.001905310300703775","0.001905310300703775"
"3721","0.0019040307101727447","0.0019040307101727447","0.0019040307101727447"
"3722","0.0019027511196417146","0.0019027511196417146","0.0019027511196417146"
"3723","0.0019014715291106846","0.0019014715291106846","0.0019014715291106846"
"3724","0.0019001919385796546","0.0019001919385796546","0.0019001919385796546"
"3725","0.0018989123480486244","0.0018989123480486244","0.0018989123480486244"
"3726","0.0018976327575175944","0.0018976327575175944","0.0018976327575175944"
"3727","0.0018963531669865643","0.0018963531669865643","0.0018963531669865643"
"3728","0.0018950735764555343","0.0018950735764555343","0.0018950735764555343"
"3729","0.0018937939859245043","0.0018937939859245043","0.0018937939859245043"
"3730","0.0018925143953934741","0.0018925143953934741","0.0018925143953934741"
"3731","0.001891234804862444","0.001891234804862444","0.001891234804862444"
"3732","0.001889955214331414","0.001889955214331414","0.001889955214331414"
"3733","0.001888675623800384","0.001888675623800384","0.001888675623800384"
"3734","0.0018873960332693538","0.0018873960332693538","0.0018873960332693538"
"3735","0.0018861164427383238","0.0018861164427383238","0.0018861164427383238"
"3736","0.0018848368522072936","0.0018848368522072936","0.0018848368522072936"
"3737","0.0018835572616762637","0.0018835572616762637","0.0018835572616762637"
"3738","0.0018822776711452335","0.0018822776711452335","0.0018822776711452335"
"3739","0.0018809980806142035","0.0018809980806142035","0.0018809980806142035"
"3740","0.0018797184900831733","0.0018797184900831733","0.0018797184900831733"
"3741","0.0018784388995521433","0.0018784388995521433","0.0018784388995521433"
"3742","0.0018771593090211134","0.0018771593090211134","0.0018771593090211134"
"3743","0.0018758797184900832","0.0018758797184900832","0.0018758797184900832"
"3744","0.001874600127959053","0.001874600127959053","0.001874600127959053"
"3745","0.001873320537428023","0.001873320537428023","0.001873320537428023"
"3746","0.001872040946896993","0.001872040946896993","0.001872040946896993"
"3747","0.0018707613563659629","0.0018707613563659629","0.0018707613563659629"
"3748","0.0018694817658349329","0.0018694817658349329","0.0018694817658349329"
"3749","0.0018682021753039027","0.0018682021753039027","0.0018682021753039027"
"3750","0.0018669225847728727","0.0018669225847728727","0.0018669225847728727"
"3751","0.0018656429942418428","0.0018656429942418428","0.0018656429942418428"
"3752","0.0018643634037108126","0.0018643634037108126","0.0018643634037108126"
"3753","0.0018630838131797824","0.0018630838131797824","0.0018630838131797824"
"3754","0.0018618042226487524","0.0018618042226487524","0.0018618042226487524"
"3755","0.0018605246321177224","0.0018605246321177224","0.0018605246321177224"
"3756","0.0018592450415866922","0.0018592450415866922","0.0018592450415866922"
"3757","0.0018579654510556623","0.0018579654510556623","0.0018579654510556623"
"3758","0.001856685860524632","0.001856685860524632","0.001856685860524632"
"3759","0.0018554062699936021","0.0018554062699936021","0.0018554062699936021"
"3760","0.001854126679462572","0.001854126679462572","0.001854126679462572"
"3761","0.001852847088931542","0.001852847088931542","0.001852847088931542"
"3762","0.0018515674984005118","0.0018515674984005118","0.0018515674984005118"
"3763","0.0018502879078694818","0.0018502879078694818","0.0018502879078694818"
"3764","0.0018490083173384518","0.0018490083173384518","0.0018490083173384518"
"3765","0.0018477287268074216","0.0018477287268074216","0.0018477287268074216"
"3766","0.0018464491362763917","0.0018464491362763917","0.0018464491362763917"
"3767","0.0018451695457453615","0.0018451695457453615","0.0018451695457453615"
"3768","0.0018438899552143315","0.0018438899552143315","0.0018438899552143315"
"3769","0.0018426103646833013","0.0018426103646833013","0.0018426103646833013"
"3770","0.0018413307741522713","0.0018413307741522713","0.0018413307741522713"
"3771","0.0018400511836212411","0.0018400511836212411","0.0018400511836212411"
"3772","0.0018387715930902112","0.0018387715930902112","0.0018387715930902112"
"3773","0.0018374920025591812","0.0018374920025591812","0.0018374920025591812"
"3774","0.001836212412028151","0.001836212412028151","0.001836212412028151"
"3775","0.001834932821497121","0.001834932821497121","0.001834932821497121"
"3776","0.0018336532309660908","0.0018336532309660908","0.0018336532309660908"
"3777","0.0018323736404350609","0.0018323736404350609","0.0018323736404350609"
"3778","0.0018310940499040307","0.0018310940499040307","0.0018310940499040307"
"3779","0.0018298144593730007","0.0018298144593730007","0.0018298144593730007"
"3780","0.0018285348688419705","0.0018285348688419705","0.0018285348688419705"
"3781","0.0018272552783109406","0.0018272552783109406","0.0018272552783109406"
"3782","0.0018259756877799106","0.0018259756877799106","0.0018259756877799106"
"3783","0.0018246960972488804","0.0018246960972488804","0.0018246960972488804"
"3784","0.0018234165067178504","0.0018234165067178504","0.0018234165067178504"
"3785","0.0018221369161868202","0.0018221369161868202","0.0018221369161868202"
"3786","0.0018208573256557903","0.0018208573256557903","0.0018208573256557903"
"3787","0.00181957773512476","0.00181957773512476","0.00181957773512476"
"3788","0.00181829814459373","0.00181829814459373","0.00181829814459373"
"3789","0.0018170185540627","0.0018170185540627","0.0018170185540627"
"3790","0.00181573896353167","0.00181573896353167","0.00181573896353167"
"3791","0.0018144593730006397","0.0018144593730006397","0.0018144593730006397"
"3792","0.0018131797824696098","0.0018131797824696098","0.0018131797824696098"
"3793","0.0018119001919385796","0.0018119001919385796","0.0018119001919385796"
"3794","0.0018106206014075496","0.0018106206014075496","0.0018106206014075496"
"3795","0.0018093410108765196","0.0018093410108765196","0.0018093410108765196"
"3796","0.0018080614203454894","0.0018080614203454894","0.0018080614203454894"
"3797","0.0018067818298144595","0.0018067818298144595","0.0018067818298144595"
"3798","0.0018055022392834293","0.0018055022392834293","0.0018055022392834293"
"3799","0.0018042226487523993","0.0018042226487523993","0.0018042226487523993"
"3800","0.0018029430582213691","0.0018029430582213691","0.0018029430582213691"
"3801","0.0018016634676903392","0.0018016634676903392","0.0018016634676903392"
"3802","0.001800383877159309","0.001800383877159309","0.001800383877159309"
"3803","0.001799104286628279","0.001799104286628279","0.001799104286628279"
"3804","0.001797824696097249","0.001797824696097249","0.001797824696097249"
"3805","0.0017965451055662188","0.0017965451055662188","0.0017965451055662188"
"3806","0.0017952655150351889","0.0017952655150351889","0.0017952655150351889"
"3807","0.0017939859245041587","0.0017939859245041587","0.0017939859245041587"
"3808","0.0017927063339731287","0.0017927063339731287","0.0017927063339731287"
"3809","0.0017914267434420985","0.0017914267434420985","0.0017914267434420985"
"3810","0.0017901471529110685","0.0017901471529110685","0.0017901471529110685"
"3811","0.0017888675623800383","0.0017888675623800383","0.0017888675623800383"
"3812","0.0017875879718490084","0.0017875879718490084","0.0017875879718490084"
"3813","0.0017863083813179782","0.0017863083813179782","0.0017863083813179782"
"3814","0.0017850287907869482","0.0017850287907869482","0.0017850287907869482"
"3815","0.0017837492002559182","0.0017837492002559182","0.0017837492002559182"
"3816","0.001782469609724888","0.001782469609724888","0.001782469609724888"
"3817","0.001781190019193858","0.001781190019193858","0.001781190019193858"
"3818","0.0017799104286628279","0.0017799104286628279","0.0017799104286628279"
"3819","0.001778630838131798","0.001778630838131798","0.001778630838131798"
"3820","0.0017773512476007677","0.0017773512476007677","0.0017773512476007677"
"3821","0.0017760716570697378","0.0017760716570697378","0.0017760716570697378"
"3822","0.0017747920665387076","0.0017747920665387076","0.0017747920665387076"
"3823","0.0017735124760076776","0.0017735124760076776","0.0017735124760076776"
"3824","0.0017722328854766476","0.0017722328854766476","0.0017722328854766476"
"3825","0.0017709532949456174","0.0017709532949456174","0.0017709532949456174"
"3826","0.0017696737044145875","0.0017696737044145875","0.0017696737044145875"
"3827","0.0017683941138835573","0.0017683941138835573","0.0017683941138835573"
"3828","0.0017671145233525273","0.0017671145233525273","0.0017671145233525273"
"3829","0.0017658349328214971","0.0017658349328214971","0.0017658349328214971"
"3830","0.0017645553422904671","0.0017645553422904671","0.0017645553422904671"
"3831","0.001763275751759437","0.001763275751759437","0.001763275751759437"
"3832","0.001761996161228407","0.001761996161228407","0.001761996161228407"
"3833","0.001760716570697377","0.001760716570697377","0.001760716570697377"
"3834","0.0017594369801663468","0.0017594369801663468","0.0017594369801663468"
"3835","0.0017581573896353166","0.0017581573896353166","0.0017581573896353166"
"3836","0.0017568777991042867","0.0017568777991042867","0.0017568777991042867"
"3837","0.0017555982085732567","0.0017555982085732567","0.0017555982085732567"
"3838","0.0017543186180422265","0.0017543186180422265","0.0017543186180422265"
"3839","0.0017530390275111965","0.0017530390275111965","0.0017530390275111965"
"3840","0.0017517594369801663","0.0017517594369801663","0.0017517594369801663"
"3841","0.0017504798464491364","0.0017504798464491364","0.0017504798464491364"
"3842","0.0017492002559181062","0.0017492002559181062","0.0017492002559181062"
"3843","0.0017479206653870762","0.0017479206653870762","0.0017479206653870762"
"3844","0.001746641074856046","0.001746641074856046","0.001746641074856046"
"3845","0.001745361484325016","0.001745361484325016","0.001745361484325016"
"3846","0.001744081893793986","0.001744081893793986","0.001744081893793986"
"3847","0.0017428023032629559","0.0017428023032629559","0.0017428023032629559"
"3848","0.001741522712731926","0.001741522712731926","0.001741522712731926"
"3849","0.0017402431222008957","0.0017402431222008957","0.0017402431222008957"
"3850","0.0017389635316698657","0.0017389635316698657","0.0017389635316698657"
"3851","0.0017376839411388355","0.0017376839411388355","0.0017376839411388355"
"3852","0.0017364043506078056","0.0017364043506078056","0.0017364043506078056"
"3853","0.0017351247600767754","0.0017351247600767754","0.0017351247600767754"
"3854","0.0017338451695457454","0.0017338451695457454","0.0017338451695457454"
"3855","0.0017325655790147154","0.0017325655790147154","0.0017325655790147154"
"3856","0.0017312859884836853","0.0017312859884836853","0.0017312859884836853"
"3857","0.001730006397952655","0.001730006397952655","0.001730006397952655"
"3858","0.001728726807421625","0.001728726807421625","0.001728726807421625"
"3859","0.0017274472168905951","0.0017274472168905951","0.0017274472168905951"
"3860","0.001726167626359565","0.001726167626359565","0.001726167626359565"
"3861","0.001724888035828535","0.001724888035828535","0.001724888035828535"
"3862","0.0017236084452975048","0.0017236084452975048","0.0017236084452975048"
"3863","0.0017223288547664748","0.0017223288547664748","0.0017223288547664748"
"3864","0.0017210492642354448","0.0017210492642354448","0.0017210492642354448"
"3865","0.0017197696737044146","0.0017197696737044146","0.0017197696737044146"
"3866","0.0017184900831733844","0.0017184900831733844","0.0017184900831733844"
"3867","0.0017172104926423545","0.0017172104926423545","0.0017172104926423545"
"3868","0.0017159309021113245","0.0017159309021113245","0.0017159309021113245"
"3869","0.0017146513115802943","0.0017146513115802943","0.0017146513115802943"
"3870","0.0017133717210492643","0.0017133717210492643","0.0017133717210492643"
"3871","0.0017120921305182342","0.0017120921305182342","0.0017120921305182342"
"3872","0.0017108125399872042","0.0017108125399872042","0.0017108125399872042"
"3873","0.0017095329494561742","0.0017095329494561742","0.0017095329494561742"
"3874","0.001708253358925144","0.001708253358925144","0.001708253358925144"
"3875","0.0017069737683941138","0.0017069737683941138","0.0017069737683941138"
"3876","0.0017056941778630839","0.0017056941778630839","0.0017056941778630839"
"3877","0.0017044145873320539","0.0017044145873320539","0.0017044145873320539"
"3878","0.0017031349968010237","0.0017031349968010237","0.0017031349968010237"
"3879","0.0017018554062699937","0.0017018554062699937","0.0017018554062699937"
"3880","0.0017005758157389635","0.0017005758157389635","0.0017005758157389635"
"3881","0.0016992962252079336","0.0016992962252079336","0.0016992962252079336"
"3882","0.0016980166346769036","0.0016980166346769036","0.0016980166346769036"
"3883","0.0016967370441458734","0.0016967370441458734","0.0016967370441458734"
"3884","0.0016954574536148432","0.0016954574536148432","0.0016954574536148432"
"3885","0.0016941778630838132","0.0016941778630838132","0.0016941778630838132"
"3886","0.0016928982725527833","0.0016928982725527833","0.0016928982725527833"
"3887","0.001691618682021753","0.001691618682021753","0.001691618682021753"
"3888","0.0016903390914907229","0.0016903390914907229","0.0016903390914907229"
"3889","0.001689059500959693","0.001689059500959693","0.001689059500959693"
"3890","0.001687779910428663","0.001687779910428663","0.001687779910428663"
"3891","0.0016865003198976328","0.0016865003198976328","0.0016865003198976328"
"3892","0.0016852207293666028","0.0016852207293666028","0.0016852207293666028"
"3893","0.0016839411388355726","0.0016839411388355726","0.0016839411388355726"
"3894","0.0016826615483045426","0.0016826615483045426","0.0016826615483045426"
"3895","0.0016813819577735126","0.0016813819577735126","0.0016813819577735126"
"3896","0.0016801023672424825","0.0016801023672424825","0.0016801023672424825"
"3897","0.0016788227767114523","0.0016788227767114523","0.0016788227767114523"
"3898","0.0016775431861804223","0.0016775431861804223","0.0016775431861804223"
"3899","0.0016762635956493923","0.0016762635956493923","0.0016762635956493923"
"3900","0.0016749840051183621","0.0016749840051183621","0.0016749840051183621"
"3901","0.0016737044145873322","0.0016737044145873322","0.0016737044145873322"
"3902","0.001672424824056302","0.001672424824056302","0.001672424824056302"
"3903","0.001671145233525272","0.001671145233525272","0.001671145233525272"
"3904","0.001669865642994242","0.001669865642994242","0.001669865642994242"
"3905","0.0016685860524632118","0.0016685860524632118","0.0016685860524632118"
"3906","0.0016673064619321817","0.0016673064619321817","0.0016673064619321817"
"3907","0.0016660268714011517","0.0016660268714011517","0.0016660268714011517"
"3908","0.0016647472808701217","0.0016647472808701217","0.0016647472808701217"
"3909","0.0016634676903390915","0.0016634676903390915","0.0016634676903390915"
"3910","0.0016621880998080613","0.0016621880998080613","0.0016621880998080613"
"3911","0.0016609085092770314","0.0016609085092770314","0.0016609085092770314"
"3912","0.0016596289187460014","0.0016596289187460014","0.0016596289187460014"
"3913","0.0016583493282149714","0.0016583493282149714","0.0016583493282149714"
"3914","0.0016570697376839412","0.0016570697376839412","0.0016570697376839412"
"3915","0.001655790147152911","0.001655790147152911","0.001655790147152911"
"3916","0.001654510556621881","0.001654510556621881","0.001654510556621881"
"3917","0.001653230966090851","0.001653230966090851","0.001653230966090851"
"3918","0.001651951375559821","0.001651951375559821","0.001651951375559821"
"3919","0.0016506717850287907","0.0016506717850287907","0.0016506717850287907"
"3920","0.0016493921944977607","0.0016493921944977607","0.0016493921944977607"
"3921","0.0016481126039667308","0.0016481126039667308","0.0016481126039667308"
"3922","0.0016468330134357008","0.0016468330134357008","0.0016468330134357008"
"3923","0.0016455534229046706","0.0016455534229046706","0.0016455534229046706"
"3924","0.0016442738323736404","0.0016442738323736404","0.0016442738323736404"
"3925","0.0016429942418426104","0.0016429942418426104","0.0016429942418426104"
"3926","0.0016417146513115805","0.0016417146513115805","0.0016417146513115805"
"3927","0.0016404350607805503","0.0016404350607805503","0.0016404350607805503"
"3928","0.00163915547024952","0.00163915547024952","0.00163915547024952"
"3929","0.0016378758797184901","0.0016378758797184901","0.0016378758797184901"
"3930","0.0016365962891874601","0.0016365962891874601","0.0016365962891874601"
"3931","0.0016353166986564302","0.0016353166986564302","0.0016353166986564302"
"3932","0.0016340371081253998","0.0016340371081253998","0.0016340371081253998"
"3933","0.0016327575175943698","0.0016327575175943698","0.0016327575175943698"
"3934","0.0016314779270633398","0.0016314779270633398","0.0016314779270633398"
"3935","0.0016301983365323099","0.0016301983365323099","0.0016301983365323099"
"3936","0.0016289187460012797","0.0016289187460012797","0.0016289187460012797"
"3937","0.0016276391554702495","0.0016276391554702495","0.0016276391554702495"
"3938","0.0016263595649392195","0.0016263595649392195","0.0016263595649392195"
"3939","0.0016250799744081895","0.0016250799744081895","0.0016250799744081895"
"3940","0.0016238003838771593","0.0016238003838771593","0.0016238003838771593"
"3941","0.0016225207933461292","0.0016225207933461292","0.0016225207933461292"
"3942","0.0016212412028150992","0.0016212412028150992","0.0016212412028150992"
"3943","0.0016199616122840692","0.0016199616122840692","0.0016199616122840692"
"3944","0.0016186820217530392","0.0016186820217530392","0.0016186820217530392"
"3945","0.001617402431222009","0.001617402431222009","0.001617402431222009"
"3946","0.0016161228406909789","0.0016161228406909789","0.0016161228406909789"
"3947","0.0016148432501599489","0.0016148432501599489","0.0016148432501599489"
"3948","0.001613563659628919","0.001613563659628919","0.001613563659628919"
"3949","0.0016122840690978887","0.0016122840690978887","0.0016122840690978887"
"3950","0.0016110044785668585","0.0016110044785668585","0.0016110044785668585"
"3951","0.0016097248880358286","0.0016097248880358286","0.0016097248880358286"
"3952","0.0016084452975047986","0.0016084452975047986","0.0016084452975047986"
"3953","0.0016071657069737686","0.0016071657069737686","0.0016071657069737686"
"3954","0.0016058861164427384","0.0016058861164427384","0.0016058861164427384"
"3955","0.0016046065259117082","0.0016046065259117082","0.0016046065259117082"
"3956","0.0016033269353806783","0.0016033269353806783","0.0016033269353806783"
"3957","0.0016020473448496483","0.0016020473448496483","0.0016020473448496483"
"3958","0.001600767754318618","0.001600767754318618","0.001600767754318618"
"3959","0.001599488163787588","0.001599488163787588","0.001599488163787588"
"3960","0.001598208573256558","0.001598208573256558","0.001598208573256558"
"3961","0.001596928982725528","0.001596928982725528","0.001596928982725528"
"3962","0.001595649392194498","0.001595649392194498","0.001595649392194498"
"3963","0.0015943698016634676","0.0015943698016634676","0.0015943698016634676"
"3964","0.0015930902111324376","0.0015930902111324376","0.0015930902111324376"
"3965","0.0015918106206014076","0.0015918106206014076","0.0015918106206014076"
"3966","0.0015905310300703777","0.0015905310300703777","0.0015905310300703777"
"3967","0.0015892514395393475","0.0015892514395393475","0.0015892514395393475"
"3968","0.0015879718490083173","0.0015879718490083173","0.0015879718490083173"
"3969","0.0015866922584772873","0.0015866922584772873","0.0015866922584772873"
"3970","0.0015854126679462574","0.0015854126679462574","0.0015854126679462574"
"3971","0.0015841330774152274","0.0015841330774152274","0.0015841330774152274"
"3972","0.001582853486884197","0.001582853486884197","0.001582853486884197"
"3973","0.001581573896353167","0.001581573896353167","0.001581573896353167"
"3974","0.001580294305822137","0.001580294305822137","0.001580294305822137"
"3975","0.001579014715291107","0.001579014715291107","0.001579014715291107"
"3976","0.0015777351247600769","0.0015777351247600769","0.0015777351247600769"
"3977","0.0015764555342290467","0.0015764555342290467","0.0015764555342290467"
"3978","0.0015751759436980167","0.0015751759436980167","0.0015751759436980167"
"3979","0.0015738963531669867","0.0015738963531669867","0.0015738963531669867"
"3980","0.0015726167626359568","0.0015726167626359568","0.0015726167626359568"
"3981","0.0015713371721049264","0.0015713371721049264","0.0015713371721049264"
"3982","0.0015700575815738964","0.0015700575815738964","0.0015700575815738964"
"3983","0.0015687779910428664","0.0015687779910428664","0.0015687779910428664"
"3984","0.0015674984005118364","0.0015674984005118364","0.0015674984005118364"
"3985","0.001566218809980806","0.001566218809980806","0.001566218809980806"
"3986","0.001564939219449776","0.001564939219449776","0.001564939219449776"
"3987","0.001563659628918746","0.001563659628918746","0.001563659628918746"
"3988","0.0015623800383877161","0.0015623800383877161","0.0015623800383877161"
"3989","0.0015611004478566861","0.0015611004478566861","0.0015611004478566861"
"3990","0.0015598208573256557","0.0015598208573256557","0.0015598208573256557"
"3991","0.0015585412667946258","0.0015585412667946258","0.0015585412667946258"
"3992","0.0015572616762635958","0.0015572616762635958","0.0015572616762635958"
"3993","0.0015559820857325658","0.0015559820857325658","0.0015559820857325658"
"3994","0.0015547024952015354","0.0015547024952015354","0.0015547024952015354"
"3995","0.0015534229046705054","0.0015534229046705054","0.0015534229046705054"
"3996","0.0015521433141394755","0.0015521433141394755","0.0015521433141394755"
"3997","0.0015508637236084455","0.0015508637236084455","0.0015508637236084455"
"3998","0.0015495841330774153","0.0015495841330774153","0.0015495841330774153"
"3999","0.0015483045425463851","0.0015483045425463851","0.0015483045425463851"
"4000","0.0015470249520153551","0.0015470249520153551","0.0015470249520153551"
"4001","0.0015457453614843252","0.0015457453614843252","0.0015457453614843252"
"4002","0.0015444657709532952","0.0015444657709532952","0.0015444657709532952"
"4003","0.0015431861804222648","0.0015431861804222648","0.0015431861804222648"
"4004","0.0015419065898912348","0.0015419065898912348","0.0015419065898912348"
"4005","0.0015406269993602049","0.0015406269993602049","0.0015406269993602049"
"4006","0.0015393474088291749","0.0015393474088291749","0.0015393474088291749"
"4007","0.0015380678182981445","0.0015380678182981445","0.0015380678182981445"
"4008","0.0015367882277671145","0.0015367882277671145","0.0015367882277671145"
"4009","0.0015355086372360845","0.0015355086372360845","0.0015355086372360845"
"4010","0.0015342290467050546","0.0015342290467050546","0.0015342290467050546"
"4011","0.0015329494561740246","0.0015329494561740246","0.0015329494561740246"
"4012","0.0015316698656429942","0.0015316698656429942","0.0015316698656429942"
"4013","0.0015303902751119642","0.0015303902751119642","0.0015303902751119642"
"4014","0.0015291106845809342","0.0015291106845809342","0.0015291106845809342"
"4015","0.0015278310940499043","0.0015278310940499043","0.0015278310940499043"
"4016","0.0015265515035188739","0.0015265515035188739","0.0015265515035188739"
"4017","0.0015252719129878439","0.0015252719129878439","0.0015252719129878439"
"4018","0.001523992322456814","0.001523992322456814","0.001523992322456814"
"4019","0.001522712731925784","0.001522712731925784","0.001522712731925784"
"4020","0.001521433141394754","0.001521433141394754","0.001521433141394754"
"4021","0.0015201535508637236","0.0015201535508637236","0.0015201535508637236"
"4022","0.0015188739603326936","0.0015188739603326936","0.0015188739603326936"
"4023","0.0015175943698016636","0.0015175943698016636","0.0015175943698016636"
"4024","0.0015163147792706336","0.0015163147792706336","0.0015163147792706336"
"4025","0.0015150351887396032","0.0015150351887396032","0.0015150351887396032"
"4026","0.0015137555982085733","0.0015137555982085733","0.0015137555982085733"
"4027","0.0015124760076775433","0.0015124760076775433","0.0015124760076775433"
"4028","0.0015111964171465133","0.0015111964171465133","0.0015111964171465133"
"4029","0.0015099168266154833","0.0015099168266154833","0.0015099168266154833"
"4030","0.001508637236084453","0.001508637236084453","0.001508637236084453"
"4031","0.001507357645553423","0.001507357645553423","0.001507357645553423"
"4032","0.001506078055022393","0.001506078055022393","0.001506078055022393"
"4033","0.001504798464491363","0.001504798464491363","0.001504798464491363"
"4034","0.0015035188739603326","0.0015035188739603326","0.0015035188739603326"
"4035","0.0015022392834293026","0.0015022392834293026","0.0015022392834293026"
"4036","0.0015009596928982727","0.0015009596928982727","0.0015009596928982727"
"4037","0.0014996801023672425","0.0014996801023672425","0.0014996801023672425"
"4038","0.0014984005118362125","0.0014984005118362125","0.0014984005118362125"
"4039","0.0014971209213051823","0.0014971209213051823","0.0014971209213051823"
"4040","0.0014958413307741524","0.0014958413307741524","0.0014958413307741524"
"4041","0.0014945617402431224","0.0014945617402431224","0.0014945617402431224"
"4042","0.0014932821497120922","0.0014932821497120922","0.0014932821497120922"
"4043","0.0014920025591810622","0.0014920025591810622","0.0014920025591810622"
"4044","0.001490722968650032","0.001490722968650032","0.001490722968650032"
"4045","0.001489443378119002","0.001489443378119002","0.001489443378119002"
"4046","0.0014881637875879719","0.0014881637875879719","0.0014881637875879719"
"4047","0.001486884197056942","0.001486884197056942","0.001486884197056942"
"4048","0.0014856046065259117","0.0014856046065259117","0.0014856046065259117"
"4049","0.0014843250159948817","0.0014843250159948817","0.0014843250159948817"
"4050","0.0014830454254638515","0.0014830454254638515","0.0014830454254638515"
"4051","0.0014817658349328216","0.0014817658349328216","0.0014817658349328216"
"4052","0.0014804862444017916","0.0014804862444017916","0.0014804862444017916"
"4053","0.0014792066538707614","0.0014792066538707614","0.0014792066538707614"
"4054","0.0014779270633397314","0.0014779270633397314","0.0014779270633397314"
"4055","0.0014766474728087012","0.0014766474728087012","0.0014766474728087012"
"4056","0.0014753678822776713","0.0014753678822776713","0.0014753678822776713"
"4057","0.001474088291746641","0.001474088291746641","0.001474088291746641"
"4058","0.0014728087012156111","0.0014728087012156111","0.0014728087012156111"
"4059","0.001471529110684581","0.001471529110684581","0.001471529110684581"
"4060","0.001470249520153551","0.001470249520153551","0.001470249520153551"
"4061","0.001468969929622521","0.001468969929622521","0.001468969929622521"
"4062","0.0014676903390914908","0.0014676903390914908","0.0014676903390914908"
"4063","0.0014664107485604608","0.0014664107485604608","0.0014664107485604608"
"4064","0.0014651311580294306","0.0014651311580294306","0.0014651311580294306"
"4065","0.0014638515674984007","0.0014638515674984007","0.0014638515674984007"
"4066","0.0014625719769673705","0.0014625719769673705","0.0014625719769673705"
"4067","0.0014612923864363405","0.0014612923864363405","0.0014612923864363405"
"4068","0.0014600127959053103","0.0014600127959053103","0.0014600127959053103"
"4069","0.0014587332053742803","0.0014587332053742803","0.0014587332053742803"
"4070","0.0014574536148432501","0.0014574536148432501","0.0014574536148432501"
"4071","0.0014561740243122202","0.0014561740243122202","0.0014561740243122202"
"4072","0.0014548944337811902","0.0014548944337811902","0.0014548944337811902"
"4073","0.00145361484325016","0.00145361484325016","0.00145361484325016"
"4074","0.00145233525271913","0.00145233525271913","0.00145233525271913"
"4075","0.0014510556621880998","0.0014510556621880998","0.0014510556621880998"
"4076","0.0014497760716570699","0.0014497760716570699","0.0014497760716570699"
"4077","0.0014484964811260397","0.0014484964811260397","0.0014484964811260397"
"4078","0.0014472168905950097","0.0014472168905950097","0.0014472168905950097"
"4079","0.0014459373000639795","0.0014459373000639795","0.0014459373000639795"
"4080","0.0014446577095329496","0.0014446577095329496","0.0014446577095329496"
"4081","0.0014433781190019194","0.0014433781190019194","0.0014433781190019194"
"4082","0.0014420985284708894","0.0014420985284708894","0.0014420985284708894"
"4083","0.0014408189379398594","0.0014408189379398594","0.0014408189379398594"
"4084","0.0014395393474088292","0.0014395393474088292","0.0014395393474088292"
"4085","0.0014382597568777993","0.0014382597568777993","0.0014382597568777993"
"4086","0.001436980166346769","0.001436980166346769","0.001436980166346769"
"4087","0.001435700575815739","0.001435700575815739","0.001435700575815739"
"4088","0.001434420985284709","0.001434420985284709","0.001434420985284709"
"4089","0.001433141394753679","0.001433141394753679","0.001433141394753679"
"4090","0.0014318618042226487","0.0014318618042226487","0.0014318618042226487"
"4091","0.0014305822136916188","0.0014305822136916188","0.0014305822136916188"
"4092","0.0014293026231605886","0.0014293026231605886","0.0014293026231605886"
"4093","0.0014280230326295586","0.0014280230326295586","0.0014280230326295586"
"4094","0.0014267434420985286","0.0014267434420985286","0.0014267434420985286"
"4095","0.0014254638515674985","0.0014254638515674985","0.0014254638515674985"
"4096","0.0014241842610364685","0.0014241842610364685","0.0014241842610364685"
"4097","0.0014229046705054383","0.0014229046705054383","0.0014229046705054383"
"4098","0.0014216250799744083","0.0014216250799744083","0.0014216250799744083"
"4099","0.0014203454894433781","0.0014203454894433781","0.0014203454894433781"
"4100","0.0014190658989123482","0.0014190658989123482","0.0014190658989123482"
"4101","0.001417786308381318","0.001417786308381318","0.001417786308381318"
"4102","0.001416506717850288","0.001416506717850288","0.001416506717850288"
"4103","0.0014152271273192578","0.0014152271273192578","0.0014152271273192578"
"4104","0.0014139475367882278","0.0014139475367882278","0.0014139475367882278"
"4105","0.0014126679462571979","0.0014126679462571979","0.0014126679462571979"
"4106","0.0014113883557261677","0.0014113883557261677","0.0014113883557261677"
"4107","0.0014101087651951377","0.0014101087651951377","0.0014101087651951377"
"4108","0.0014088291746641075","0.0014088291746641075","0.0014088291746641075"
"4109","0.0014075495841330775","0.0014075495841330775","0.0014075495841330775"
"4110","0.0014062699936020473","0.0014062699936020473","0.0014062699936020473"
"4111","0.0014049904030710174","0.0014049904030710174","0.0014049904030710174"
"4112","0.0014037108125399872","0.0014037108125399872","0.0014037108125399872"
"4113","0.0014024312220089572","0.0014024312220089572","0.0014024312220089572"
"4114","0.001401151631477927","0.001401151631477927","0.001401151631477927"
"4115","0.001399872040946897","0.001399872040946897","0.001399872040946897"
"4116","0.001398592450415867","0.001398592450415867","0.001398592450415867"
"4117","0.001397312859884837","0.001397312859884837","0.001397312859884837"
"4118","0.001396033269353807","0.001396033269353807","0.001396033269353807"
"4119","0.0013947536788227767","0.0013947536788227767","0.0013947536788227767"
"4120","0.0013934740882917468","0.0013934740882917468","0.0013934740882917468"
"4121","0.0013921944977607166","0.0013921944977607166","0.0013921944977607166"
"4122","0.0013909149072296866","0.0013909149072296866","0.0013909149072296866"
"4123","0.0013896353166986564","0.0013896353166986564","0.0013896353166986564"
"4124","0.0013883557261676264","0.0013883557261676264","0.0013883557261676264"
"4125","0.0013870761356365962","0.0013870761356365962","0.0013870761356365962"
"4126","0.0013857965451055663","0.0013857965451055663","0.0013857965451055663"
"4127","0.0013845169545745363","0.0013845169545745363","0.0013845169545745363"
"4128","0.0013832373640435061","0.0013832373640435061","0.0013832373640435061"
"4129","0.0013819577735124761","0.0013819577735124761","0.0013819577735124761"
"4130","0.001380678182981446","0.001380678182981446","0.001380678182981446"
"4131","0.001379398592450416","0.001379398592450416","0.001379398592450416"
"4132","0.0013781190019193858","0.0013781190019193858","0.0013781190019193858"
"4133","0.0013768394113883558","0.0013768394113883558","0.0013768394113883558"
"4134","0.0013755598208573256","0.0013755598208573256","0.0013755598208573256"
"4135","0.0013742802303262957","0.0013742802303262957","0.0013742802303262957"
"4136","0.0013730006397952655","0.0013730006397952655","0.0013730006397952655"
"4137","0.0013717210492642355","0.0013717210492642355","0.0013717210492642355"
"4138","0.0013704414587332055","0.0013704414587332055","0.0013704414587332055"
"4139","0.0013691618682021753","0.0013691618682021753","0.0013691618682021753"
"4140","0.0013678822776711454","0.0013678822776711454","0.0013678822776711454"
"4141","0.0013666026871401152","0.0013666026871401152","0.0013666026871401152"
"4142","0.0013653230966090852","0.0013653230966090852","0.0013653230966090852"
"4143","0.001364043506078055","0.001364043506078055","0.001364043506078055"
"4144","0.001362763915547025","0.001362763915547025","0.001362763915547025"
"4145","0.0013614843250159948","0.0013614843250159948","0.0013614843250159948"
"4146","0.0013602047344849649","0.0013602047344849649","0.0013602047344849649"
"4147","0.001358925143953935","0.001358925143953935","0.001358925143953935"
"4148","0.0013576455534229047","0.0013576455534229047","0.0013576455534229047"
"4149","0.0013563659628918747","0.0013563659628918747","0.0013563659628918747"
"4150","0.0013550863723608446","0.0013550863723608446","0.0013550863723608446"
"4151","0.0013538067818298146","0.0013538067818298146","0.0013538067818298146"
"4152","0.0013525271912987844","0.0013525271912987844","0.0013525271912987844"
"4153","0.0013512476007677544","0.0013512476007677544","0.0013512476007677544"
"4154","0.0013499680102367242","0.0013499680102367242","0.0013499680102367242"
"4155","0.0013486884197056943","0.0013486884197056943","0.0013486884197056943"
"4156","0.001347408829174664","0.001347408829174664","0.001347408829174664"
"4157","0.001346129238643634","0.001346129238643634","0.001346129238643634"
"4158","0.0013448496481126041","0.0013448496481126041","0.0013448496481126041"
"4159","0.001343570057581574","0.001343570057581574","0.001343570057581574"
"4160","0.001342290467050544","0.001342290467050544","0.001342290467050544"
"4161","0.0013410108765195138","0.0013410108765195138","0.0013410108765195138"
"4162","0.0013397312859884838","0.0013397312859884838","0.0013397312859884838"
"4163","0.0013384516954574536","0.0013384516954574536","0.0013384516954574536"
"4164","0.0013371721049264236","0.0013371721049264236","0.0013371721049264236"
"4165","0.0013358925143953935","0.0013358925143953935","0.0013358925143953935"
"4166","0.0013346129238643635","0.0013346129238643635","0.0013346129238643635"
"4167","0.0013333333333333333","0.0013333333333333333","0.0013333333333333333"
"4168","0.0013320537428023033","0.0013320537428023033","0.0013320537428023033"
"4169","0.0013307741522712733","0.0013307741522712733","0.0013307741522712733"
"4170","0.0013294945617402432","0.0013294945617402432","0.0013294945617402432"
"4171","0.0013282149712092132","0.0013282149712092132","0.0013282149712092132"
"4172","0.001326935380678183","0.001326935380678183","0.001326935380678183"
"4173","0.001325655790147153","0.001325655790147153","0.001325655790147153"
"4174","0.0013243761996161228","0.0013243761996161228","0.0013243761996161228"
"4175","0.0013230966090850929","0.0013230966090850929","0.0013230966090850929"
"4176","0.0013218170185540627","0.0013218170185540627","0.0013218170185540627"
"4177","0.0013205374280230327","0.0013205374280230327","0.0013205374280230327"
"4178","0.0013192578374920025","0.0013192578374920025","0.0013192578374920025"
"4179","0.0013179782469609725","0.0013179782469609725","0.0013179782469609725"
"4180","0.0013166986564299426","0.0013166986564299426","0.0013166986564299426"
"4181","0.0013154190658989124","0.0013154190658989124","0.0013154190658989124"
"4182","0.0013141394753678824","0.0013141394753678824","0.0013141394753678824"
"4183","0.0013128598848368522","0.0013128598848368522","0.0013128598848368522"
"4184","0.0013115802943058222","0.0013115802943058222","0.0013115802943058222"
"4185","0.001310300703774792","0.001310300703774792","0.001310300703774792"
"4186","0.001309021113243762","0.001309021113243762","0.001309021113243762"
"4187","0.0013077415227127319","0.0013077415227127319","0.0013077415227127319"
"4188","0.001306461932181702","0.001306461932181702","0.001306461932181702"
"4189","0.0013051823416506717","0.0013051823416506717","0.0013051823416506717"
"4190","0.0013039027511196418","0.0013039027511196418","0.0013039027511196418"
"4191","0.0013026231605886118","0.0013026231605886118","0.0013026231605886118"
"4192","0.0013013435700575816","0.0013013435700575816","0.0013013435700575816"
"4193","0.0013000639795265516","0.0013000639795265516","0.0013000639795265516"
"4194","0.0012987843889955214","0.0012987843889955214","0.0012987843889955214"
"4195","0.0012975047984644915","0.0012975047984644915","0.0012975047984644915"
"4196","0.0012962252079334613","0.0012962252079334613","0.0012962252079334613"
"4197","0.0012949456174024313","0.0012949456174024313","0.0012949456174024313"
"4198","0.0012936660268714011","0.0012936660268714011","0.0012936660268714011"
"4199","0.0012923864363403711","0.0012923864363403711","0.0012923864363403711"
"4200","0.001291106845809341","0.001291106845809341","0.001291106845809341"
"4201","0.001289827255278311","0.001289827255278311","0.001289827255278311"
"4202","0.001288547664747281","0.001288547664747281","0.001288547664747281"
"4203","0.0012872680742162508","0.0012872680742162508","0.0012872680742162508"
"4204","0.0012859884836852208","0.0012859884836852208","0.0012859884836852208"
"4205","0.0012847088931541907","0.0012847088931541907","0.0012847088931541907"
"4206","0.0012834293026231607","0.0012834293026231607","0.0012834293026231607"
"4207","0.0012821497120921305","0.0012821497120921305","0.0012821497120921305"
"4208","0.0012808701215611005","0.0012808701215611005","0.0012808701215611005"
"4209","0.0012795905310300703","0.0012795905310300703","0.0012795905310300703"
"4210","0.0012783109404990404","0.0012783109404990404","0.0012783109404990404"
"4211","0.0012770313499680102","0.0012770313499680102","0.0012770313499680102"
"4212","0.0012757517594369802","0.0012757517594369802","0.0012757517594369802"
"4213","0.0012744721689059502","0.0012744721689059502","0.0012744721689059502"
"4214","0.00127319257837492","0.00127319257837492","0.00127319257837492"
"4215","0.00127191298784389","0.00127191298784389","0.00127191298784389"
"4216","0.0012706333973128599","0.0012706333973128599","0.0012706333973128599"
"4217","0.00126935380678183","0.00126935380678183","0.00126935380678183"
"4218","0.0012680742162507997","0.0012680742162507997","0.0012680742162507997"
"4219","0.0012667946257197697","0.0012667946257197697","0.0012667946257197697"
"4220","0.0012655150351887396","0.0012655150351887396","0.0012655150351887396"
"4221","0.0012642354446577096","0.0012642354446577096","0.0012642354446577096"
"4222","0.0012629558541266796","0.0012629558541266796","0.0012629558541266796"
"4223","0.0012616762635956494","0.0012616762635956494","0.0012616762635956494"
"4224","0.0012603966730646194","0.0012603966730646194","0.0012603966730646194"
"4225","0.0012591170825335893","0.0012591170825335893","0.0012591170825335893"
"4226","0.0012578374920025593","0.0012578374920025593","0.0012578374920025593"
"4227","0.001256557901471529","0.001256557901471529","0.001256557901471529"
"4228","0.0012552783109404991","0.0012552783109404991","0.0012552783109404991"
"4229","0.001253998720409469","0.001253998720409469","0.001253998720409469"
"4230","0.001252719129878439","0.001252719129878439","0.001252719129878439"
"4231","0.0012514395393474088","0.0012514395393474088","0.0012514395393474088"
"4232","0.0012501599488163788","0.0012501599488163788","0.0012501599488163788"
"4233","0.0012488803582853488","0.0012488803582853488","0.0012488803582853488"
"4234","0.0012476007677543186","0.0012476007677543186","0.0012476007677543186"
"4235","0.0012463211772232887","0.0012463211772232887","0.0012463211772232887"
"4236","0.0012450415866922585","0.0012450415866922585","0.0012450415866922585"
"4237","0.0012437619961612285","0.0012437619961612285","0.0012437619961612285"
"4238","0.0012424824056301983","0.0012424824056301983","0.0012424824056301983"
"4239","0.0012412028150991683","0.0012412028150991683","0.0012412028150991683"
"4240","0.0012399232245681382","0.0012399232245681382","0.0012399232245681382"
"4241","0.0012386436340371082","0.0012386436340371082","0.0012386436340371082"
"4242","0.001237364043506078","0.001237364043506078","0.001237364043506078"
"4243","0.001236084452975048","0.001236084452975048","0.001236084452975048"
"4244","0.001234804862444018","0.001234804862444018","0.001234804862444018"
"4245","0.0012335252719129879","0.0012335252719129879","0.0012335252719129879"
"4246","0.0012322456813819579","0.0012322456813819579","0.0012322456813819579"
"4247","0.0012309660908509277","0.0012309660908509277","0.0012309660908509277"
"4248","0.0012296865003198977","0.0012296865003198977","0.0012296865003198977"
"4249","0.0012284069097888675","0.0012284069097888675","0.0012284069097888675"
"4250","0.0012271273192578376","0.0012271273192578376","0.0012271273192578376"
"4251","0.0012258477287268074","0.0012258477287268074","0.0012258477287268074"
"4252","0.0012245681381957774","0.0012245681381957774","0.0012245681381957774"
"4253","0.0012232885476647472","0.0012232885476647472","0.0012232885476647472"
"4254","0.0012220089571337172","0.0012220089571337172","0.0012220089571337172"
"4255","0.0012207293666026873","0.0012207293666026873","0.0012207293666026873"
"4256","0.001219449776071657","0.001219449776071657","0.001219449776071657"
"4257","0.001218170185540627","0.001218170185540627","0.001218170185540627"
"4258","0.001216890595009597","0.001216890595009597","0.001216890595009597"
"4259","0.001215611004478567","0.001215611004478567","0.001215611004478567"
"4260","0.0012143314139475368","0.0012143314139475368","0.0012143314139475368"
"4261","0.0012130518234165068","0.0012130518234165068","0.0012130518234165068"
"4262","0.0012117722328854766","0.0012117722328854766","0.0012117722328854766"
"4263","0.0012104926423544466","0.0012104926423544466","0.0012104926423544466"
"4264","0.0012092130518234164","0.0012092130518234164","0.0012092130518234164"
"4265","0.0012079334612923865","0.0012079334612923865","0.0012079334612923865"
"4266","0.0012066538707613565","0.0012066538707613565","0.0012066538707613565"
"4267","0.0012053742802303263","0.0012053742802303263","0.0012053742802303263"
"4268","0.0012040946896992963","0.0012040946896992963","0.0012040946896992963"
"4269","0.0012028150991682661","0.0012028150991682661","0.0012028150991682661"
"4270","0.0012015355086372362","0.0012015355086372362","0.0012015355086372362"
"4271","0.001200255918106206","0.001200255918106206","0.001200255918106206"
"4272","0.001198976327575176","0.001198976327575176","0.001198976327575176"
"4273","0.0011976967370441458","0.0011976967370441458","0.0011976967370441458"
"4274","0.0011964171465131158","0.0011964171465131158","0.0011964171465131158"
"4275","0.0011951375559820857","0.0011951375559820857","0.0011951375559820857"
"4276","0.0011938579654510557","0.0011938579654510557","0.0011938579654510557"
"4277","0.0011925783749200257","0.0011925783749200257","0.0011925783749200257"
"4278","0.0011912987843889955","0.0011912987843889955","0.0011912987843889955"
"4279","0.0011900191938579655","0.0011900191938579655","0.0011900191938579655"
"4280","0.0011887396033269354","0.0011887396033269354","0.0011887396033269354"
"4281","0.0011874600127959054","0.0011874600127959054","0.0011874600127959054"
"4282","0.0011861804222648752","0.0011861804222648752","0.0011861804222648752"
"4283","0.0011849008317338452","0.0011849008317338452","0.0011849008317338452"
"4284","0.001183621241202815","0.001183621241202815","0.001183621241202815"
"4285","0.001182341650671785","0.001182341650671785","0.001182341650671785"
"4286","0.0011810620601407549","0.0011810620601407549","0.0011810620601407549"
"4287","0.001179782469609725","0.001179782469609725","0.001179782469609725"
"4288","0.001178502879078695","0.001178502879078695","0.001178502879078695"
"4289","0.0011772232885476647","0.0011772232885476647","0.0011772232885476647"
"4290","0.0011759436980166348","0.0011759436980166348","0.0011759436980166348"
"4291","0.0011746641074856046","0.0011746641074856046","0.0011746641074856046"
"4292","0.0011733845169545746","0.0011733845169545746","0.0011733845169545746"
"4293","0.0011721049264235444","0.0011721049264235444","0.0011721049264235444"
"4294","0.0011708253358925144","0.0011708253358925144","0.0011708253358925144"
"4295","0.0011695457453614843","0.0011695457453614843","0.0011695457453614843"
"4296","0.0011682661548304543","0.0011682661548304543","0.0011682661548304543"
"4297","0.0011669865642994243","0.0011669865642994243","0.0011669865642994243"
"4298","0.0011657069737683941","0.0011657069737683941","0.0011657069737683941"
"4299","0.0011644273832373641","0.0011644273832373641","0.0011644273832373641"
"4300","0.001163147792706334","0.001163147792706334","0.001163147792706334"
"4301","0.001161868202175304","0.001161868202175304","0.001161868202175304"
"4302","0.0011605886116442738","0.0011605886116442738","0.0011605886116442738"
"4303","0.0011593090211132438","0.0011593090211132438","0.0011593090211132438"
"4304","0.0011580294305822136","0.0011580294305822136","0.0011580294305822136"
"4305","0.0011567498400511837","0.0011567498400511837","0.0011567498400511837"
"4306","0.0011554702495201535","0.0011554702495201535","0.0011554702495201535"
"4307","0.0011541906589891235","0.0011541906589891235","0.0011541906589891235"
"4308","0.0011529110684580935","0.0011529110684580935","0.0011529110684580935"
"4309","0.0011516314779270633","0.0011516314779270633","0.0011516314779270633"
"4310","0.0011503518873960334","0.0011503518873960334","0.0011503518873960334"
"4311","0.0011490722968650032","0.0011490722968650032","0.0011490722968650032"
"4312","0.0011477927063339732","0.0011477927063339732","0.0011477927063339732"
"4313","0.001146513115802943","0.001146513115802943","0.001146513115802943"
"4314","0.001145233525271913","0.001145233525271913","0.001145233525271913"
"4315","0.0011439539347408829","0.0011439539347408829","0.0011439539347408829"
"4316","0.0011426743442098529","0.0011426743442098529","0.0011426743442098529"
"4317","0.0011413947536788227","0.0011413947536788227","0.0011413947536788227"
"4318","0.0011401151631477927","0.0011401151631477927","0.0011401151631477927"
"4319","0.0011388355726167628","0.0011388355726167628","0.0011388355726167628"
"4320","0.0011375559820857326","0.0011375559820857326","0.0011375559820857326"
"4321","0.0011362763915547026","0.0011362763915547026","0.0011362763915547026"
"4322","0.0011349968010236724","0.0011349968010236724","0.0011349968010236724"
"4323","0.0011337172104926424","0.0011337172104926424","0.0011337172104926424"
"4324","0.0011324376199616122","0.0011324376199616122","0.0011324376199616122"
"4325","0.0011311580294305823","0.0011311580294305823","0.0011311580294305823"
"4326","0.001129878438899552","0.001129878438899552","0.001129878438899552"
"4327","0.001128598848368522","0.001128598848368522","0.001128598848368522"
"4328","0.001127319257837492","0.001127319257837492","0.001127319257837492"
"4329","0.001126039667306462","0.001126039667306462","0.001126039667306462"
"4330","0.001124760076775432","0.001124760076775432","0.001124760076775432"
"4331","0.0011234804862444018","0.0011234804862444018","0.0011234804862444018"
"4332","0.0011222008957133718","0.0011222008957133718","0.0011222008957133718"
"4333","0.0011209213051823416","0.0011209213051823416","0.0011209213051823416"
"4334","0.0011196417146513116","0.0011196417146513116","0.0011196417146513116"
"4335","0.0011183621241202815","0.0011183621241202815","0.0011183621241202815"
"4336","0.0011170825335892515","0.0011170825335892515","0.0011170825335892515"
"4337","0.0011158029430582213","0.0011158029430582213","0.0011158029430582213"
"4338","0.0011145233525271913","0.0011145233525271913","0.0011145233525271913"
"4339","0.0011132437619961611","0.0011132437619961611","0.0011132437619961611"
"4340","0.0011119641714651312","0.0011119641714651312","0.0011119641714651312"
"4341","0.0011106845809341012","0.0011106845809341012","0.0011106845809341012"
"4342","0.001109404990403071","0.001109404990403071","0.001109404990403071"
"4343","0.001108125399872041","0.001108125399872041","0.001108125399872041"
"4344","0.0011068458093410108","0.0011068458093410108","0.0011068458093410108"
"4345","0.0011055662188099809","0.0011055662188099809","0.0011055662188099809"
"4346","0.0011042866282789507","0.0011042866282789507","0.0011042866282789507"
"4347","0.0011030070377479207","0.0011030070377479207","0.0011030070377479207"
"4348","0.0011017274472168905","0.0011017274472168905","0.0011017274472168905"
"4349","0.0011004478566858605","0.0011004478566858605","0.0011004478566858605"
"4350","0.0010991682661548304","0.0010991682661548304","0.0010991682661548304"
"4351","0.0010978886756238004","0.0010978886756238004","0.0010978886756238004"
"4352","0.0010966090850927704","0.0010966090850927704","0.0010966090850927704"
"4353","0.0010953294945617402","0.0010953294945617402","0.0010953294945617402"
"4354","0.0010940499040307103","0.0010940499040307103","0.0010940499040307103"
"4355","0.00109277031349968","0.00109277031349968","0.00109277031349968"
"4356","0.00109149072296865","0.00109149072296865","0.00109149072296865"
"4357","0.00109021113243762","0.00109021113243762","0.00109021113243762"
"4358","0.00108893154190659","0.00108893154190659","0.00108893154190659"
"4359","0.0010876519513755597","0.0010876519513755597","0.0010876519513755597"
"4360","0.0010863723608445298","0.0010863723608445298","0.0010863723608445298"
"4361","0.0010850927703134996","0.0010850927703134996","0.0010850927703134996"
"4362","0.0010838131797824696","0.0010838131797824696","0.0010838131797824696"
"4363","0.0010825335892514396","0.0010825335892514396","0.0010825335892514396"
"4364","0.0010812539987204094","0.0010812539987204094","0.0010812539987204094"
"4365","0.0010799744081893795","0.0010799744081893795","0.0010799744081893795"
"4366","0.0010786948176583493","0.0010786948176583493","0.0010786948176583493"
"4367","0.0010774152271273193","0.0010774152271273193","0.0010774152271273193"
"4368","0.0010761356365962891","0.0010761356365962891","0.0010761356365962891"
"4369","0.0010748560460652591","0.0010748560460652591","0.0010748560460652591"
"4370","0.001073576455534229","0.001073576455534229","0.001073576455534229"
"4371","0.001072296865003199","0.001072296865003199","0.001072296865003199"
"4372","0.0010710172744721688","0.0010710172744721688","0.0010710172744721688"
"4373","0.0010697376839411388","0.0010697376839411388","0.0010697376839411388"
"4374","0.0010684580934101089","0.0010684580934101089","0.0010684580934101089"
"4375","0.0010671785028790787","0.0010671785028790787","0.0010671785028790787"
"4376","0.0010658989123480487","0.0010658989123480487","0.0010658989123480487"
"4377","0.0010646193218170185","0.0010646193218170185","0.0010646193218170185"
"4378","0.0010633397312859885","0.0010633397312859885","0.0010633397312859885"
"4379","0.0010620601407549583","0.0010620601407549583","0.0010620601407549583"
"4380","0.0010607805502239284","0.0010607805502239284","0.0010607805502239284"
"4381","0.0010595009596928982","0.0010595009596928982","0.0010595009596928982"
"4382","0.0010582213691618682","0.0010582213691618682","0.0010582213691618682"
"4383","0.0010569417786308382","0.0010569417786308382","0.0010569417786308382"
"4384","0.001055662188099808","0.001055662188099808","0.001055662188099808"
"4385","0.001054382597568778","0.001054382597568778","0.001054382597568778"
"4386","0.0010531030070377479","0.0010531030070377479","0.0010531030070377479"
"4387","0.001051823416506718","0.001051823416506718","0.001051823416506718"
"4388","0.0010505438259756877","0.0010505438259756877","0.0010505438259756877"
"4389","0.0010492642354446577","0.0010492642354446577","0.0010492642354446577"
"4390","0.0010479846449136276","0.0010479846449136276","0.0010479846449136276"
"4391","0.0010467050543825976","0.0010467050543825976","0.0010467050543825976"
"4392","0.0010454254638515674","0.0010454254638515674","0.0010454254638515674"
"4393","0.0010441458733205374","0.0010441458733205374","0.0010441458733205374"
"4394","0.0010428662827895075","0.0010428662827895075","0.0010428662827895075"
"4395","0.0010415866922584773","0.0010415866922584773","0.0010415866922584773"
"4396","0.0010403071017274473","0.0010403071017274473","0.0010403071017274473"
"4397","0.001039027511196417","0.001039027511196417","0.001039027511196417"
"4398","0.0010377479206653871","0.0010377479206653871","0.0010377479206653871"
"4399","0.001036468330134357","0.001036468330134357","0.001036468330134357"
"4400","0.001035188739603327","0.001035188739603327","0.001035188739603327"
"4401","0.0010339091490722968","0.0010339091490722968","0.0010339091490722968"
"4402","0.0010326295585412668","0.0010326295585412668","0.0010326295585412668"
"4403","0.0010313499680102366","0.0010313499680102366","0.0010313499680102366"
"4404","0.0010300703774792066","0.0010300703774792066","0.0010300703774792066"
"4405","0.0010287907869481767","0.0010287907869481767","0.0010287907869481767"
"4406","0.0010275111964171465","0.0010275111964171465","0.0010275111964171465"
"4407","0.0010262316058861165","0.0010262316058861165","0.0010262316058861165"
"4408","0.0010249520153550863","0.0010249520153550863","0.0010249520153550863"
"4409","0.0010236724248240564","0.0010236724248240564","0.0010236724248240564"
"4410","0.0010223928342930262","0.0010223928342930262","0.0010223928342930262"
"4411","0.0010211132437619962","0.0010211132437619962","0.0010211132437619962"
"4412","0.001019833653230966","0.001019833653230966","0.001019833653230966"
"4413","0.001018554062699936","0.001018554062699936","0.001018554062699936"
"4414","0.0010172744721689058","0.0010172744721689058","0.0010172744721689058"
"4415","0.0010159948816378759","0.0010159948816378759","0.0010159948816378759"
"4416","0.001014715291106846","0.001014715291106846","0.001014715291106846"
"4417","0.0010134357005758157","0.0010134357005758157","0.0010134357005758157"
"4418","0.0010121561100447857","0.0010121561100447857","0.0010121561100447857"
"4419","0.0010108765195137555","0.0010108765195137555","0.0010108765195137555"
"4420","0.0010095969289827256","0.0010095969289827256","0.0010095969289827256"
"4421","0.0010083173384516954","0.0010083173384516954","0.0010083173384516954"
"4422","0.0010070377479206654","0.0010070377479206654","0.0010070377479206654"
"4423","0.0010057581573896352","0.0010057581573896352","0.0010057581573896352"
"4424","0.0010044785668586052","0.0010044785668586052","0.0010044785668586052"
"4425","0.001003198976327575","0.001003198976327575","0.001003198976327575"
"4426","0.001001919385796545","0.001001919385796545","0.001001919385796545"
"4427","0.0010006397952655151","0.0010006397952655151","0.0010006397952655151"
"4428","0.000999360204734485","0.000999360204734485","0.000999360204734485"
"4429","0.000998080614203455","0.000998080614203455","0.000998080614203455"
"4430","0.0009968010236724248","0.0009968010236724248","0.0009968010236724248"
"4431","0.0009955214331413948","0.0009955214331413948","0.0009955214331413948"
"4432","0.0009942418426103646","0.0009942418426103646","0.0009942418426103646"
"4433","0.0009929622520793346","0.0009929622520793346","0.0009929622520793346"
"4434","0.0009916826615483044","0.0009916826615483044","0.0009916826615483044"
"4435","0.0009904030710172745","0.0009904030710172745","0.0009904030710172745"
"4436","0.0009891234804862443","0.0009891234804862443","0.0009891234804862443"
"4437","0.0009878438899552143","0.0009878438899552143","0.0009878438899552143"
"4438","0.0009865642994241843","0.0009865642994241843","0.0009865642994241843"
"4439","0.0009852847088931541","0.0009852847088931541","0.0009852847088931541"
"4440","0.0009840051183621242","0.0009840051183621242","0.0009840051183621242"
"4441","0.000982725527831094","0.000982725527831094","0.000982725527831094"
"4442","0.000981445937300064","0.000981445937300064","0.000981445937300064"
"4443","0.0009801663467690338","0.0009801663467690338","0.0009801663467690338"
"4444","0.0009788867562380039","0.0009788867562380039","0.0009788867562380039"
"4445","0.0009776071657069737","0.0009776071657069737","0.0009776071657069737"
"4446","0.0009763275751759437","0.0009763275751759437","0.0009763275751759437"
"4447","0.0009750479846449136","0.0009750479846449136","0.0009750479846449136"
"4448","0.0009737683941138835","0.0009737683941138835","0.0009737683941138835"
"4449","0.0009724888035828536","0.0009724888035828536","0.0009724888035828536"
"4450","0.0009712092130518234","0.0009712092130518234","0.0009712092130518234"
"4451","0.0009699296225207934","0.0009699296225207934","0.0009699296225207934"
"4452","0.0009686500319897632","0.0009686500319897632","0.0009686500319897632"
"4453","0.0009673704414587332","0.0009673704414587332","0.0009673704414587332"
"4454","0.0009660908509277032","0.0009660908509277032","0.0009660908509277032"
"4455","0.0009648112603966731","0.0009648112603966731","0.0009648112603966731"
"4456","0.000963531669865643","0.000963531669865643","0.000963531669865643"
"4457","0.0009622520793346129","0.0009622520793346129","0.0009622520793346129"
"4458","0.0009609724888035829","0.0009609724888035829","0.0009609724888035829"
"4459","0.0009596928982725527","0.0009596928982725527","0.0009596928982725527"
"4460","0.0009584133077415228","0.0009584133077415228","0.0009584133077415228"
"4461","0.0009571337172104926","0.0009571337172104926","0.0009571337172104926"
"4462","0.0009558541266794626","0.0009558541266794626","0.0009558541266794626"
"4463","0.0009545745361484325","0.0009545745361484325","0.0009545745361484325"
"4464","0.0009532949456174025","0.0009532949456174025","0.0009532949456174025"
"4465","0.0009520153550863724","0.0009520153550863724","0.0009520153550863724"
"4466","0.0009507357645553423","0.0009507357645553423","0.0009507357645553423"
"4467","0.0009494561740243122","0.0009494561740243122","0.0009494561740243122"
"4468","0.0009481765834932821","0.0009481765834932821","0.0009481765834932821"
"4469","0.0009468969929622522","0.0009468969929622522","0.0009468969929622522"
"4470","0.000945617402431222","0.000945617402431222","0.000945617402431222"
"4471","0.000944337811900192","0.000944337811900192","0.000944337811900192"
"4472","0.0009430582213691619","0.0009430582213691619","0.0009430582213691619"
"4473","0.0009417786308381318","0.0009417786308381318","0.0009417786308381318"
"4474","0.0009404990403071018","0.0009404990403071018","0.0009404990403071018"
"4475","0.0009392194497760717","0.0009392194497760717","0.0009392194497760717"
"4476","0.0009379398592450416","0.0009379398592450416","0.0009379398592450416"
"4477","0.0009366602687140115","0.0009366602687140115","0.0009366602687140115"
"4478","0.0009353806781829814","0.0009353806781829814","0.0009353806781829814"
"4479","0.0009341010876519514","0.0009341010876519514","0.0009341010876519514"
"4480","0.0009328214971209214","0.0009328214971209214","0.0009328214971209214"
"4481","0.0009315419065898912","0.0009315419065898912","0.0009315419065898912"
"4482","0.0009302623160588612","0.0009302623160588612","0.0009302623160588612"
"4483","0.0009289827255278311","0.0009289827255278311","0.0009289827255278311"
"4484","0.0009277031349968011","0.0009277031349968011","0.0009277031349968011"
"4485","0.000926423544465771","0.000926423544465771","0.000926423544465771"
"4486","0.0009251439539347409","0.0009251439539347409","0.0009251439539347409"
"4487","0.0009238643634037108","0.0009238643634037108","0.0009238643634037108"
"4488","0.0009225847728726807","0.0009225847728726807","0.0009225847728726807"
"4489","0.0009213051823416507","0.0009213051823416507","0.0009213051823416507"
"4490","0.0009200255918106206","0.0009200255918106206","0.0009200255918106206"
"4491","0.0009187460012795906","0.0009187460012795906","0.0009187460012795906"
"4492","0.0009174664107485605","0.0009174664107485605","0.0009174664107485605"
"4493","0.0009161868202175304","0.0009161868202175304","0.0009161868202175304"
"4494","0.0009149072296865004","0.0009149072296865004","0.0009149072296865004"
"4495","0.0009136276391554703","0.0009136276391554703","0.0009136276391554703"
"4496","0.0009123480486244402","0.0009123480486244402","0.0009123480486244402"
"4497","0.0009110684580934101","0.0009110684580934101","0.0009110684580934101"
"4498","0.00090978886756238","0.00090978886756238","0.00090978886756238"
"4499","0.00090850927703135","0.00090850927703135","0.00090850927703135"
"4500","0.0009072296865003199","0.0009072296865003199","0.0009072296865003199"
"4501","0.0009059500959692898","0.0009059500959692898","0.0009059500959692898"
"4502","0.0009046705054382598","0.0009046705054382598","0.0009046705054382598"
"4503","0.0009033909149072297","0.0009033909149072297","0.0009033909149072297"
"4504","0.0009021113243761997","0.0009021113243761997","0.0009021113243761997"
"4505","0.0009008317338451696","0.0009008317338451696","0.0009008317338451696"
"4506","0.0008995521433141395","0.0008995521433141395","0.0008995521433141395"
"4507","0.0008982725527831094","0.0008982725527831094","0.0008982725527831094"
"4508","0.0008969929622520793","0.0008969929622520793","0.0008969929622520793"
"4509","0.0008957133717210493","0.0008957133717210493","0.0008957133717210493"
"4510","0.0008944337811900192","0.0008944337811900192","0.0008944337811900192"
"4511","0.0008931541906589891","0.0008931541906589891","0.0008931541906589891"
"4512","0.0008918746001279591","0.0008918746001279591","0.0008918746001279591"
"4513","0.000890595009596929","0.000890595009596929","0.000890595009596929"
"4514","0.000889315419065899","0.000889315419065899","0.000889315419065899"
"4515","0.0008880358285348689","0.0008880358285348689","0.0008880358285348689"
"4516","0.0008867562380038388","0.0008867562380038388","0.0008867562380038388"
"4517","0.0008854766474728087","0.0008854766474728087","0.0008854766474728087"
"4518","0.0008841970569417786","0.0008841970569417786","0.0008841970569417786"
"4519","0.0008829174664107486","0.0008829174664107486","0.0008829174664107486"
"4520","0.0008816378758797185","0.0008816378758797185","0.0008816378758797185"
"4521","0.0008803582853486885","0.0008803582853486885","0.0008803582853486885"
"4522","0.0008790786948176583","0.0008790786948176583","0.0008790786948176583"
"4523","0.0008777991042866283","0.0008777991042866283","0.0008777991042866283"
"4524","0.0008765195137555983","0.0008765195137555983","0.0008765195137555983"
"4525","0.0008752399232245682","0.0008752399232245682","0.0008752399232245682"
"4526","0.0008739603326935381","0.0008739603326935381","0.0008739603326935381"
"4527","0.000872680742162508","0.000872680742162508","0.000872680742162508"
"4528","0.0008714011516314779","0.0008714011516314779","0.0008714011516314779"
"4529","0.0008701215611004479","0.0008701215611004479","0.0008701215611004479"
"4530","0.0008688419705694178","0.0008688419705694178","0.0008688419705694178"
"4531","0.0008675623800383877","0.0008675623800383877","0.0008675623800383877"
"4532","0.0008662827895073577","0.0008662827895073577","0.0008662827895073577"
"4533","0.0008650031989763275","0.0008650031989763275","0.0008650031989763275"
"4534","0.0008637236084452976","0.0008637236084452976","0.0008637236084452976"
"4535","0.0008624440179142675","0.0008624440179142675","0.0008624440179142675"
"4536","0.0008611644273832374","0.0008611644273832374","0.0008611644273832374"
"4537","0.0008598848368522073","0.0008598848368522073","0.0008598848368522073"
"4538","0.0008586052463211772","0.0008586052463211772","0.0008586052463211772"
"4539","0.0008573256557901472","0.0008573256557901472","0.0008573256557901472"
"4540","0.0008560460652591171","0.0008560460652591171","0.0008560460652591171"
"4541","0.0008547664747280871","0.0008547664747280871","0.0008547664747280871"
"4542","0.0008534868841970569","0.0008534868841970569","0.0008534868841970569"
"4543","0.0008522072936660269","0.0008522072936660269","0.0008522072936660269"
"4544","0.0008509277031349969","0.0008509277031349969","0.0008509277031349969"
"4545","0.0008496481126039668","0.0008496481126039668","0.0008496481126039668"
"4546","0.0008483685220729367","0.0008483685220729367","0.0008483685220729367"
"4547","0.0008470889315419066","0.0008470889315419066","0.0008470889315419066"
"4548","0.0008458093410108765","0.0008458093410108765","0.0008458093410108765"
"4549","0.0008445297504798465","0.0008445297504798465","0.0008445297504798465"
"4550","0.0008432501599488164","0.0008432501599488164","0.0008432501599488164"
"4551","0.0008419705694177863","0.0008419705694177863","0.0008419705694177863"
"4552","0.0008406909788867563","0.0008406909788867563","0.0008406909788867563"
"4553","0.0008394113883557261","0.0008394113883557261","0.0008394113883557261"
"4554","0.0008381317978246962","0.0008381317978246962","0.0008381317978246962"
"4555","0.0008368522072936661","0.0008368522072936661","0.0008368522072936661"
"4556","0.000835572616762636","0.000835572616762636","0.000835572616762636"
"4557","0.0008342930262316059","0.0008342930262316059","0.0008342930262316059"
"4558","0.0008330134357005758","0.0008330134357005758","0.0008330134357005758"
"4559","0.0008317338451695458","0.0008317338451695458","0.0008317338451695458"
"4560","0.0008304542546385157","0.0008304542546385157","0.0008304542546385157"
"4561","0.0008291746641074857","0.0008291746641074857","0.0008291746641074857"
"4562","0.0008278950735764555","0.0008278950735764555","0.0008278950735764555"
"4563","0.0008266154830454255","0.0008266154830454255","0.0008266154830454255"
"4564","0.0008253358925143954","0.0008253358925143954","0.0008253358925143954"
"4565","0.0008240563019833654","0.0008240563019833654","0.0008240563019833654"
"4566","0.0008227767114523353","0.0008227767114523353","0.0008227767114523353"
"4567","0.0008214971209213052","0.0008214971209213052","0.0008214971209213052"
"4568","0.0008202175303902751","0.0008202175303902751","0.0008202175303902751"
"4569","0.0008189379398592451","0.0008189379398592451","0.0008189379398592451"
"4570","0.0008176583493282151","0.0008176583493282151","0.0008176583493282151"
"4571","0.0008163787587971849","0.0008163787587971849","0.0008163787587971849"
"4572","0.0008150991682661549","0.0008150991682661549","0.0008150991682661549"
"4573","0.0008138195777351247","0.0008138195777351247","0.0008138195777351247"
"4574","0.0008125399872040948","0.0008125399872040948","0.0008125399872040948"
"4575","0.0008112603966730646","0.0008112603966730646","0.0008112603966730646"
"4576","0.0008099808061420346","0.0008099808061420346","0.0008099808061420346"
"4577","0.0008087012156110045","0.0008087012156110045","0.0008087012156110045"
"4578","0.0008074216250799744","0.0008074216250799744","0.0008074216250799744"
"4579","0.0008061420345489444","0.0008061420345489444","0.0008061420345489444"
"4580","0.0008048624440179143","0.0008048624440179143","0.0008048624440179143"
"4581","0.0008035828534868843","0.0008035828534868843","0.0008035828534868843"
"4582","0.0008023032629558541","0.0008023032629558541","0.0008023032629558541"
"4583","0.0008010236724248241","0.0008010236724248241","0.0008010236724248241"
"4584","0.000799744081893794","0.000799744081893794","0.000799744081893794"
"4585","0.000798464491362764","0.000798464491362764","0.000798464491362764"
"4586","0.0007971849008317338","0.0007971849008317338","0.0007971849008317338"
"4587","0.0007959053103007038","0.0007959053103007038","0.0007959053103007038"
"4588","0.0007946257197696737","0.0007946257197696737","0.0007946257197696737"
"4589","0.0007933461292386437","0.0007933461292386437","0.0007933461292386437"
"4590","0.0007920665387076137","0.0007920665387076137","0.0007920665387076137"
"4591","0.0007907869481765835","0.0007907869481765835","0.0007907869481765835"
"4592","0.0007895073576455535","0.0007895073576455535","0.0007895073576455535"
"4593","0.0007882277671145233","0.0007882277671145233","0.0007882277671145233"
"4594","0.0007869481765834934","0.0007869481765834934","0.0007869481765834934"
"4595","0.0007856685860524632","0.0007856685860524632","0.0007856685860524632"
"4596","0.0007843889955214332","0.0007843889955214332","0.0007843889955214332"
"4597","0.000783109404990403","0.000783109404990403","0.000783109404990403"
"4598","0.000781829814459373","0.000781829814459373","0.000781829814459373"
"4599","0.0007805502239283431","0.0007805502239283431","0.0007805502239283431"
"4600","0.0007792706333973129","0.0007792706333973129","0.0007792706333973129"
"4601","0.0007779910428662829","0.0007779910428662829","0.0007779910428662829"
"4602","0.0007767114523352527","0.0007767114523352527","0.0007767114523352527"
"4603","0.0007754318618042227","0.0007754318618042227","0.0007754318618042227"
"4604","0.0007741522712731926","0.0007741522712731926","0.0007741522712731926"
"4605","0.0007728726807421626","0.0007728726807421626","0.0007728726807421626"
"4606","0.0007715930902111324","0.0007715930902111324","0.0007715930902111324"
"4607","0.0007703134996801024","0.0007703134996801024","0.0007703134996801024"
"4608","0.0007690339091490722","0.0007690339091490722","0.0007690339091490722"
"4609","0.0007677543186180423","0.0007677543186180423","0.0007677543186180423"
"4610","0.0007664747280870123","0.0007664747280870123","0.0007664747280870123"
"4611","0.0007651951375559821","0.0007651951375559821","0.0007651951375559821"
"4612","0.0007639155470249521","0.0007639155470249521","0.0007639155470249521"
"4613","0.0007626359564939219","0.0007626359564939219","0.0007626359564939219"
"4614","0.000761356365962892","0.000761356365962892","0.000761356365962892"
"4615","0.0007600767754318618","0.0007600767754318618","0.0007600767754318618"
"4616","0.0007587971849008318","0.0007587971849008318","0.0007587971849008318"
"4617","0.0007575175943698016","0.0007575175943698016","0.0007575175943698016"
"4618","0.0007562380038387716","0.0007562380038387716","0.0007562380038387716"
"4619","0.0007549584133077417","0.0007549584133077417","0.0007549584133077417"
"4620","0.0007536788227767115","0.0007536788227767115","0.0007536788227767115"
"4621","0.0007523992322456815","0.0007523992322456815","0.0007523992322456815"
"4622","0.0007511196417146513","0.0007511196417146513","0.0007511196417146513"
"4623","0.0007498400511836212","0.0007498400511836212","0.0007498400511836212"
"4624","0.0007485604606525912","0.0007485604606525912","0.0007485604606525912"
"4625","0.0007472808701215612","0.0007472808701215612","0.0007472808701215612"
"4626","0.0007460012795905311","0.0007460012795905311","0.0007460012795905311"
"4627","0.000744721689059501","0.000744721689059501","0.000744721689059501"
"4628","0.000743442098528471","0.000743442098528471","0.000743442098528471"
"4629","0.0007421625079974409","0.0007421625079974409","0.0007421625079974409"
"4630","0.0007408829174664108","0.0007408829174664108","0.0007408829174664108"
"4631","0.0007396033269353807","0.0007396033269353807","0.0007396033269353807"
"4632","0.0007383237364043506","0.0007383237364043506","0.0007383237364043506"
"4633","0.0007370441458733205","0.0007370441458733205","0.0007370441458733205"
"4634","0.0007357645553422905","0.0007357645553422905","0.0007357645553422905"
"4635","0.0007344849648112605","0.0007344849648112605","0.0007344849648112605"
"4636","0.0007332053742802304","0.0007332053742802304","0.0007332053742802304"
"4637","0.0007319257837492003","0.0007319257837492003","0.0007319257837492003"
"4638","0.0007306461932181702","0.0007306461932181702","0.0007306461932181702"
"4639","0.0007293666026871402","0.0007293666026871402","0.0007293666026871402"
"4640","0.0007280870121561101","0.0007280870121561101","0.0007280870121561101"
"4641","0.00072680742162508","0.00072680742162508","0.00072680742162508"
"4642","0.0007255278310940499","0.0007255278310940499","0.0007255278310940499"
"4643","0.0007242482405630198","0.0007242482405630198","0.0007242482405630198"
"4644","0.0007229686500319898","0.0007229686500319898","0.0007229686500319898"
"4645","0.0007216890595009597","0.0007216890595009597","0.0007216890595009597"
"4646","0.0007204094689699297","0.0007204094689699297","0.0007204094689699297"
"4647","0.0007191298784388996","0.0007191298784388996","0.0007191298784388996"
"4648","0.0007178502879078695","0.0007178502879078695","0.0007178502879078695"
"4649","0.0007165706973768395","0.0007165706973768395","0.0007165706973768395"
"4650","0.0007152911068458094","0.0007152911068458094","0.0007152911068458094"
"4651","0.0007140115163147793","0.0007140115163147793","0.0007140115163147793"
"4652","0.0007127319257837492","0.0007127319257837492","0.0007127319257837492"
"4653","0.0007114523352527191","0.0007114523352527191","0.0007114523352527191"
"4654","0.0007101727447216891","0.0007101727447216891","0.0007101727447216891"
"4655","0.000708893154190659","0.000708893154190659","0.000708893154190659"
"4656","0.0007076135636596289","0.0007076135636596289","0.0007076135636596289"
"4657","0.0007063339731285989","0.0007063339731285989","0.0007063339731285989"
"4658","0.0007050543825975688","0.0007050543825975688","0.0007050543825975688"
"4659","0.0007037747920665388","0.0007037747920665388","0.0007037747920665388"
"4660","0.0007024952015355087","0.0007024952015355087","0.0007024952015355087"
"4661","0.0007012156110044786","0.0007012156110044786","0.0007012156110044786"
"4662","0.0006999360204734485","0.0006999360204734485","0.0006999360204734485"
"4663","0.0006986564299424184","0.0006986564299424184","0.0006986564299424184"
"4664","0.0006973768394113884","0.0006973768394113884","0.0006973768394113884"
"4665","0.0006960972488803583","0.0006960972488803583","0.0006960972488803583"
"4666","0.0006948176583493282","0.0006948176583493282","0.0006948176583493282"
"4667","0.0006935380678182981","0.0006935380678182981","0.0006935380678182981"
"4668","0.0006922584772872682","0.0006922584772872682","0.0006922584772872682"
"4669","0.0006909788867562381","0.0006909788867562381","0.0006909788867562381"
"4670","0.000689699296225208","0.000689699296225208","0.000689699296225208"
"4671","0.0006884197056941779","0.0006884197056941779","0.0006884197056941779"
"4672","0.0006871401151631478","0.0006871401151631478","0.0006871401151631478"
"4673","0.0006858605246321177","0.0006858605246321177","0.0006858605246321177"
"4674","0.0006845809341010877","0.0006845809341010877","0.0006845809341010877"
"4675","0.0006833013435700576","0.0006833013435700576","0.0006833013435700576"
"4676","0.0006820217530390275","0.0006820217530390275","0.0006820217530390275"
"4677","0.0006807421625079974","0.0006807421625079974","0.0006807421625079974"
"4678","0.0006794625719769675","0.0006794625719769675","0.0006794625719769675"
"4679","0.0006781829814459374","0.0006781829814459374","0.0006781829814459374"
"4680","0.0006769033909149073","0.0006769033909149073","0.0006769033909149073"
"4681","0.0006756238003838772","0.0006756238003838772","0.0006756238003838772"
"4682","0.0006743442098528471","0.0006743442098528471","0.0006743442098528471"
"4683","0.000673064619321817","0.000673064619321817","0.000673064619321817"
"4684","0.000671785028790787","0.000671785028790787","0.000671785028790787"
"4685","0.0006705054382597569","0.0006705054382597569","0.0006705054382597569"
"4686","0.0006692258477287268","0.0006692258477287268","0.0006692258477287268"
"4687","0.0006679462571976967","0.0006679462571976967","0.0006679462571976967"
"4688","0.0006666666666666666","0.0006666666666666666","0.0006666666666666666"
"4689","0.0006653870761356367","0.0006653870761356367","0.0006653870761356367"
"4690","0.0006641074856046066","0.0006641074856046066","0.0006641074856046066"
"4691","0.0006628278950735765","0.0006628278950735765","0.0006628278950735765"
"4692","0.0006615483045425464","0.0006615483045425464","0.0006615483045425464"
"4693","0.0006602687140115163","0.0006602687140115163","0.0006602687140115163"
"4694","0.0006589891234804863","0.0006589891234804863","0.0006589891234804863"
"4695","0.0006577095329494562","0.0006577095329494562","0.0006577095329494562"
"4696","0.0006564299424184261","0.0006564299424184261","0.0006564299424184261"
"4697","0.000655150351887396","0.000655150351887396","0.000655150351887396"
"4698","0.0006538707613563659","0.0006538707613563659","0.0006538707613563659"
"4699","0.0006525911708253359","0.0006525911708253359","0.0006525911708253359"
"4700","0.0006513115802943059","0.0006513115802943059","0.0006513115802943059"
"4701","0.0006500319897632758","0.0006500319897632758","0.0006500319897632758"
"4702","0.0006487523992322457","0.0006487523992322457","0.0006487523992322457"
"4703","0.0006474728087012157","0.0006474728087012157","0.0006474728087012157"
"4704","0.0006461932181701856","0.0006461932181701856","0.0006461932181701856"
"4705","0.0006449136276391555","0.0006449136276391555","0.0006449136276391555"
"4706","0.0006436340371081254","0.0006436340371081254","0.0006436340371081254"
"4707","0.0006423544465770953","0.0006423544465770953","0.0006423544465770953"
"4708","0.0006410748560460652","0.0006410748560460652","0.0006410748560460652"
"4709","0.0006397952655150352","0.0006397952655150352","0.0006397952655150352"
"4710","0.0006385156749840051","0.0006385156749840051","0.0006385156749840051"
"4711","0.0006372360844529751","0.0006372360844529751","0.0006372360844529751"
"4712","0.000635956493921945","0.000635956493921945","0.000635956493921945"
"4713","0.000634676903390915","0.000634676903390915","0.000634676903390915"
"4714","0.0006333973128598849","0.0006333973128598849","0.0006333973128598849"
"4715","0.0006321177223288548","0.0006321177223288548","0.0006321177223288548"
"4716","0.0006308381317978247","0.0006308381317978247","0.0006308381317978247"
"4717","0.0006295585412667946","0.0006295585412667946","0.0006295585412667946"
"4718","0.0006282789507357645","0.0006282789507357645","0.0006282789507357645"
"4719","0.0006269993602047345","0.0006269993602047345","0.0006269993602047345"
"4720","0.0006257197696737044","0.0006257197696737044","0.0006257197696737044"
"4721","0.0006244401791426744","0.0006244401791426744","0.0006244401791426744"
"4722","0.0006231605886116443","0.0006231605886116443","0.0006231605886116443"
"4723","0.0006218809980806143","0.0006218809980806143","0.0006218809980806143"
"4724","0.0006206014075495842","0.0006206014075495842","0.0006206014075495842"
"4725","0.0006193218170185541","0.0006193218170185541","0.0006193218170185541"
"4726","0.000618042226487524","0.000618042226487524","0.000618042226487524"
"4727","0.0006167626359564939","0.0006167626359564939","0.0006167626359564939"
"4728","0.0006154830454254638","0.0006154830454254638","0.0006154830454254638"
"4729","0.0006142034548944338","0.0006142034548944338","0.0006142034548944338"
"4730","0.0006129238643634037","0.0006129238643634037","0.0006129238643634037"
"4731","0.0006116442738323736","0.0006116442738323736","0.0006116442738323736"
"4732","0.0006103646833013436","0.0006103646833013436","0.0006103646833013436"
"4733","0.0006090850927703136","0.0006090850927703136","0.0006090850927703136"
"4734","0.0006078055022392835","0.0006078055022392835","0.0006078055022392835"
"4735","0.0006065259117082534","0.0006065259117082534","0.0006065259117082534"
"4736","0.0006052463211772233","0.0006052463211772233","0.0006052463211772233"
"4737","0.0006039667306461932","0.0006039667306461932","0.0006039667306461932"
"4738","0.0006026871401151631","0.0006026871401151631","0.0006026871401151631"
"4739","0.0006014075495841331","0.0006014075495841331","0.0006014075495841331"
"4740","0.000600127959053103","0.000600127959053103","0.000600127959053103"
"4741","0.0005988483685220729","0.0005988483685220729","0.0005988483685220729"
"4742","0.0005975687779910428","0.0005975687779910428","0.0005975687779910428"
"4743","0.0005962891874600129","0.0005962891874600129","0.0005962891874600129"
"4744","0.0005950095969289828","0.0005950095969289828","0.0005950095969289828"
"4745","0.0005937300063979527","0.0005937300063979527","0.0005937300063979527"
"4746","0.0005924504158669226","0.0005924504158669226","0.0005924504158669226"
"4747","0.0005911708253358925","0.0005911708253358925","0.0005911708253358925"
"4748","0.0005898912348048625","0.0005898912348048625","0.0005898912348048625"
"4749","0.0005886116442738324","0.0005886116442738324","0.0005886116442738324"
"4750","0.0005873320537428023","0.0005873320537428023","0.0005873320537428023"
"4751","0.0005860524632117722","0.0005860524632117722","0.0005860524632117722"
"4752","0.0005847728726807421","0.0005847728726807421","0.0005847728726807421"
"4753","0.0005834932821497122","0.0005834932821497122","0.0005834932821497122"
"4754","0.0005822136916186821","0.0005822136916186821","0.0005822136916186821"
"4755","0.000580934101087652","0.000580934101087652","0.000580934101087652"
"4756","0.0005796545105566219","0.0005796545105566219","0.0005796545105566219"
"4757","0.0005783749200255918","0.0005783749200255918","0.0005783749200255918"
"4758","0.0005770953294945618","0.0005770953294945618","0.0005770953294945618"
"4759","0.0005758157389635317","0.0005758157389635317","0.0005758157389635317"
"4760","0.0005745361484325016","0.0005745361484325016","0.0005745361484325016"
"4761","0.0005732565579014715","0.0005732565579014715","0.0005732565579014715"
"4762","0.0005719769673704414","0.0005719769673704414","0.0005719769673704414"
"4763","0.0005706973768394113","0.0005706973768394113","0.0005706973768394113"
"4764","0.0005694177863083814","0.0005694177863083814","0.0005694177863083814"
"4765","0.0005681381957773513","0.0005681381957773513","0.0005681381957773513"
"4766","0.0005668586052463212","0.0005668586052463212","0.0005668586052463212"
"4767","0.0005655790147152911","0.0005655790147152911","0.0005655790147152911"
"4768","0.000564299424184261","0.000564299424184261","0.000564299424184261"
"4769","0.000563019833653231","0.000563019833653231","0.000563019833653231"
"4770","0.0005617402431222009","0.0005617402431222009","0.0005617402431222009"
"4771","0.0005604606525911708","0.0005604606525911708","0.0005604606525911708"
"4772","0.0005591810620601407","0.0005591810620601407","0.0005591810620601407"
"4773","0.0005579014715291106","0.0005579014715291106","0.0005579014715291106"
"4774","0.0005566218809980806","0.0005566218809980806","0.0005566218809980806"
"4775","0.0005553422904670506","0.0005553422904670506","0.0005553422904670506"
"4776","0.0005540626999360205","0.0005540626999360205","0.0005540626999360205"
"4777","0.0005527831094049904","0.0005527831094049904","0.0005527831094049904"
"4778","0.0005515035188739604","0.0005515035188739604","0.0005515035188739604"
"4779","0.0005502239283429303","0.0005502239283429303","0.0005502239283429303"
"4780","0.0005489443378119002","0.0005489443378119002","0.0005489443378119002"
"4781","0.0005476647472808701","0.0005476647472808701","0.0005476647472808701"
"4782","0.00054638515674984","0.00054638515674984","0.00054638515674984"
"4783","0.00054510556621881","0.00054510556621881","0.00054510556621881"
"4784","0.0005438259756877799","0.0005438259756877799","0.0005438259756877799"
"4785","0.0005425463851567498","0.0005425463851567498","0.0005425463851567498"
"4786","0.0005412667946257198","0.0005412667946257198","0.0005412667946257198"
"4787","0.0005399872040946897","0.0005399872040946897","0.0005399872040946897"
"4788","0.0005387076135636597","0.0005387076135636597","0.0005387076135636597"
"4789","0.0005374280230326296","0.0005374280230326296","0.0005374280230326296"
"4790","0.0005361484325015995","0.0005361484325015995","0.0005361484325015995"
"4791","0.0005348688419705694","0.0005348688419705694","0.0005348688419705694"
"4792","0.0005335892514395393","0.0005335892514395393","0.0005335892514395393"
"4793","0.0005323096609085093","0.0005323096609085093","0.0005323096609085093"
"4794","0.0005310300703774792","0.0005310300703774792","0.0005310300703774792"
"4795","0.0005297504798464491","0.0005297504798464491","0.0005297504798464491"
"4796","0.0005284708893154191","0.0005284708893154191","0.0005284708893154191"
"4797","0.000527191298784389","0.000527191298784389","0.000527191298784389"
"4798","0.000525911708253359","0.000525911708253359","0.000525911708253359"
"4799","0.0005246321177223289","0.0005246321177223289","0.0005246321177223289"
"4800","0.0005233525271912988","0.0005233525271912988","0.0005233525271912988"
"4801","0.0005220729366602687","0.0005220729366602687","0.0005220729366602687"
"4802","0.0005207933461292386","0.0005207933461292386","0.0005207933461292386"
"4803","0.0005195137555982086","0.0005195137555982086","0.0005195137555982086"
"4804","0.0005182341650671785","0.0005182341650671785","0.0005182341650671785"
"4805","0.0005169545745361484","0.0005169545745361484","0.0005169545745361484"
"4806","0.0005156749840051183","0.0005156749840051183","0.0005156749840051183"
"4807","0.0005143953934740883","0.0005143953934740883","0.0005143953934740883"
"4808","0.0005131158029430583","0.0005131158029430583","0.0005131158029430583"
"4809","0.0005118362124120282","0.0005118362124120282","0.0005118362124120282"
"4810","0.0005105566218809981","0.0005105566218809981","0.0005105566218809981"
"4811","0.000509277031349968","0.000509277031349968","0.000509277031349968"
"4812","0.0005079974408189379","0.0005079974408189379","0.0005079974408189379"
"4813","0.0005067178502879079","0.0005067178502879079","0.0005067178502879079"
"4814","0.0005054382597568778","0.0005054382597568778","0.0005054382597568778"
"4815","0.0005041586692258477","0.0005041586692258477","0.0005041586692258477"
"4816","0.0005028790786948176","0.0005028790786948176","0.0005028790786948176"
"4817","0.0005015994881637875","0.0005015994881637875","0.0005015994881637875"
"4818","0.0005003198976327576","0.0005003198976327576","0.0005003198976327576"
"4819","0.0004990403071017275","0.0004990403071017275","0.0004990403071017275"
"4820","0.0004977607165706974","0.0004977607165706974","0.0004977607165706974"
"4821","0.0004964811260396673","0.0004964811260396673","0.0004964811260396673"
"4822","0.0004952015355086372","0.0004952015355086372","0.0004952015355086372"
"4823","0.0004939219449776072","0.0004939219449776072","0.0004939219449776072"
"4824","0.0004926423544465771","0.0004926423544465771","0.0004926423544465771"
"4825","0.000491362763915547","0.000491362763915547","0.000491362763915547"
"4826","0.0004900831733845169","0.0004900831733845169","0.0004900831733845169"
"4827","0.0004888035828534868","0.0004888035828534868","0.0004888035828534868"
"4828","0.0004875239923224568","0.0004875239923224568","0.0004875239923224568"
"4829","0.0004862444017914268","0.0004862444017914268","0.0004862444017914268"
"4830","0.0004849648112603967","0.0004849648112603967","0.0004849648112603967"
"4831","0.0004836852207293666","0.0004836852207293666","0.0004836852207293666"
"4832","0.00048240563019833654","0.00048240563019833654","0.00048240563019833654"
"4833","0.00048112603966730646","0.00048112603966730646","0.00048112603966730646"
"4834","0.0004798464491362764","0.0004798464491362764","0.0004798464491362764"
"4835","0.0004785668586052463","0.0004785668586052463","0.0004785668586052463"
"4836","0.00047728726807421627","0.00047728726807421627","0.00047728726807421627"
"4837","0.0004760076775431862","0.0004760076775431862","0.0004760076775431862"
"4838","0.0004747280870121561","0.0004747280870121561","0.0004747280870121561"
"4839","0.0004734484964811261","0.0004734484964811261","0.0004734484964811261"
"4840","0.000472168905950096","0.000472168905950096","0.000472168905950096"
"4841","0.0004708893154190659","0.0004708893154190659","0.0004708893154190659"
"4842","0.00046960972488803584","0.00046960972488803584","0.00046960972488803584"
"4843","0.00046833013435700576","0.00046833013435700576","0.00046833013435700576"
"4844","0.0004670505438259757","0.0004670505438259757","0.0004670505438259757"
"4845","0.0004657709532949456","0.0004657709532949456","0.0004657709532949456"
"4846","0.00046449136276391557","0.00046449136276391557","0.00046449136276391557"
"4847","0.0004632117722328855","0.0004632117722328855","0.0004632117722328855"
"4848","0.0004619321817018554","0.0004619321817018554","0.0004619321817018554"
"4849","0.0004606525911708253","0.0004606525911708253","0.0004606525911708253"
"4850","0.0004593730006397953","0.0004593730006397953","0.0004593730006397953"
"4851","0.0004580934101087652","0.0004580934101087652","0.0004580934101087652"
"4852","0.00045681381957773514","0.00045681381957773514","0.00045681381957773514"
"4853","0.00045553422904670506","0.00045553422904670506","0.00045553422904670506"
"4854","0.000454254638515675","0.000454254638515675","0.000454254638515675"
"4855","0.0004529750479846449","0.0004529750479846449","0.0004529750479846449"
"4856","0.00045169545745361487","0.00045169545745361487","0.00045169545745361487"
"4857","0.0004504158669225848","0.0004504158669225848","0.0004504158669225848"
"4858","0.0004491362763915547","0.0004491362763915547","0.0004491362763915547"
"4859","0.0004478566858605246","0.0004478566858605246","0.0004478566858605246"
"4860","0.00044657709532949455","0.00044657709532949455","0.00044657709532949455"
"4861","0.0004452975047984645","0.0004452975047984645","0.0004452975047984645"
"4862","0.00044401791426743444","0.00044401791426743444","0.00044401791426743444"
"4863","0.00044273832373640436","0.00044273832373640436","0.00044273832373640436"
"4864","0.0004414587332053743","0.0004414587332053743","0.0004414587332053743"
"4865","0.00044017914267434425","0.00044017914267434425","0.00044017914267434425"
"4866","0.00043889955214331417","0.00043889955214331417","0.00043889955214331417"
"4867","0.0004376199616122841","0.0004376199616122841","0.0004376199616122841"
"4868","0.000436340371081254","0.000436340371081254","0.000436340371081254"
"4869","0.00043506078055022393","0.00043506078055022393","0.00043506078055022393"
"4870","0.00043378119001919385","0.00043378119001919385","0.00043378119001919385"
"4871","0.00043250159948816377","0.00043250159948816377","0.00043250159948816377"
"4872","0.00043122200895713374","0.00043122200895713374","0.00043122200895713374"
"4873","0.00042994241842610366","0.00042994241842610366","0.00042994241842610366"
"4874","0.0004286628278950736","0.0004286628278950736","0.0004286628278950736"
"4875","0.00042738323736404355","0.00042738323736404355","0.00042738323736404355"
"4876","0.00042610364683301347","0.00042610364683301347","0.00042610364683301347"
"4877","0.0004248240563019834","0.0004248240563019834","0.0004248240563019834"
"4878","0.0004235444657709533","0.0004235444657709533","0.0004235444657709533"
"4879","0.00042226487523992323","0.00042226487523992323","0.00042226487523992323"
"4880","0.00042098528470889315","0.00042098528470889315","0.00042098528470889315"
"4881","0.00041970569417786307","0.00041970569417786307","0.00041970569417786307"
"4882","0.00041842610364683304","0.00041842610364683304","0.00041842610364683304"
"4883","0.00041714651311580296","0.00041714651311580296","0.00041714651311580296"
"4884","0.0004158669225847729","0.0004158669225847729","0.0004158669225847729"
"4885","0.00041458733205374285","0.00041458733205374285","0.00041458733205374285"
"4886","0.00041330774152271277","0.00041330774152271277","0.00041330774152271277"
"4887","0.0004120281509916827","0.0004120281509916827","0.0004120281509916827"
"4888","0.0004107485604606526","0.0004107485604606526","0.0004107485604606526"
"4889","0.00040946896992962253","0.00040946896992962253","0.00040946896992962253"
"4890","0.00040818937939859245","0.00040818937939859245","0.00040818937939859245"
"4891","0.00040690978886756237","0.00040690978886756237","0.00040690978886756237"
"4892","0.0004056301983365323","0.0004056301983365323","0.0004056301983365323"
"4893","0.00040435060780550226","0.00040435060780550226","0.00040435060780550226"
"4894","0.0004030710172744722","0.0004030710172744722","0.0004030710172744722"
"4895","0.00040179142674344215","0.00040179142674344215","0.00040179142674344215"
"4896","0.0004005118362124121","0.0004005118362124121","0.0004005118362124121"
"4897","0.000399232245681382","0.000399232245681382","0.000399232245681382"
"4898","0.0003979526551503519","0.0003979526551503519","0.0003979526551503519"
"4899","0.00039667306461932183","0.00039667306461932183","0.00039667306461932183"
"4900","0.00039539347408829175","0.00039539347408829175","0.00039539347408829175"
"4901","0.00039411388355726167","0.00039411388355726167","0.00039411388355726167"
"4902","0.0003928342930262316","0.0003928342930262316","0.0003928342930262316"
"4903","0.0003915547024952015","0.0003915547024952015","0.0003915547024952015"
"4904","0.00039027511196417154","0.00039027511196417154","0.00039027511196417154"
"4905","0.00038899552143314145","0.00038899552143314145","0.00038899552143314145"
"4906","0.0003877159309021114","0.0003877159309021114","0.0003877159309021114"
"4907","0.0003864363403710813","0.0003864363403710813","0.0003864363403710813"
"4908","0.0003851567498400512","0.0003851567498400512","0.0003851567498400512"
"4909","0.00038387715930902113","0.00038387715930902113","0.00038387715930902113"
"4910","0.00038259756877799105","0.00038259756877799105","0.00038259756877799105"
"4911","0.00038131797824696097","0.00038131797824696097","0.00038131797824696097"
"4912","0.0003800383877159309","0.0003800383877159309","0.0003800383877159309"
"4913","0.0003787587971849008","0.0003787587971849008","0.0003787587971849008"
"4914","0.00037747920665387084","0.00037747920665387084","0.00037747920665387084"
"4915","0.00037619961612284076","0.00037619961612284076","0.00037619961612284076"
"4916","0.0003749200255918106","0.0003749200255918106","0.0003749200255918106"
"4917","0.0003736404350607806","0.0003736404350607806","0.0003736404350607806"
"4918","0.0003723608445297505","0.0003723608445297505","0.0003723608445297505"
"4919","0.00037108125399872043","0.00037108125399872043","0.00037108125399872043"
"4920","0.00036980166346769035","0.00036980166346769035","0.00036980166346769035"
"4921","0.00036852207293666027","0.00036852207293666027","0.00036852207293666027"
"4922","0.00036724248240563024","0.00036724248240563024","0.00036724248240563024"
"4923","0.00036596289187460016","0.00036596289187460016","0.00036596289187460016"
"4924","0.0003646833013435701","0.0003646833013435701","0.0003646833013435701"
"4925","0.00036340371081254","0.00036340371081254","0.00036340371081254"
"4926","0.0003621241202815099","0.0003621241202815099","0.0003621241202815099"
"4927","0.00036084452975047984","0.00036084452975047984","0.00036084452975047984"
"4928","0.0003595649392194498","0.0003595649392194498","0.0003595649392194498"
"4929","0.00035828534868841973","0.00035828534868841973","0.00035828534868841973"
"4930","0.00035700575815738965","0.00035700575815738965","0.00035700575815738965"
"4931","0.00035572616762635957","0.00035572616762635957","0.00035572616762635957"
"4932","0.0003544465770953295","0.0003544465770953295","0.0003544465770953295"
"4933","0.00035316698656429947","0.00035316698656429947","0.00035316698656429947"
"4934","0.0003518873960332694","0.0003518873960332694","0.0003518873960332694"
"4935","0.0003506078055022393","0.0003506078055022393","0.0003506078055022393"
"4936","0.0003493282149712092","0.0003493282149712092","0.0003493282149712092"
"4937","0.00034804862444017914","0.00034804862444017914","0.00034804862444017914"
"4938","0.00034676903390914906","0.00034676903390914906","0.00034676903390914906"
"4939","0.00034548944337811904","0.00034548944337811904","0.00034548944337811904"
"4940","0.00034420985284708895","0.00034420985284708895","0.00034420985284708895"
"4941","0.0003429302623160589","0.0003429302623160589","0.0003429302623160589"
"4942","0.0003416506717850288","0.0003416506717850288","0.0003416506717850288"
"4943","0.0003403710812539987","0.0003403710812539987","0.0003403710812539987"
"4944","0.0003390914907229687","0.0003390914907229687","0.0003390914907229687"
"4945","0.0003378119001919386","0.0003378119001919386","0.0003378119001919386"
"4946","0.0003365323096609085","0.0003365323096609085","0.0003365323096609085"
"4947","0.00033525271912987844","0.00033525271912987844","0.00033525271912987844"
"4948","0.00033397312859884836","0.00033397312859884836","0.00033397312859884836"
"4949","0.00033269353806781834","0.00033269353806781834","0.00033269353806781834"
"4950","0.00033141394753678826","0.00033141394753678826","0.00033141394753678826"
"4951","0.0003301343570057582","0.0003301343570057582","0.0003301343570057582"
"4952","0.0003288547664747281","0.0003288547664747281","0.0003288547664747281"
"4953","0.000327575175943698","0.000327575175943698","0.000327575175943698"
"4954","0.00032629558541266793","0.00032629558541266793","0.00032629558541266793"
"4955","0.0003250159948816379","0.0003250159948816379","0.0003250159948816379"
"4956","0.0003237364043506078","0.0003237364043506078","0.0003237364043506078"
"4957","0.00032245681381957774","0.00032245681381957774","0.00032245681381957774"
"4958","0.00032117722328854766","0.00032117722328854766","0.00032117722328854766"
"4959","0.0003198976327575176","0.0003198976327575176","0.0003198976327575176"
"4960","0.00031861804222648756","0.00031861804222648756","0.00031861804222648756"
"4961","0.0003173384516954575","0.0003173384516954575","0.0003173384516954575"
"4962","0.0003160588611644274","0.0003160588611644274","0.0003160588611644274"
"4963","0.0003147792706333973","0.0003147792706333973","0.0003147792706333973"
"4964","0.00031349968010236723","0.00031349968010236723","0.00031349968010236723"
"4965","0.0003122200895713372","0.0003122200895713372","0.0003122200895713372"
"4966","0.0003109404990403071","0.0003109404990403071","0.0003109404990403071"
"4967","0.00030966090850927705","0.00030966090850927705","0.00030966090850927705"
"4968","0.00030838131797824696","0.00030838131797824696","0.00030838131797824696"
"4969","0.0003071017274472169","0.0003071017274472169","0.0003071017274472169"
"4970","0.0003058221369161868","0.0003058221369161868","0.0003058221369161868"
"4971","0.0003045425463851568","0.0003045425463851568","0.0003045425463851568"
"4972","0.0003032629558541267","0.0003032629558541267","0.0003032629558541267"
"4973","0.0003019833653230966","0.0003019833653230966","0.0003019833653230966"
"4974","0.00030070377479206653","0.00030070377479206653","0.00030070377479206653"
"4975","0.00029942418426103645","0.00029942418426103645","0.00029942418426103645"
"4976","0.00029814459373000643","0.00029814459373000643","0.00029814459373000643"
"4977","0.00029686500319897635","0.00029686500319897635","0.00029686500319897635"
"4978","0.00029558541266794627","0.00029558541266794627","0.00029558541266794627"
"4979","0.0002943058221369162","0.0002943058221369162","0.0002943058221369162"
"4980","0.0002930262316058861","0.0002930262316058861","0.0002930262316058861"
"4981","0.0002917466410748561","0.0002917466410748561","0.0002917466410748561"
"4982","0.000290467050543826","0.000290467050543826","0.000290467050543826"
"4983","0.0002891874600127959","0.0002891874600127959","0.0002891874600127959"
"4984","0.00028790786948176584","0.00028790786948176584","0.00028790786948176584"
"4985","0.00028662827895073575","0.00028662827895073575","0.00028662827895073575"
"4986","0.0002853486884197057","0.0002853486884197057","0.0002853486884197057"
"4987","0.00028406909788867565","0.00028406909788867565","0.00028406909788867565"
"4988","0.00028278950735764557","0.00028278950735764557","0.00028278950735764557"
"4989","0.0002815099168266155","0.0002815099168266155","0.0002815099168266155"
"4990","0.0002802303262955854","0.0002802303262955854","0.0002802303262955854"
"4991","0.0002789507357645553","0.0002789507357645553","0.0002789507357645553"
"4992","0.0002776711452335253","0.0002776711452335253","0.0002776711452335253"
"4993","0.0002763915547024952","0.0002763915547024952","0.0002763915547024952"
"4994","0.00027511196417146514","0.00027511196417146514","0.00027511196417146514"
"4995","0.00027383237364043506","0.00027383237364043506","0.00027383237364043506"
"4996","0.000272552783109405","0.000272552783109405","0.000272552783109405"
"4997","0.0002712731925783749","0.0002712731925783749","0.0002712731925783749"
"4998","0.00026999360204734487","0.00026999360204734487","0.00026999360204734487"
"4999","0.0002687140115163148","0.0002687140115163148","0.0002687140115163148"
"5000","0.0002674344209852847","0.0002674344209852847","0.0002674344209852847"
"5001","0.0002661548304542546","0.0002661548304542546","0.0002661548304542546"
"5002","0.00026487523992322454","0.00026487523992322454","0.00026487523992322454"
"5003","0.0002635956493921945","0.0002635956493921945","0.0002635956493921945"
"5004","0.00026231605886116444","0.00026231605886116444","0.00026231605886116444"
"5005","0.00026103646833013436","0.00026103646833013436","0.00026103646833013436"
"5006","0.0002597568777991043","0.0002597568777991043","0.0002597568777991043"
"5007","0.0002584772872680742","0.0002584772872680742","0.0002584772872680742"
"5008","0.00025719769673704417","0.00025719769673704417","0.00025719769673704417"
"5009","0.0002559181062060141","0.0002559181062060141","0.0002559181062060141"
"5010","0.000254638515674984","0.000254638515674984","0.000254638515674984"
"5011","0.0002533589251439539","0.0002533589251439539","0.0002533589251439539"
"5012","0.00025207933461292385","0.00025207933461292385","0.00025207933461292385"
"5013","0.00025079974408189377","0.00025079974408189377","0.00025079974408189377"
"5014","0.00024952015355086374","0.00024952015355086374","0.00024952015355086374"
"5015","0.00024824056301983366","0.00024824056301983366","0.00024824056301983366"
"5016","0.0002469609724888036","0.0002469609724888036","0.0002469609724888036"
"5017","0.0002456813819577735","0.0002456813819577735","0.0002456813819577735"
"5018","0.0002444017914267434","0.0002444017914267434","0.0002444017914267434"
"5019","0.0002431222008957134","0.0002431222008957134","0.0002431222008957134"
"5020","0.0002418426103646833","0.0002418426103646833","0.0002418426103646833"
"5021","0.00024056301983365323","0.00024056301983365323","0.00024056301983365323"
"5022","0.00023928342930262315","0.00023928342930262315","0.00023928342930262315"
"5023","0.0002380038387715931","0.0002380038387715931","0.0002380038387715931"
"5024","0.00023672424824056304","0.00023672424824056304","0.00023672424824056304"
"5025","0.00023544465770953296","0.00023544465770953296","0.00023544465770953296"
"5026","0.00023416506717850288","0.00023416506717850288","0.00023416506717850288"
"5027","0.0002328854766474728","0.0002328854766474728","0.0002328854766474728"
"5028","0.00023160588611644274","0.00023160588611644274","0.00023160588611644274"
"5029","0.00023032629558541266","0.00023032629558541266","0.00023032629558541266"
"5030","0.0002290467050543826","0.0002290467050543826","0.0002290467050543826"
"5031","0.00022776711452335253","0.00022776711452335253","0.00022776711452335253"
"5032","0.00022648752399232245","0.00022648752399232245","0.00022648752399232245"
"5033","0.0002252079334612924","0.0002252079334612924","0.0002252079334612924"
"5034","0.0002239283429302623","0.0002239283429302623","0.0002239283429302623"
"5035","0.00022264875239923226","0.00022264875239923226","0.00022264875239923226"
"5036","0.00022136916186820218","0.00022136916186820218","0.00022136916186820218"
"5037","0.00022008957133717213","0.00022008957133717213","0.00022008957133717213"
"5038","0.00021880998080614204","0.00021880998080614204","0.00021880998080614204"
"5039","0.00021753039027511196","0.00021753039027511196","0.00021753039027511196"
"5040","0.00021625079974408188","0.00021625079974408188","0.00021625079974408188"
"5041","0.00021497120921305183","0.00021497120921305183","0.00021497120921305183"
"5042","0.00021369161868202178","0.00021369161868202178","0.00021369161868202178"
"5043","0.0002124120281509917","0.0002124120281509917","0.0002124120281509917"
"5044","0.00021113243761996161","0.00021113243761996161","0.00021113243761996161"
"5045","0.00020985284708893153","0.00020985284708893153","0.00020985284708893153"
"5046","0.00020857325655790148","0.00020857325655790148","0.00020857325655790148"
"5047","0.00020729366602687143","0.00020729366602687143","0.00020729366602687143"
"5048","0.00020601407549584135","0.00020601407549584135","0.00020601407549584135"
"5049","0.00020473448496481126","0.00020473448496481126","0.00020473448496481126"
"5050","0.00020345489443378118","0.00020345489443378118","0.00020345489443378118"
"5051","0.00020217530390275113","0.00020217530390275113","0.00020217530390275113"
"5052","0.00020089571337172108","0.00020089571337172108","0.00020089571337172108"
"5053","0.000199616122840691","0.000199616122840691","0.000199616122840691"
"5054","0.00019833653230966092","0.00019833653230966092","0.00019833653230966092"
"5055","0.00019705694177863083","0.00019705694177863083","0.00019705694177863083"
"5056","0.00019577735124760075","0.00019577735124760075","0.00019577735124760075"
"5057","0.00019449776071657073","0.00019449776071657073","0.00019449776071657073"
"5058","0.00019321817018554065","0.00019321817018554065","0.00019321817018554065"
"5059","0.00019193857965451057","0.00019193857965451057","0.00019193857965451057"
"5060","0.00019065898912348049","0.00019065898912348049","0.00019065898912348049"
"5061","0.0001893793985924504","0.0001893793985924504","0.0001893793985924504"
"5062","0.00018809980806142038","0.00018809980806142038","0.00018809980806142038"
"5063","0.0001868202175303903","0.0001868202175303903","0.0001868202175303903"
"5064","0.00018554062699936022","0.00018554062699936022","0.00018554062699936022"
"5065","0.00018426103646833014","0.00018426103646833014","0.00018426103646833014"
"5066","0.00018298144593730008","0.00018298144593730008","0.00018298144593730008"
"5067","0.00018170185540627","0.00018170185540627","0.00018170185540627"
"5068","0.00018042226487523992","0.00018042226487523992","0.00018042226487523992"
"5069","0.00017914267434420987","0.00017914267434420987","0.00017914267434420987"
"5070","0.00017786308381317979","0.00017786308381317979","0.00017786308381317979"
"5071","0.00017658349328214973","0.00017658349328214973","0.00017658349328214973"
"5072","0.00017530390275111965","0.00017530390275111965","0.00017530390275111965"
"5073","0.00017402431222008957","0.00017402431222008957","0.00017402431222008957"
"5074","0.00017274472168905952","0.00017274472168905952","0.00017274472168905952"
"5075","0.00017146513115802944","0.00017146513115802944","0.00017146513115802944"
"5076","0.00017018554062699936","0.00017018554062699936","0.00017018554062699936"
"5077","0.0001689059500959693","0.0001689059500959693","0.0001689059500959693"
"5078","0.00016762635956493922","0.00016762635956493922","0.00016762635956493922"
"5079","0.00016634676903390917","0.00016634676903390917","0.00016634676903390917"
"5080","0.0001650671785028791","0.0001650671785028791","0.0001650671785028791"
"5081","0.000163787587971849","0.000163787587971849","0.000163787587971849"
"5082","0.00016250799744081895","0.00016250799744081895","0.00016250799744081895"
"5083","0.00016122840690978887","0.00016122840690978887","0.00016122840690978887"
"5084","0.0001599488163787588","0.0001599488163787588","0.0001599488163787588"
"5085","0.00015866922584772874","0.00015866922584772874","0.00015866922584772874"
"5086","0.00015738963531669866","0.00015738963531669866","0.00015738963531669866"
"5087","0.0001561100447856686","0.0001561100447856686","0.0001561100447856686"
"5088","0.00015483045425463852","0.00015483045425463852","0.00015483045425463852"
"5089","0.00015355086372360844","0.00015355086372360844","0.00015355086372360844"
"5090","0.0001522712731925784","0.0001522712731925784","0.0001522712731925784"
"5091","0.0001509916826615483","0.0001509916826615483","0.0001509916826615483"
"5092","0.00014971209213051823","0.00014971209213051823","0.00014971209213051823"
"5093","0.00014843250159948817","0.00014843250159948817","0.00014843250159948817"
"5094","0.0001471529110684581","0.0001471529110684581","0.0001471529110684581"
"5095","0.00014587332053742804","0.00014587332053742804","0.00014587332053742804"
"5096","0.00014459373000639796","0.00014459373000639796","0.00014459373000639796"
"5097","0.00014331413947536788","0.00014331413947536788","0.00014331413947536788"
"5098","0.00014203454894433782","0.00014203454894433782","0.00014203454894433782"
"5099","0.00014075495841330774","0.00014075495841330774","0.00014075495841330774"
"5100","0.00013947536788227766","0.00013947536788227766","0.00013947536788227766"
"5101","0.0001381957773512476","0.0001381957773512476","0.0001381957773512476"
"5102","0.00013691618682021753","0.00013691618682021753","0.00013691618682021753"
"5103","0.00013563659628918745","0.00013563659628918745","0.00013563659628918745"
"5104","0.0001343570057581574","0.0001343570057581574","0.0001343570057581574"
"5105","0.0001330774152271273","0.0001330774152271273","0.0001330774152271273"
"5106","0.00013179782469609726","0.00013179782469609726","0.00013179782469609726"
"5107","0.00013051823416506718","0.00013051823416506718","0.00013051823416506718"
"5108","0.0001292386436340371","0.0001292386436340371","0.0001292386436340371"
"5109","0.00012795905310300704","0.00012795905310300704","0.00012795905310300704"
"5110","0.00012667946257197696","0.00012667946257197696","0.00012667946257197696"
"5111","0.00012539987204094688","0.00012539987204094688","0.00012539987204094688"
"5112","0.00012412028150991683","0.00012412028150991683","0.00012412028150991683"
"5113","0.00012284069097888675","0.00012284069097888675","0.00012284069097888675"
"5114","0.0001215611004478567","0.0001215611004478567","0.0001215611004478567"
"5115","0.00012028150991682661","0.00012028150991682661","0.00012028150991682661"
"5116","0.00011900191938579655","0.00011900191938579655","0.00011900191938579655"
"5117","0.00011772232885476648","0.00011772232885476648","0.00011772232885476648"
"5118","0.0001164427383237364","0.0001164427383237364","0.0001164427383237364"
"5119","0.00011516314779270633","0.00011516314779270633","0.00011516314779270633"
"5120","0.00011388355726167626","0.00011388355726167626","0.00011388355726167626"
"5121","0.0001126039667306462","0.0001126039667306462","0.0001126039667306462"
"5122","0.00011132437619961613","0.00011132437619961613","0.00011132437619961613"
"5123","0.00011004478566858606","0.00011004478566858606","0.00011004478566858606"
"5124","0.00010876519513755598","0.00010876519513755598","0.00010876519513755598"
"5125","0.00010748560460652591","0.00010748560460652591","0.00010748560460652591"
"5126","0.00010620601407549585","0.00010620601407549585","0.00010620601407549585"
"5127","0.00010492642354446577","0.00010492642354446577","0.00010492642354446577"
"5128","0.00010364683301343571","0.00010364683301343571","0.00010364683301343571"
"5129","0.00010236724248240563","0.00010236724248240563","0.00010236724248240563"
"5130","0.00010108765195137557","0.00010108765195137557","0.00010108765195137557"
"5131","0.0000998080614203455","0.0000998080614203455","0.0000998080614203455"
"5132","0.00009852847088931542","0.00009852847088931542","0.00009852847088931542"
"5133","0.00009724888035828536","0.00009724888035828536","0.00009724888035828536"
"5134","0.00009596928982725528","0.00009596928982725528","0.00009596928982725528"
"5135","0.0000946896992962252","0.0000946896992962252","0.0000946896992962252"
"5136","0.00009341010876519515","0.00009341010876519515","0.00009341010876519515"
"5137","0.00009213051823416507","0.00009213051823416507","0.00009213051823416507"
"5138","0.000090850927703135","0.000090850927703135","0.000090850927703135"
"5139","0.00008957133717210493","0.00008957133717210493","0.00008957133717210493"
"5140","0.00008829174664107487","0.00008829174664107487","0.00008829174664107487"
"5141","0.00008701215611004479","0.00008701215611004479","0.00008701215611004479"
"5142","0.00008573256557901472","0.00008573256557901472","0.00008573256557901472"
"5143","0.00008445297504798465","0.00008445297504798465","0.00008445297504798465"
"5144","0.00008317338451695458","0.00008317338451695458","0.00008317338451695458"
"5145","0.0000818937939859245","0.0000818937939859245","0.0000818937939859245"
"5146","0.00008061420345489444","0.00008061420345489444","0.00008061420345489444"
"5147","0.00007933461292386437","0.00007933461292386437","0.00007933461292386437"
"5148","0.0000780550223928343","0.0000780550223928343","0.0000780550223928343"
"5149","0.00007677543186180422","0.00007677543186180422","0.00007677543186180422"
"5150","0.00007549584133077415","0.00007549584133077415","0.00007549584133077415"
"5151","0.00007421625079974409","0.00007421625079974409","0.00007421625079974409"
"5152","0.00007293666026871402","0.00007293666026871402","0.00007293666026871402"
"5153","0.00007165706973768394","0.00007165706973768394","0.00007165706973768394"
"5154","0.00007037747920665387","0.00007037747920665387","0.00007037747920665387"
"5155","0.0000690978886756238","0.0000690978886756238","0.0000690978886756238"
"5156","0.00006781829814459372","0.00006781829814459372","0.00006781829814459372"
"5157","0.00006653870761356366","0.00006653870761356366","0.00006653870761356366"
"5158","0.00006525911708253359","0.00006525911708253359","0.00006525911708253359"
"5159","0.00006397952655150352","0.00006397952655150352","0.00006397952655150352"
"5160","0.00006269993602047344","0.00006269993602047344","0.00006269993602047344"
"5161","0.00006142034548944337","0.00006142034548944337","0.00006142034548944337"
"5162","0.00006014075495841331","0.00006014075495841331","0.00006014075495841331"
"5163","0.00005886116442738324","0.00005886116442738324","0.00005886116442738324"
"5164","0.000057581573896353166","0.000057581573896353166","0.000057581573896353166"
"5165","0.0000563019833653231","0.0000563019833653231","0.0000563019833653231"
"5166","0.00005502239283429303","0.00005502239283429303","0.00005502239283429303"
"5167","0.00005374280230326296","0.00005374280230326296","0.00005374280230326296"
"5168","0.000052463211772232883","0.000052463211772232883","0.000052463211772232883"
"5169","0.000051183621241202816","0.000051183621241202816","0.000051183621241202816"
"5170","0.00004990403071017275","0.00004990403071017275","0.00004990403071017275"
"5171","0.00004862444017914268","0.00004862444017914268","0.00004862444017914268"
"5172","0.0000473448496481126","0.0000473448496481126","0.0000473448496481126"
"5173","0.000046065259117082534","0.000046065259117082534","0.000046065259117082534"
"5174","0.00004478566858605247","0.00004478566858605247","0.00004478566858605247"
"5175","0.00004350607805502239","0.00004350607805502239","0.00004350607805502239"
"5176","0.000042226487523992326","0.000042226487523992326","0.000042226487523992326"
"5177","0.00004094689699296225","0.00004094689699296225","0.00004094689699296225"
"5178","0.000039667306461932184","0.000039667306461932184","0.000039667306461932184"
"5179","0.00003838771593090211","0.00003838771593090211","0.00003838771593090211"
"5180","0.00003710812539987204","0.00003710812539987204","0.00003710812539987204"
"5181","0.00003582853486884197","0.00003582853486884197","0.00003582853486884197"
"5182","0.0000345489443378119","0.0000345489443378119","0.0000345489443378119"
"5183","0.00003326935380678183","0.00003326935380678183","0.00003326935380678183"
"5184","0.00003198976327575176","0.00003198976327575176","0.00003198976327575176"
"5185","0.00003071017274472169","0.00003071017274472169","0.00003071017274472169"
"5186","0.00002943058221369162","0.00002943058221369162","0.00002943058221369162"
"5187","0.00002815099168266155","0.00002815099168266155","0.00002815099168266155"
"5188","0.00002687140115163148","0.00002687140115163148","0.00002687140115163148"
"5189","0.000025591810620601408","0.000025591810620601408","0.000025591810620601408"
"5190","0.00002431222008957134","0.00002431222008957134","0.00002431222008957134"
"5191","0.000023032629558541267","0.000023032629558541267","0.000023032629558541267"
"5192","0.000021753039027511196","0.000021753039027511196","0.000021753039027511196"
"5193","0.000020473448496481126","0.000020473448496481126","0.000020473448496481126"
"5194","0.000019193857965451055","0.000019193857965451055","0.000019193857965451055"
"5195","0.000017914267434420985","0.000017914267434420985","0.000017914267434420985"
"5196","0.000016634676903390914","0.000016634676903390914","0.000016634676903390914"
"5197","0.000015355086372360844","0.000015355086372360844","0.000015355086372360844"
"5198","0.000014075495841330775","0.000014075495841330775","0.000014075495841330775"
"5199","0.000012795905310300704","0.000012795905310300704","0.000012795905310300704"
"5200","0.000011516314779270633","0.000011516314779270633","0.000011516314779270633"
"5201","0.000010236724248240563","0.000010236724248240563","0.000010236724248240563"
"5202","0.000008957133717210492","0.000008957133717210492","0.000008957133717210492"
"5203","0.000007677543186180422","0.000007677543186180422","0.000007677543186180422"
"5204","0.000006397952655150352","0.000006397952655150352","0.000006397952655150352"
"5205","0.0000051183621241202815","0.0000051183621241202815","0.0000051183621241202815"
"5206","0.000003838771593090211","0.000003838771593090211","0.000003838771593090211"
"5207","0.0000025591810620601407","0.0000025591810620601407","0.0000025591810620601407"
"5208","0.0000012795905310300704","0.0000012795905310300704","0.0000012795905310300704"
"5209","0","0","0"