"Step","sample_pretrain - rolling_loss","sample_pretrain - rolling_loss__MIN","sample_pretrain - rolling_loss__MAX"
"1","0.4348958333333333","0.4348958333333333","0.4348958333333333"
"2","0.42447916666666663","0.42447916666666663","0.42447916666666663"
"3","0.421875","0.421875","0.421875"
"4","0.4173177083333333","0.4173177083333333","0.4173177083333333"
"5","0.4208333333333333","0.4208333333333333","0.4208333333333333"
"6","0.4171006944444444","0.4171006944444444","0.4171006944444444"
"7","0.41517857142857145","0.41517857142857145","0.41517857142857145"
"8","0.4156901041666667","0.4156901041666667","0.4156901041666667"
"9","0.4123263888888889","0.4123263888888889","0.4123263888888889"
"10","0.4080729166666667","0.4080729166666667","0.4080729166666667"
"11","0.40743371212121215","0.40743371212121215","0.40743371212121215"
"12","0.4034288194444445","0.4034288194444445","0.4034288194444445"
"13","0.40064102564102566","0.40064102564102566","0.40064102564102566"
"14","0.39843750000000006","0.39843750000000006","0.39843750000000006"
"15","0.39496527777777785","0.39496527777777785","0.39496527777777785"
"16","0.39257812500000006","0.39257812500000006","0.39257812500000006"
"17","0.3901654411764706","0.3901654411764706","0.3901654411764706"
"18","0.3872974537037038","0.3872974537037038","0.3872974537037038"
"19","0.38425164473684215","0.38425164473684215","0.38425164473684215"
"20","0.38105468750000004","0.38105468750000004","0.38105468750000004"
"21","0.37816220238095244","0.37816220238095244","0.37816220238095244"
"22","0.3752959280303031","0.3752959280303031","0.3752959280303031"
"23","0.3714900362318841","0.3714900362318841","0.3714900362318841"
"24","0.3680013020833333","0.3680013020833333","0.3680013020833333"
"25","0.36494791666666665","0.36494791666666665","0.36494791666666665"
"26","0.3626302083333333","0.3626302083333333","0.3626302083333333"
"27","0.36038773148148145","0.36038773148148145","0.36038773148148145"
"28","0.3579799107142857","0.3579799107142857","0.3579799107142857"
"29","0.35528915229885055","0.35528915229885055","0.35528915229885055"
"30","0.35325520833333335","0.35325520833333335","0.35325520833333335"
"31","0.3514364919354839","0.3514364919354839","0.3514364919354839"
"32","0.3496500651041667","0.3496500651041667","0.3496500651041667"
"33","0.3480508207070707","0.3480508207070707","0.3480508207070707"
"34","0.3458946078431373","0.3458946078431373","0.3458946078431373"
"35","0.3438616071428572","0.3438616071428572","0.3438616071428572"
"36","0.34197771990740744","0.34197771990740744","0.34197771990740744"
"37","0.3403364301801802","0.3403364301801802","0.3403364301801802"
"38","0.3388843201754386","0.3388843201754386","0.3388843201754386"
"39","0.33760683760683763","0.33760683760683763","0.33760683760683763"
"40","0.3361979166666667","0.3361979166666667","0.3361979166666667"
"41","0.334984756097561","0.334984756097561","0.334984756097561"
"42","0.3333953373015873","0.3333953373015873","0.3333953373015873"
"43","0.3326368701550388","0.3326368701550388","0.3326368701550388"
"44","0.3310250946969697","0.3310250946969697","0.3310250946969697"
"45","0.3301793981481482","0.3301793981481482","0.3301793981481482"
"46","0.3287194293478261","0.3287194293478261","0.3287194293478261"
"47","0.32770944148936176","0.32770944148936176","0.32770944148936176"
"48","0.3268229166666667","0.3268229166666667","0.3268229166666667"
"49","0.32562712585034015","0.32562712585034015","0.32562712585034015"
"50","0.3244791666666667","0.3244791666666667","0.3244791666666667"
"51","0.3233251633986929","0.3233251633986929","0.3233251633986929"
"52","0.3222906650641026","0.3222906650641026","0.3222906650641026"
"53","0.32141804245283023","0.32141804245283023","0.32141804245283023"
"54","0.320384837962963","0.320384837962963","0.320384837962963"
"55","0.3194602272727273","0.3194602272727273","0.3194602272727273"
"56","0.3188011532738096","0.3188011532738096","0.3188011532738096"
"57","0.31789108187134507","0.31789108187134507","0.31789108187134507"
"58","0.3173491379310345","0.3173491379310345","0.3173491379310345"
"59","0.3166048728813559","0.3166048728813559","0.3166048728813559"
"60","0.3157769097222222","0.3157769097222222","0.3157769097222222"
"61","0.3147199453551912","0.3147199453551912","0.3147199453551912"
"62","0.31407510080645157","0.31407510080645157","0.31407510080645157"
"63","0.31305803571428564","0.31305803571428564","0.31305803571428564"
"64","0.31227620442708326","0.31227620442708326","0.31227620442708326"
"65","0.3112780448717948","0.3112780448717948","0.3112780448717948"
"66","0.31040877525252514","0.31040877525252514","0.31040877525252514"
"67","0.30933224502487555","0.30933224502487555","0.30933224502487555"
"68","0.30865119485294107","0.30865119485294107","0.30865119485294107"
"69","0.30785778985507234","0.30785778985507234","0.30785778985507234"
"70","0.3070684523809523","0.3070684523809523","0.3070684523809523"
"71","0.3063196889671361","0.3063196889671361","0.3063196889671361"
"72","0.3055736400462962","0.3055736400462962","0.3055736400462962"
"73","0.30495505136986295","0.30495505136986295","0.30495505136986295"
"74","0.304370777027027","0.304370777027027","0.304370777027027"
"75","0.3038715277777777","0.3038715277777777","0.3038715277777777"
"76","0.30357387609649117","0.30357387609649117","0.30357387609649117"
"77","0.303131764069264","0.303131764069264","0.303131764069264"
"78","0.3024505876068376","0.3024505876068376","0.3024505876068376"
"79","0.3020668512658227","0.3020668512658227","0.3020668512658227"
"80","0.3015462239583333","0.3015462239583333","0.3015462239583333"
"81","0.3009420010288066","0.3009420010288066","0.3009420010288066"
"82","0.300463668699187","0.300463668699187","0.300463668699187"
"83","0.29977723393574296","0.29977723393574296","0.29977723393574296"
"84","0.2993396577380952","0.2993396577380952","0.2993396577380952"
"85","0.2988817401960784","0.2988817401960784","0.2988817401960784"
"86","0.29849503391472865","0.29849503391472865","0.29849503391472865"
"87","0.2981920498084291","0.2981920498084291","0.2981920498084291"
"88","0.29777758049242425","0.29777758049242425","0.29777758049242425"
"89","0.29751872659176026","0.29751872659176026","0.29751872659176026"
"90","0.29713541666666665","0.29713541666666665","0.29713541666666665"
"91","0.2967891483516483","0.2967891483516483","0.2967891483516483"
"92","0.29623811141304346","0.29623811141304346","0.29623811141304346"
"93","0.2957969310035842","0.2957969310035842","0.2957969310035842"
"94","0.2955313608156028","0.2955313608156028","0.2955313608156028"
"95","0.29520285087719295","0.29520285087719295","0.29520285087719295"
"96","0.29471842447916663","0.29471842447916663","0.29471842447916663"
"97","0.2942574097938144","0.2942574097938144","0.2942574097938144"
"98","0.2939519557823129","0.2939519557823129","0.2939519557823129"
"99","0.29352114898989895","0.29352114898989895","0.29352114898989895"
"100","0.29319010416666663","0.29319010416666663","0.29319010416666663"
"101","0.2927366955445544","0.2927366955445544","0.2927366955445544"
"102","0.29250919117647056","0.29250919117647056","0.29250919117647056"
"103","0.2921470469255663","0.2921470469255663","0.2921470469255663"
"104","0.2916917067307692","0.2916917067307692","0.2916917067307692"
"105","0.2913690476190476","0.2913690476190476","0.2913690476190476"
"106","0.29108932783018865","0.29108932783018865","0.29108932783018865"
"107","0.2907053154205607","0.2907053154205607","0.2907053154205607"
"108","0.29037663966049376","0.29037663966049376","0.29037663966049376"
"109","0.28992259174311924","0.28992259174311924","0.28992259174311924"
"110","0.28978456439393935","0.28978456439393935","0.28978456439393935"
"111","0.2897311373873873","0.2897311373873873","0.2897311373873873"
"112","0.28942289806547616","0.28942289806547616","0.28942289806547616"
"113","0.28910859144542767","0.28910859144542767","0.28910859144542767"
"114","0.2888340643274853","0.2888340643274853","0.2888340643274853"
"115","0.2884963768115942","0.2884963768115942","0.2884963768115942"
"116","0.28828798491379304","0.28828798491379304","0.28828798491379304"
"117","0.2880831552706552","0.2880831552706552","0.2880831552706552"
"118","0.2877935204802259","0.2877935204802259","0.2877935204802259"
"119","0.2874212184873949","0.2874212184873949","0.2874212184873949"
"120","0.28705512152777773","0.28705512152777773","0.28705512152777773"
"121","0.28688877410468316","0.28688877410468316","0.28688877410468316"
"122","0.28662909836065575","0.28662909836065575","0.28662909836065575"
"123","0.2863948170731707","0.2863948170731707","0.2863948170731707"
"124","0.28606980846774194","0.28606980846774194","0.28606980846774194"
"125","0.28570833333333334","0.28570833333333334","0.28570833333333334"
"126","0.2854456018518518","0.2854456018518518","0.2854456018518518"
"127","0.28534079724409445","0.28534079724409445","0.28534079724409445"
"128","0.28513590494791663","0.28513590494791663","0.28513590494791663"
"129","0.284813065245478","0.284813065245478","0.284813065245478"
"130","0.28446514423076924","0.28446514423076924","0.28446514423076924"
"131","0.28423187022900764","0.28423187022900764","0.28423187022900764"
"132","0.2838640309343434","0.2838640309343434","0.2838640309343434"
"133","0.2836387844611529","0.2836387844611529","0.2836387844611529"
"134","0.28352378731343286","0.28352378731343286","0.28352378731343286"
"135","0.2834008487654321","0.2834008487654321","0.2834008487654321"
"136","0.283203125","0.283203125","0.283203125"
"137","0.28297027068126523","0.28297027068126523","0.28297027068126523"
"138","0.2827879679951691","0.2827879679951691","0.2827879679951691"
"139","0.2826363908872902","0.2826363908872902","0.2826363908872902"
"140","0.2824497767857143","0.2824497767857143","0.2824497767857143"
"141","0.2823119828605201","0.2823119828605201","0.2823119828605201"
"142","0.28224031690140844","0.28224031690140844","0.28224031690140844"
"143","0.28200575466200467","0.28200575466200467","0.28200575466200467"
"144","0.28173828125","0.28173828125","0.28173828125"
"145","0.28162715517241377","0.28162715517241377","0.28162715517241377"
"146","0.2815710616438356","0.2815710616438356","0.2815710616438356"
"147","0.28138286564625853","0.28138286564625853","0.28138286564625853"
"148","0.28132918074324326","0.28132918074324326","0.28132918074324326"
"149","0.2810227908277405","0.2810227908277405","0.2810227908277405"
"150","0.2809114583333333","0.2809114583333333","0.2809114583333333"
"151","0.2808016004415011","0.2808016004415011","0.2808016004415011"
"152","0.28058182565789475","0.28058182565789475","0.28058182565789475"
"153","0.2802883306100218","0.2802883306100218","0.2802883306100218"
"154","0.2800155573593074","0.2800155573593074","0.2800155573593074"
"155","0.2799395161290323","0.2799395161290323","0.2799395161290323"
"156","0.2798394097222222","0.2798394097222222","0.2798394097222222"
"157","0.2797986332271762","0.2797986332271762","0.2797986332271762"
"158","0.2795193829113924","0.2795193829113924","0.2795193829113924"
"159","0.27932553721174","0.27932553721174","0.27932553721174"
"160","0.27919108072916665","0.27919108072916665","0.27919108072916665"
"161","0.27907446946169767","0.27907446946169767","0.27907446946169767"
"162","0.2790316358024691","0.2790316358024691","0.2790316358024691"
"163","0.2790132924335378","0.2790132924335378","0.2790132924335378"
"164","0.27884432164634143","0.27884432164634143","0.27884432164634143"
"165","0.27881155303030297","0.27881155303030297","0.27881155303030297"
"166","0.2786223017068273","0.2786223017068273","0.2786223017068273"
"167","0.2783963323353293","0.2783963323353293","0.2783963323353293"
"168","0.2783435639880952","0.2783435639880952","0.2783435639880952"
"169","0.27829912475345164","0.27829912475345164","0.27829912475345164"
"170","0.27825520833333334","0.27825520833333334","0.27825520833333334"
"171","0.27810520224171537","0.27810520224171537","0.27810520224171537"
"172","0.2779190891472868","0.2779190891472868","0.2779190891472868"
"173","0.2778555515414258","0.2778555515414258","0.2778555515414258"
"174","0.27783016044061304","0.27783016044061304","0.27783016044061304"
"175","0.27766369047619044","0.27766369047619044","0.27766369047619044"
"176","0.27753610321969696","0.27753610321969696","0.27753610321969696"
"177","0.27743938323917133","0.27743938323917133","0.27743938323917133"
"178","0.27738032537453183","0.27738032537453183","0.27738032537453183"
"179","0.27725645949720673","0.27725645949720673","0.27725645949720673"
"180","0.2770978009259259","0.2770978009259259","0.2770978009259259"
"181","0.2770703844383057","0.2770703844383057","0.2770703844383057"
"182","0.27688587454212454","0.27688587454212454","0.27688587454212454"
"183","0.2768812613843351","0.2768812613843351","0.2768812613843351"
"184","0.27679885643115937","0.27679885643115937","0.27679885643115937"
"185","0.2765906531531531","0.2765906531531531","0.2765906531531531"
"186","0.2764546931003584","0.2764546931003584","0.2764546931003584"
"187","0.27630626114081996","0.27630626114081996","0.27630626114081996"
"188","0.27631177969858156","0.27631177969858156","0.27631177969858156"
"189","0.27614500661375657","0.27614500661375657","0.27614500661375657"
"190","0.2761581688596491","0.2761581688596491","0.2761581688596491"
"191","0.2760621182373473","0.2760621182373473","0.2760621182373473"
"192","0.27594672309027773","0.27594672309027773","0.27594672309027773"
"193","0.27583927029360966","0.27583927029360966","0.27583927029360966"
"194","0.27580004295532645","0.27580004295532645","0.27580004295532645"
"195","0.27560763888888884","0.27560763888888884","0.27560763888888884"
"196","0.275476987670068","0.275476987670068","0.275476987670068"
"197","0.2754269775803722","0.2754269775803722","0.2754269775803722"
"198","0.27540377735690236","0.27540377735690236","0.27540377735690236"
"199","0.2753219221105528","0.2753219221105528","0.2753219221105528"
"200","0.27526692708333333","0.27526692708333333","0.27526692708333333"
"201","0.27509587479270314","0.27509587479270314","0.27509587479270314"
"202","0.27501675948844884","0.27501675948844884","0.27501675948844884"
"203","0.2748614532019704","0.2748614532019704","0.2748614532019704"
"204","0.27481617647058826","0.27481617647058826","0.27481617647058826"
"205","0.2746760670731707","0.2746760670731707","0.2746760670731707"
"206","0.2745752427184466","0.2745752427184466","0.2745752427184466"
"207","0.2744628119967794","0.2744628119967794","0.2744628119967794"
"208","0.27426382211538464","0.27426382211538464","0.27426382211538464"
"209","0.2742287181020734","0.2742287181020734","0.2742287181020734"
"210","0.27419394841269845","0.27419394841269845","0.27419394841269845"
"211","0.2740546011058452","0.2740546011058452","0.2740546011058452"
"212","0.27395341981132076","0.27395341981132076","0.27395341981132076"
"213","0.27387764084507044","0.27387764084507044","0.27387764084507044"
"214","0.273735640576324","0.273735640576324","0.273735640576324"
"215","0.2734798934108527","0.2734798934108527","0.2734798934108527"
"216","0.2733048804012346","0.2733048804012346","0.2733048804012346"
"217","0.273167482718894","0.273167482718894","0.273167482718894"
"218","0.2730851012996942","0.2730851012996942","0.2730851012996942"
"219","0.27296185312024357","0.27296185312024357","0.27296185312024357"
"220","0.2728929924242425","0.2728929924242425","0.2728929924242425"
"221","0.2728954562594269","0.2728954562594269","0.2728954562594269"
"222","0.27283924549549554","0.27283924549549554","0.27283924549549554"
"223","0.27265508221225715","0.27265508221225715","0.27265508221225715"
"224","0.2726062593005953","0.2726062593005953","0.2726062593005953"
"225","0.27247106481481487","0.27247106481481487","0.27247106481481487"
"226","0.27238315818584075","0.27238315818584075","0.27238315818584075"
"227","0.2722501376651983","0.2722501376651983","0.2722501376651983"
"228","0.2721753929093568","0.2721753929093568","0.2721753929093568"
"229","0.2722093340611354","0.2722093340611354","0.2722093340611354"
"230","0.27206182065217394","0.27206182065217394","0.27206182065217394"
"231","0.2719775883838384","0.2719775883838384","0.2719775883838384"
"232","0.2718828573994253","0.2718828573994253","0.2718828573994253"
"233","0.2717274678111588","0.2717274678111588","0.2717274678111588"
"234","0.2717069533475784","0.2717069533475784","0.2717069533475784"
"235","0.2715148492907802","0.2715148492907802","0.2715148492907802"
"236","0.2714788576977401","0.2714788576977401","0.2714788576977401"
"237","0.2714211937412096","0.2714211937412096","0.2714211937412096"
"238","0.2713257177871149","0.2713257177871149","0.2713257177871149"
"239","0.2712964173640168","0.2712964173640168","0.2712964173640168"
"240","0.2712619357638889","0.2712619357638889","0.2712619357638889"
"241","0.27116830912863077","0.27116830912863077","0.27116830912863077"
"242","0.2710862172865014","0.2710862172865014","0.2710862172865014"
"243","0.271036951303155","0.271036951303155","0.271036951303155"
"244","0.27091871584699456","0.27091871584699456","0.27091871584699456"
"245","0.2707908163265306","0.2707908163265306","0.2707908163265306"
"246","0.2706904217479675","0.2706904217479675","0.2706904217479675"
"247","0.2706435560053981","0.2706435560053981","0.2706435560053981"
"248","0.27057606686827956","0.27057606686827956","0.27057606686827956"
"249","0.2704986613119143","0.2704986613119143","0.2704986613119143"
"250","0.2703177083333333","0.2703177083333333","0.2703177083333333"
"251","0.27015894754316067","0.27015894754316067","0.27015894754316067"
"252","0.2700634507275132","0.2700634507275132","0.2700634507275132"
"253","0.270020174571805","0.270020174571805","0.270020174571805"
"254","0.26987471292650916","0.26987471292650916","0.26987471292650916"
"255","0.26971507352941176","0.26971507352941176","0.26971507352941176"
"256","0.2696278889973958","0.2696278889973958","0.2696278889973958"
"257","0.2695261835278858","0.2695261835278858","0.2695261835278858"
"258","0.2694505006459948","0.2694505006459948","0.2694505006459948"
"259","0.26933015604890603","0.26933015604890603","0.26933015604890603"
"260","0.2692157451923076","0.2692157451923076","0.2692157451923076"
"261","0.2691870210727969","0.2691870210727969","0.2691870210727969"
"262","0.26918336513994906","0.26918336513994906","0.26918336513994906"
"263","0.2691005228136882","0.2691005228136882","0.2691005228136882"
"264","0.269018308080808","0.269018308080808","0.269018308080808"
"265","0.26888757861635215","0.26888757861635215","0.26888757861635215"
"266","0.2687920974310776","0.2687920974310776","0.2687920974310776"
"267","0.26871196161048677","0.26871196161048677","0.26871196161048677"
"268","0.2686518578980099","0.2686518578980099","0.2686518578980099"
"269","0.2685389560099132","0.2685389560099132","0.2685389560099132"
"270","0.26850405092592583","0.26850405092592583","0.26850405092592583"
"271","0.2683588945264452","0.2683588945264452","0.2683588945264452"
"272","0.268444584865196","0.268444584865196","0.268444584865196"
"273","0.26840563949938945","0.26840563949938945","0.26840563949938945"
"274","0.2683099528588807","0.2683099528588807","0.2683099528588807"
"275","0.2682102272727272","0.2682102272727272","0.2682102272727272"
"276","0.2681348128019323","0.2681348128019323","0.2681348128019323"
"277","0.26803643953068584","0.26803643953068584","0.26803643953068584"
"278","0.26787788519184647","0.26787788519184647","0.26787788519184647"
"279","0.26776713709677413","0.26776713709677413","0.26776713709677413"
"280","0.2676990327380952","0.2676990327380952","0.2676990327380952"
"281","0.267659215599051","0.267659215599051","0.267659215599051"
"282","0.26753656914893614","0.26753656914893614","0.26753656914893614"
"283","0.2674654004711425","0.2674654004711425","0.2674654004711425"
"284","0.2673580545774648","0.2673580545774648","0.2673580545774648"
"285","0.26734740497076026","0.26734740497076026","0.26734740497076026"
"286","0.267282196969697","0.267282196969697","0.267282196969697"
"287","0.26722198025551686","0.26722198025551686","0.26722198025551686"
"288","0.26713957609953703","0.26713957609953703","0.26713957609953703"
"289","0.2670757641291811","0.2670757641291811","0.2670757641291811"
"290","0.26700341235632186","0.26700341235632186","0.26700341235632186"
"291","0.26705684421534936","0.26705684421534936","0.26705684421534936"
"292","0.2669582976598174","0.2669582976598174","0.2669582976598174"
"293","0.26690930745164965","0.26690930745164965","0.26690930745164965"
"294","0.2668385062358277","0.2668385062358277","0.2668385062358277"
"295","0.2667814265536724","0.2667814265536724","0.2667814265536724"
"296","0.26675552505630634","0.26675552505630634","0.26675552505630634"
"297","0.2666684203142537","0.2666684203142537","0.2666684203142537"
"298","0.2665687919463088","0.2665687919463088","0.2665687919463088"
"299","0.26647418478260876","0.26647418478260876","0.26647418478260876"
"300","0.2664149305555556","0.2664149305555556","0.2664149305555556"
"301","0.26644258720930236","0.26644258720930236","0.26644258720930236"
"302","0.26639245309050774","0.26639245309050774","0.26639245309050774"
"303","0.266342649889989","0.266342649889989","0.266342649889989"
"304","0.26634028919956143","0.26634028919956143","0.26634028919956143"
"305","0.26631659836065574","0.26631659836065574","0.26631659836065574"
"306","0.2662334899237473","0.2662334899237473","0.2662334899237473"
"307","0.26612547502714445","0.26612547502714445","0.26612547502714445"
"308","0.2661449878246754","0.2661449878246754","0.2661449878246754"
"309","0.26602110302049625","0.26602110302049625","0.26602110302049625"
"310","0.2659820228494624","0.2659820228494624","0.2659820228494624"
"311","0.26596412781350487","0.26596412781350487","0.26596412781350487"
"312","0.2659171340811966","0.2659171340811966","0.2659171340811966"
"313","0.2659037207135251","0.2659037207135251","0.2659037207135251"
"314","0.2658364848726115","0.2658364848726115","0.2658364848726115"
"315","0.2658151455026455","0.2658151455026455","0.2658151455026455"
"316","0.26578157964135024","0.26578157964135024","0.26578157964135024"
"317","0.2657359029968454","0.2657359029968454","0.2657359029968454"
"318","0.2656495676100629","0.2656495676100629","0.2656495676100629"
"319","0.265625","0.265625","0.265625"
"320","0.26551920572916665","0.26551920572916665","0.26551920572916665"
"321","0.26549519730010385","0.26549519730010385","0.26549519730010385"
"322","0.26538641951345754","0.26538641951345754","0.26538641951345754"
"323","0.26532265866873067","0.26532265866873067","0.26532265866873067"
"324","0.26523115997942387","0.26523115997942387","0.26523115997942387"
"325","0.2651602564102564","0.2651602564102564","0.2651602564102564"
"326","0.2651377172801636","0.2651377172801636","0.2651377172801636"
"327","0.26508744266055045","0.26508744266055045","0.26508744266055045"
"328","0.26502556529471544","0.26502556529471544","0.26502556529471544"
"329","0.26496010638297873","0.26496010638297873","0.26496010638297873"
"330","0.26492266414141413","0.26492266414141413","0.26492266414141413"
"331","0.2648343089123867","0.2648343089123867","0.2648343089123867"
"332","0.2648131588855422","0.2648131588855422","0.2648131588855422"
"333","0.26472957332332336","0.26472957332332336","0.26472957332332336"
"334","0.26468937125748504","0.26468937125748504","0.26468937125748504"
"335","0.2645677860696517","0.2645677860696517","0.2645677860696517"
"336","0.26456318204365076","0.26456318204365076","0.26456318204365076"
"337","0.26451610410484666","0.26451610410484666","0.26451610410484666"
"338","0.2645155325443787","0.2645155325443787","0.2645155325443787"
"339","0.264491918633235","0.264491918633235","0.264491918633235"
"340","0.26449908088235297","0.26449908088235297","0.26449908088235297"
"341","0.2644680168621701","0.2644680168621701","0.2644680168621701"
"342","0.2644295199805068","0.2644295199805068","0.2644295199805068"
"343","0.26433050898931","0.26433050898931","0.26433050898931"
"344","0.2642812802810077","0.2642812802810077","0.2642812802810077"
"345","0.264224788647343","0.264224788647343","0.264224788647343"
"346","0.2641761500481695","0.2641761500481695","0.2641761500481695"
"347","0.2641765730067243","0.2641765730067243","0.2641765730067243"
"348","0.26417699353448276","0.26417699353448276","0.26417699353448276"
"349","0.26417368075453673","0.26417368075453673","0.26417368075453673"
"350","0.2641331845238095","0.2641331845238095","0.2641331845238095"
"351","0.2641114672364672","0.2641114672364672","0.2641114672364672"
"352","0.26408987334280304","0.26408987334280304","0.26408987334280304"
"353","0.2639983179886686","0.2639983179886686","0.2639983179886686"
"354","0.2640065913370998","0.2640065913370998","0.2640065913370998"
"355","0.26395980046948353","0.26395980046948353","0.26395980046948353"
"356","0.2639132724719101","0.2639132724719101","0.2639132724719101"
"357","0.2638670051353874","0.2638670051353874","0.2638670051353874"
"358","0.2637773510242085","0.2637773510242085","0.2637773510242085"
"359","0.2637571088672237","0.2637571088672237","0.2637571088672237"
"360","0.2637442129629629","0.2637442129629629","0.2637442129629629"
"361","0.2636844990766389","0.2636844990766389","0.2636844990766389"
"362","0.26362511510128905","0.26362511510128905","0.26362511510128905"
"363","0.26361986340679516","0.26361986340679516","0.26361986340679516"
"364","0.2635931776556776","0.2635931776556776","0.2635931776556776"
"365","0.26359160958904104","0.26359160958904104","0.26359160958904104"
"366","0.263547358834244","0.263547358834244","0.263547358834244"
"367","0.2635068971389645","0.2635068971389645","0.2635068971389645"
"368","0.26344896399456513","0.26344896399456513","0.26344896399456513"
"369","0.263380758807588","0.263380758807588","0.263380758807588"
"370","0.26337274774774766","0.26337274774774766","0.26337274774774766"
"371","0.2633612702156333","0.2633612702156333","0.2633612702156333"
"372","0.26329735103046586","0.26329735103046586","0.26329735103046586"
"373","0.2632756646559427","0.2632756646559427","0.2632756646559427"
"374","0.26323320521390364","0.26323320521390364","0.26323320521390364"
"375","0.2631527777777777","0.2631527777777777","0.2631527777777777"
"376","0.2631108710106382","0.2631108710106382","0.2631108710106382"
"377","0.2630968169761272","0.2630968169761272","0.2630968169761272"
"378","0.2630311673280422","0.2630311673280422","0.2630311673280422"
"379","0.26300365545294624","0.26300365545294624","0.26300365545294624"
"380","0.2629831414473683","0.2629831414473683","0.2629831414473683"
"381","0.26290121937882754","0.26290121937882754","0.26290121937882754"
"382","0.26284358638743444","0.26284358638743444","0.26284358638743444"
"383","0.26286784704090504","0.26286784704090504","0.26286784704090504"
"384","0.26283433702256936","0.26283433702256936","0.26283433702256936"
"385","0.26280438311688303","0.26280438311688303","0.26280438311688303"
"386","0.2628386765975819","0.2628386765975819","0.2628386765975819"
"387","0.26281895994832033","0.26281895994832033","0.26281895994832033"
"388","0.26275907431271467","0.26275907431271467","0.26275907431271467"
"389","0.26274301092544977","0.26274301092544977","0.26274301092544977"
"390","0.26272702991452984","0.26272702991452984","0.26272702991452984"
"391","0.262674499147485","0.262674499147485","0.262674499147485"
"392","0.26267206101190466","0.26267206101190466","0.26267206101190466"
"393","0.2625801791772688","0.2625801791772688","0.2625801791772688"
"394","0.2625581641285955","0.2625581641285955","0.2625581641285955"
"395","0.2625659282700421","0.2625659282700421","0.2625659282700421"
"396","0.2625637889309763","0.2625637889309763","0.2625637889309763"
"397","0.26250590365239285","0.26250590365239285","0.26250590365239285"
"398","0.2624712102177553","0.2624712102177553","0.2624712102177553"
"399","0.2624334273182956","0.2624334273182956","0.2624334273182956"
"400","0.26234049479166655","0.26234049479166655","0.26234049479166655"
"401","0.2622869908561928","0.2622869908561928","0.2622869908561928"
"402","0.26223051409618564","0.26223051409618564","0.26223051409618564"
"403","0.2622357061621174","0.2622357061621174","0.2622357061621174"
"404","0.26220864273927386","0.26220864273927386","0.26220864273927386"
"405","0.26220743312757194","0.26220743312757194","0.26220743312757194"
"406","0.2621228448275861","0.2621228448275861","0.2621228448275861"
"407","0.26208026208026197","0.26208026208026197","0.26208026208026197"
"408","0.2620410794526143","0.2620410794526143","0.2620410794526143"
"409","0.26200208842705774","0.26200208842705774","0.26200208842705774"
"410","0.2619728150406503","0.2619728150406503","0.2619728150406503"
"411","0.2619088351581507","0.2619088351581507","0.2619088351581507"
"412","0.2618830906148866","0.2618830906148866","0.2618830906148866"
"413","0.26183540153349466","0.26183540153349466","0.26183540153349466"
"414","0.2617816525764894","0.2617816525764894","0.2617816525764894"
"415","0.26177836345381517","0.26177836345381517","0.26177836345381517"
"416","0.26173127003205116","0.26173127003205116","0.26173127003205116"
"417","0.2617093824940047","0.2617093824940047","0.2617093824940047"
"418","0.261672024521531","0.261672024521531","0.261672024521531"
"419","0.2615913385043754","0.2615913385043754","0.2615913385043754"
"420","0.26154823908730146","0.26154823908730146","0.26154823908730146"
"421","0.26149606591448915","0.26149606591448915","0.26149606591448915"
"422","0.2614842515797787","0.2614842515797787","0.2614842515797787"
"423","0.26146633668242697","0.26146633668242697","0.26146633668242697"
"424","0.2614423643867923","0.2614423643867923","0.2614423643867923"
"425","0.26140931372549003","0.26140931372549003","0.26140931372549003"
"426","0.2613886443661971","0.2613886443661971","0.2613886443661971"
"427","0.26136197306791553","0.26136197306791553","0.26136197306791553"
"428","0.2613810601635513","0.2613810601635513","0.2613810601635513"
"429","0.26136363636363624","0.26136363636363624","0.26136363636363624"
"430","0.261346293604651","0.261346293604651","0.261346293604651"
"431","0.26132601024748636","0.26132601024748636","0.26132601024748636"
"432","0.26132089120370355","0.26132089120370355","0.26132089120370355"
"433","0.26127670323325625","0.26127670323325625","0.26127670323325625"
"434","0.26126872119815653","0.26126872119815653","0.26126872119815653"
"435","0.26123682950191557","0.26123682950191557","0.26123682950191557"
"436","0.2612050840978592","0.2612050840978592","0.2612050840978592"
"437","0.261158586003051","0.261158586003051","0.261158586003051"
"438","0.2611152730213088","0.2611152730213088","0.2611152730213088"
"439","0.2610958855353074","0.2610958855353074","0.2610958855353074"
"440","0.26105291193181807","0.26105291193181807","0.26105291193181807"
"441","0.26104851662887363","0.26104851662887363","0.26104851662887363"
"442","0.2610205740950225","0.2610205740950225","0.2610205740950225"
"443","0.26099569695259583","0.26099569695259583","0.26099569695259583"
"444","0.2609943928303302","0.2609943928303302","0.2609943928303302"
"445","0.26094920411985006","0.26094920411985006","0.26094920411985006"
"446","0.26093925168161425","0.26093925168161425","0.26093925168161425"
"447","0.2609264308351975","0.2609264308351975","0.2609264308351975"
"448","0.2609281994047618","0.2609281994047618","0.2609281994047618"
"449","0.260889360616184","0.260889360616184","0.260889360616184"
"450","0.2608593749999999","0.2608593749999999","0.2608593749999999"
"451","0.2608497320768661","0.2608497320768661","0.2608497320768661"
"452","0.26082572824483763","0.26082572824483763","0.26082572824483763"
"453","0.26080470474613676","0.26080470474613676","0.26080470474613676"
"454","0.2607608296622613","0.2607608296622613","0.2607608296622613"
"455","0.26070856227106215","0.26070856227106215","0.26070856227106215"
"456","0.26071363304093553","0.26071363304093553","0.26071363304093553"
"457","0.2607072848285922","0.2607072848285922","0.2607072848285922"
"458","0.2607123362445414","0.2607123362445414","0.2607123362445414"
"459","0.2607060185185184","0.2607060185185184","0.2607060185185184"
"460","0.26062896286231874","0.26062896286231874","0.26062896286231874"
"461","0.2606426247288502","0.2606426247288502","0.2606426247288502"
"462","0.260591405122655","0.260591405122655","0.260591405122655"
"463","0.2605572804175665","0.2605572804175665","0.2605572804175665"
"464","0.2605204965876436","0.2605204965876436","0.2605204965876436"
"465","0.26050907258064504","0.26050907258064504","0.26050907258064504"
"466","0.260450196709585","0.260450196709585","0.260450196709585"
"467","0.26046406584582427","0.26046406584582427","0.26046406584582427"
"468","0.26046396456552695","0.26046396456552695","0.26046396456552695"
"469","0.2604527585287845","0.2604527585287845","0.2604527585287845"
"470","0.26040004432624103","0.26040004432624103","0.26040004432624103"
"471","0.260383492569002","0.260383492569002","0.260383492569002"
"472","0.2604028734110168","0.2604028734110168","0.2604028734110168"
"473","0.2603285764622973","0.2603285764622973","0.2603285764622973"
"474","0.260309533227848","0.260309533227848","0.260309533227848"
"475","0.2603124999999999","0.2603124999999999","0.2603124999999999"
"476","0.2602470675770307","0.2602470675770307","0.2602470675770307"
"477","0.2602255852550663","0.2602255852550663","0.2602255852550663"
"478","0.2601851246513249","0.2601851246513249","0.2601851246513249"
"479","0.26016929801670136","0.26016929801670136","0.26016929801670136"
"480","0.2601616753472221","0.2601616753472221","0.2601616753472221"
"481","0.2601378421690921","0.2601378421690921","0.2601378421690921"
"482","0.2601087050484093","0.2601087050484093","0.2601087050484093"
"483","0.2600823844030365","0.2600823844030365","0.2600823844030365"
"484","0.26003734073691454","0.26003734073691454","0.26003734073691454"
"485","0.26001664518900336","0.26001664518900336","0.26001664518900336"
"486","0.2599933556241426","0.2599933556241426","0.2599933556241426"
"487","0.2599541196098562","0.2599541196098562","0.2599541196098562"
"488","0.2599310536202185","0.2599310536202185","0.2599310536202185"
"489","0.2599213957055214","0.2599213957055214","0.2599213957055214"
"490","0.25992506377551017","0.25992506377551017","0.25992506377551017"
"491","0.2599128054989816","0.2599128054989816","0.2599128054989816"
"492","0.2598714854336043","0.2598714854336043","0.2598714854336043"
"493","0.2598725912778904","0.2598725912778904","0.2598725912778904"
"494","0.25983415570175433","0.25983415570175433","0.25983415570175433"
"495","0.25980113636363633","0.25980113636363633","0.25980113636363633"
"496","0.25978400117607525","0.25978400117607525","0.25978400117607525"
"497","0.2597250167672702","0.2597250167672702","0.2597250167672702"
"498","0.25971333249665324","0.25971333249665324","0.25971333249665324"
"499","0.25969647628590514","0.25969647628590514","0.25969647628590514"
"500","0.259671875","0.259671875","0.259671875"
"501","0.2596369760479042","0.2596369760479042","0.2596369760479042"
"502","0.2596074037184595","0.2596074037184595","0.2596074037184595"
"503","0.25960642395626243","0.25960642395626243","0.25960642395626243"
"504","0.259631283068783","0.259631283068783","0.259631283068783"
"505","0.2596328382838283","0.2596328382838283","0.2596328382838283"
"506","0.25959321475625824","0.25959321475625824","0.25959321475625824"
"507","0.25956402038132803","0.25956402038132803","0.25956402038132803"
"508","0.2595605725065616","0.2595605725065616","0.2595605725065616"
"509","0.25951876637197113","0.25951876637197113","0.25951876637197113"
"510","0.259515420751634","0.259515420751634","0.259515420751634"
"511","0.2594764147097195","0.2594764147097195","0.2594764147097195"
"512","0.25940958658854163","0.25940958658854163","0.25940958658854163"
"513","0.2593709389213775","0.2593709389213775","0.2593709389213775"
"514","0.2594084387159533","0.2594084387159533","0.2594084387159533"
"515","0.25939016990291264","0.25939016990291264","0.25939016990291264"
"516","0.25939720607235145","0.25939720607235145","0.25939720607235145"
"517","0.2593236218568665","0.2593236218568665","0.2593236218568665"
"518","0.25930813626126126","0.25930813626126126","0.25930813626126126"
"519","0.2592902015093128","0.2592902015093128","0.2592902015093128"
"520","0.25919971955128207","0.25919971955128207","0.25919971955128207"
"521","0.2591795625399872","0.2591795625399872","0.2591795625399872"
"522","0.25915948275862066","0.25915948275862066","0.25915948275862066"
"523","0.25912952119184196","0.25912952119184196","0.25912952119184196"
"524","0.2590947041984733","0.2590947041984733","0.2590947041984733"
"525","0.25907490079365075","0.25907490079365075","0.25907490079365075"
"526","0.25909725522813687","0.25909725522813687","0.25909725522813687"
"527","0.25910717109424414","0.25910717109424414","0.25910717109424414"
"528","0.2590997869318182","0.2590997869318182","0.2590997869318182"
"529","0.25912442895400123","0.25912442895400123","0.25912442895400123"
"530","0.259112126572327","0.259112126572327","0.259112126572327"
"531","0.25909741839296924","0.25909741839296924","0.25909741839296924"
"532","0.2590607377819549","0.2590607377819549","0.2590607377819549"
"533","0.2590168660100063","0.2590168660100063","0.2590168660100063"
"534","0.2589902270599251","0.2589902270599251","0.2589902270599251"
"535","0.2589417834890966","0.2589417834890966","0.2589417834890966"
"536","0.2589105254975124","0.2589105254975124","0.2589105254975124"
"537","0.2588551365611421","0.2588551365611421","0.2588551365611421"
"538","0.2588628794919455","0.2588628794919455","0.2588628794919455"
"539","0.2588995825602968","0.2588995825602968","0.2588995825602968"
"540","0.25883969907407406","0.25883969907407406","0.25883969907407406"
"541","0.25880651186075165","0.25880651186075165","0.25880651186075165"
"542","0.2587830565805658","0.2587830565805658","0.2587830565805658"
"543","0.25877647329650094","0.25877647329650094","0.25877647329650094"
"544","0.258755553002451","0.258755553002451","0.258755553002451"
"545","0.258741876911315","0.258741876911315","0.258741876911315"
"546","0.25871871184371187","0.25871871184371187","0.25871871184371187"
"547","0.2586813490249848","0.2586813490249848","0.2586813490249848"
"548","0.2586560028892944","0.2586560028892944","0.2586560028892944"
"549","0.25864735124468735","0.25864735124468735","0.25864735124468735"
"550","0.2586316287878788","0.2586316287878788","0.2586316287878788"
"551","0.2585710639745917","0.2585710639745917","0.2585710639745917"
"552","0.2585602543780193","0.2585602543780193","0.2585602543780193"
"553","0.25854242013261","0.25854242013261","0.25854242013261"
"554","0.25848939530685916","0.25848939530685916","0.25848939530685916"
"555","0.2584881756756756","0.2584881756756756","0.2584881756756756"
"556","0.25846119979016785","0.25846119979016785","0.25846119979016785"
"557","0.2584810742070616","0.2584810742070616","0.2584810742070616"
"558","0.2584448738052568","0.2584448738052568","0.2584448738052568"
"559","0.25842976669648177","0.25842976669648177","0.25842976669648177"
"560","0.2584402901785714","0.2584402901785714","0.2584402901785714"
"561","0.2584229240938799","0.2584229240938799","0.2584229240938799"
"562","0.25841952105575317","0.25841952105575317","0.25841952105575317"
"563","0.2583837514801657","0.2583837514801657","0.2583837514801657"
"564","0.2583804299645389","0.2583804299645389","0.2583804299645389"
"565","0.2583817293510324","0.2583817293510324","0.2583817293510324"
"566","0.25837612264428733","0.25837612264428733","0.25837612264428733"
"567","0.258347571281599","0.258347571281599","0.258347571281599"
"568","0.25829619644953045","0.25829619644953045","0.25829619644953045"
"569","0.2582678859109548","0.2582678859109548","0.2582678859109548"
"570","0.2582762244152046","0.2582762244152046","0.2582762244152046"
"571","0.2582503283712784","0.2582503283712784","0.2582503283712784"
"572","0.25820403554778554","0.25820403554778554","0.25820403554778554"
"573","0.2581988074461896","0.2581988074461896","0.2581988074461896"
"574","0.2581164706736353","0.2581164706736353","0.2581164706736353"
"575","0.25808650362318836","0.25808650362318836","0.25808650362318836"
"576","0.25808602792245366","0.25808602792245366","0.25808602792245366"
"577","0.2581036070190641","0.2581036070190641","0.2581036070190641"
"578","0.25809859789504036","0.25809859789504036","0.25809859789504036"
"579","0.25811384571099594","0.25811384571099594","0.25811384571099594"
"580","0.2581065912356322","0.2581065912356322","0.2581065912356322"
"581","0.2580747095524957","0.2580747095524957","0.2580747095524957"
"582","0.25808991981672397","0.25808991981672397","0.25808991981672397"
"583","0.2580671097770154","0.2580671097770154","0.2580671097770154"
"584","0.258048837043379","0.258048837043379","0.258048837043379"
"585","0.2580150462962963","0.2580150462962963","0.2580150462962963"
"586","0.2579835928612059","0.2579835928612059","0.2579835928612059"
"587","0.2579766467915957","0.2579766467915957","0.2579766467915957"
"588","0.2579497945011338","0.2579497945011338","0.2579497945011338"
"589","0.25794735073571023","0.25794735073571023","0.25794735073571023"
"590","0.25792725988700566","0.25792725988700566","0.25792725988700566"
"591","0.25792045614777215","0.25792045614777215","0.25792045614777215"
"592","0.257909276463964","0.257909276463964","0.257909276463964"
"593","0.2578959387296234","0.2578959387296234","0.2578959387296234"
"594","0.2578957982603816","0.2578957982603816","0.2578957982603816"
"595","0.2579153536414566","0.2579153536414566","0.2579153536414566"
"596","0.25792610458612975","0.25792610458612975","0.25792610458612975"
"597","0.25788883654383027","0.25788883654383027","0.25788883654383027"
"598","0.2578974184782609","0.2578974184782609","0.2578974184782609"
"599","0.25787988661658323","0.25787988661658323","0.25787988661658323"
"600","0.2578732638888889","0.2578732638888889","0.2578732638888889"
"601","0.257864496672213","0.257864496672213","0.257864496672213"
"602","0.2578557585825028","0.2578557585825028","0.2578557585825028"
"603","0.25781897802653403","0.25781897802653403","0.25781897802653403"
"604","0.2577801634933775","0.2577801634933775","0.2577801634933775"
"605","0.2577586949035813","0.2577586949035813","0.2577586949035813"
"606","0.25772655390539057","0.25772655390539057","0.25772655390539057"
"607","0.2577073894838001","0.2577073894838001","0.2577073894838001"
"608","0.2576882881030702","0.2576882881030702","0.2576882881030702"
"609","0.2576393165024631","0.2576393165024631","0.2576393165024631"
"610","0.25765454234972684","0.25765454234972684","0.25765454234972684"
"611","0.2576590630114567","0.2576590630114567","0.2576590630114567"
"612","0.25765718613834426","0.25765718613834426","0.25765718613834426"
"613","0.25761283306144644","0.25761283306144644","0.25761283306144644"
"614","0.25758134839847996","0.25758134839847996","0.25758134839847996"
"615","0.25756902100271006","0.25756902100271006","0.25756902100271006"
"616","0.2575334821428572","0.2575334821428572","0.2575334821428572"
"617","0.257510720556456","0.257510720556456","0.257510720556456"
"618","0.25750488807982747","0.25750488807982747","0.25750488807982747"
"619","0.2574843497576737","0.2574843497576737","0.2574843497576737"
"620","0.2574827788978495","0.2574827788978495","0.2574827788978495"
"621","0.2575105676328503","0.2575105676328503","0.2575105676328503"
"622","0.25751105305466243","0.25751105305466243","0.25751105305466243"
"623","0.25749899678972715","0.25749899678972715","0.25749899678972715"
"624","0.2574744591346154","0.2574744591346154","0.2574744591346154"
"625","0.2574479166666667","0.2574479166666667","0.2574479166666667"
"626","0.25745265907880727","0.25745265907880727","0.25745265907880727"
"627","0.2574220826687932","0.2574220826687932","0.2574220826687932"
"628","0.25741441082802546","0.25741441082802546","0.25741441082802546"
"629","0.25738192236354","0.25738192236354","0.25738192236354"
"630","0.2573846726190476","0.2573846726190476","0.2573846726190476"
"631","0.25738535063391443","0.25738535063391443","0.25738535063391443"
"632","0.25740456882911394","0.25740456882911394","0.25740456882911394"
"633","0.2573867002369668","0.2573867002369668","0.2573867002369668"
"634","0.2573442429022082","0.2573442429022082","0.2573442429022082"
"635","0.2573367782152231","0.2573367782152231","0.2573367782152231"
"636","0.2573191004979036","0.2573191004979036","0.2573191004979036"
"637","0.2573260073260073","0.2573260073260073","0.2573260073260073"
"638","0.2573002383751306","0.2573002383751306","0.2573002383751306"
"639","0.2572888139019301","0.2572888139019301","0.2572888139019301"
"640","0.25724283854166663","0.25724283854166663","0.25724283854166663"
"641","0.2572599778991159","0.2572599778991159","0.2572599778991159"
"642","0.2572101343457944","0.2572101343457944","0.2572101343457944"
"643","0.25721309616381544","0.25721309616381544","0.25721309616381544"
"644","0.2571574145962732","0.2571574145962732","0.2571574145962732"
"645","0.25711603682170536","0.25711603682170536","0.25711603682170536"
"646","0.2571171149380804","0.2571171149380804","0.2571171149380804"
"647","0.25709605229263266","0.25709605229263266","0.25709605229263266"
"648","0.25709514853395055","0.25709514853395055","0.25709514853395055"
"649","0.25709224126861835","0.25709224126861835","0.25709224126861835"
"650","0.2570753205128205","0.2570753205128205","0.2570753205128205"
"651","0.25706445212493595","0.25706445212493595","0.25706445212493595"
"652","0.25701766998977504","0.25701766998977504","0.25701766998977504"
"653","0.25697103113833586","0.25697103113833586","0.25697103113833586"
"654","0.2569524082568807","0.2569524082568807","0.2569524082568807"
"655","0.25691793893129766","0.25691793893129766","0.25691793893129766"
"656","0.2569193025914634","0.2569193025914634","0.2569193025914634"
"657","0.25686913368848296","0.25686913368848296","0.25686913368848296"
"658","0.25687650392603845","0.25687650392603845","0.25687650392603845"
"659","0.2568759484066767","0.2568759484066767","0.2568759484066767"
"660","0.256903014520202","0.256903014520202","0.256903014520202"
"661","0.2568945410993444","0.2568945410993444","0.2568945410993444"
"662","0.25687625881168175","0.25687625881168175","0.25687625881168175"
"663","0.25683642848164906","0.25683642848164906","0.25683642848164906"
"664","0.2568065229668674","0.2568065229668674","0.2568065229668674"
"665","0.256813909774436","0.256813909774436","0.256813909774436"
"666","0.2567958583583583","0.2567958583583583","0.2567958583583583"
"667","0.2567973825587206","0.2567973825587206","0.2567973825587206"
"668","0.256793054515968","0.256793054515968","0.256793054515968"
"669","0.2568120951669157","0.2568120951669157","0.2568120951669157"
"670","0.25680775808457706","0.25680775808457706","0.25680775808457706"
"671","0.25682477955787375","0.25682477955787375","0.25682477955787375"
"672","0.2567894345238094","0.2567894345238094","0.2567894345238094"
"673","0.25676386825160963","0.25676386825160963","0.25676386825160963"
"674","0.25677894720573685","0.25677894720573685","0.25677894720573685"
"675","0.25675925925925924","0.25675925925925924","0.25675925925925924"
"676","0.25675889114891515","0.25675889114891515","0.25675889114891515"
"677","0.256716211225997","0.256716211225997","0.256716211225997"
"678","0.25669862340216315","0.25669862340216315","0.25669862340216315"
"679","0.2566887579774177","0.2566887579774177","0.2566887579774177"
"680","0.25670955882352936","0.25670955882352936","0.25670955882352936"
"681","0.25672265051395005","0.25672265051395005","0.25672265051395005"
"682","0.25672615774682306","0.25672615774682306","0.25672615774682306"
"683","0.25668008784773055","0.25668008784773055","0.25668008784773055"
"684","0.2566455744395711","0.2566455744395711","0.2566455744395711"
"685","0.25663397201946464","0.25663397201946464","0.25663397201946464"
"686","0.25661291302235173","0.25661291302235173","0.25661291302235173"
"687","0.2565672762008733","0.2565672762008733","0.2565672762008733"
"688","0.2565331274224805","0.2565331274224805","0.2565331274224805"
"689","0.2565104166666666","0.2565104166666666","0.2565104166666666"
"690","0.2564915458937197","0.2564915458937197","0.2564915458937197"
"691","0.2564651923540761","0.2564651923540761","0.2564651923540761"
"692","0.25645584959055867","0.25645584959055867","0.25645584959055867"
"693","0.25644089706589696","0.25644089706589696","0.25644089706589696"
"694","0.25643536863592686","0.25643536863592686","0.25643536863592686"
"695","0.2564148681055155","0.2564148681055155","0.2564148681055155"
"696","0.2563981681034482","0.2563981681034482","0.2563981681034482"
"697","0.2563983291487325","0.2563983291487325","0.2563983291487325"
"698","0.2564022206303724","0.2564022206303724","0.2564022206303724"
"699","0.2563856103958034","0.2563856103958034","0.2563856103958034"
"700","0.2563932291666665","0.2563932291666665","0.2563932291666665"
"701","0.25641197099381824","0.25641197099381824","0.25641197099381824"
"702","0.25640469195156684","0.25640469195156684","0.25640469195156684"
"703","0.2563918770744428","0.2563918770744428","0.2563918770744428"
"704","0.25638094815340895","0.25638094815340895","0.25638094815340895"
"705","0.256386672576832","0.256386672576832","0.256386672576832"
"706","0.2563831592304059","0.2563831592304059","0.2563831592304059"
"707","0.25635755539839683","0.25635755539839683","0.25635755539839683"
"708","0.2563467366996232","0.2563467366996232","0.2563467366996232"
"709","0.2563194199576867","0.2563194199576867","0.2563194199576867"
"710","0.256319688967136","0.256319688967136","0.256319688967136"
"711","0.2563071378340364","0.2563071378340364","0.2563071378340364"
"712","0.2562891356507489","0.2562891356507489","0.2562891356507489"
"713","0.25629309841047204","0.25629309841047204","0.25629309841047204"
"714","0.2562769899626516","0.2562769899626516","0.2562769899626516"
"715","0.25625910547785535","0.25625910547785535","0.25625910547785535"
"716","0.2562630935754189","0.2562630935754189","0.2562630935754189"
"717","0.2562325662482565","0.2562325662482565","0.2562325662482565"
"718","0.2562347667130918","0.2562347667130918","0.2562347667130918"
"719","0.25622247334260534","0.25622247334260534","0.25622247334260534"
"720","0.2562156394675925","0.2562156394675925","0.2562156394675925"
"721","0.25620701860841416","0.25620701860841416","0.25620701860841416"
"722","0.2562074388273314","0.2562074388273314","0.2562074388273314"
"723","0.2561718389810972","0.2561718389810972","0.2561718389810972"
"724","0.2561615158839778","0.2561615158839778","0.2561615158839778"
"725","0.25613505747126425","0.25613505747126425","0.25613505747126425"
"726","0.2561122589531679","0.2561122589531679","0.2561122589531679"
"727","0.25609310522696","0.25609310522696","0.25609310522696"
"728","0.25607042696886434","0.25607042696886434","0.25607042696886434"
"729","0.25605316929583893","0.25605316929583893","0.25605316929583893"
"730","0.25604130993150676","0.25604130993150676","0.25604130993150676"
"731","0.2560508578431372","0.2560508578431372","0.2560508578431372"
"732","0.2560425916438979","0.2560425916438979","0.2560425916438979"
"733","0.25603967712596626","0.25603967712596626","0.25603967712596626"
"734","0.25603144868301536","0.25603144868301536","0.25603144868301536"
"735","0.25600907029478454","0.25600907029478454","0.25600907029478454"
"736","0.25600444406702894","0.25600444406702894","0.25600444406702894"
"737","0.2559662624378109","0.2559662624378109","0.2559662624378109"
"738","0.25594759202800355","0.25594759202800355","0.25594759202800355"
"739","0.2559395438655841","0.2559395438655841","0.2559395438655841"
"740","0.25591744087837837","0.25591744087837837","0.25591744087837837"
"741","0.2559217555105713","0.2559217555105713","0.2559217555105713"
"742","0.2558892070979335","0.2558892070979335","0.2558892070979335"
"743","0.2558655086361597","0.2558655086361597","0.2558655086361597"
"744","0.25587162578405015","0.25587162578405015","0.25587162578405015"
"745","0.2558532578299776","0.2558532578299776","0.2558532578299776"
"746","0.25583668453976766","0.25583668453976766","0.25583668453976766"
"747","0.25582538487282463","0.25582538487282463","0.25582538487282463"
"748","0.25580367090017825","0.25580367090017825","0.25580367090017825"
"749","0.2557837533377837","0.2557837533377837","0.2557837533377837"
"750","0.2557743055555555","0.2557743055555555","0.2557743055555555"
"751","0.2557579477363515","0.2557579477363515","0.2557579477363515"
"752","0.2557399019281915","0.2557399019281915","0.2557399019281915"
"753","0.2557149872731297","0.2557149872731297","0.2557149872731297"
"754","0.25570913461538464","0.25570913461538464","0.25570913461538464"
"755","0.25569984823399555","0.25569984823399555","0.25569984823399555"
"756","0.25568025242504405","0.25568025242504405","0.25568025242504405"
"757","0.2556693086745927","0.2556693086745927","0.2556693086745927"
"758","0.2556498048592788","0.2556498048592788","0.2556498048592788"
"759","0.255632067962231","0.255632067962231","0.255632067962231"
"760","0.25561951754385964","0.25561951754385964","0.25561951754385964"
"761","0.2556018670608848","0.2556018670608848","0.2556018670608848"
"762","0.25559280675853013","0.25559280675853013","0.25559280675853013"
"763","0.25557011795543905","0.25557011795543905","0.25557011795543905"
"764","0.25556282722513085","0.25556282722513085","0.25556282722513085"
"765","0.25555385348583876","0.25555385348583876","0.25555385348583876"
"766","0.255541503481288","0.255541503481288","0.255541503481288"
"767","0.25555125488917857","0.25555125488917857","0.25555125488917857"
"768","0.25554741753472215","0.25554741753472215","0.25554741753472215"
"769","0.2555588291070654","0.2555588291070654","0.2555588291070654"
"770","0.2555194805194804","0.2555194805194804","0.2555194805194804"
"771","0.2555190769563337","0.2555190769563337","0.2555190769563337"
"772","0.2555220477115716","0.2555220477115716","0.2555220477115716"
"773","0.25550816623544625","0.25550816623544625","0.25550816623544625"
"774","0.25549095607235134","0.25549095607235134","0.25549095607235134"
"775","0.2554788306451612","0.2554788306451612","0.2554788306451612"
"776","0.25543988939003426","0.25543988939003426","0.25543988939003426"
"777","0.2554412671600171","0.2554412671600171","0.2554412671600171"
"778","0.2554426413881747","0.2554426413881747","0.2554426413881747"
"779","0.2554373261660247","0.2554373261660247","0.2554373261660247"
"780","0.2554203392094016","0.2554203392094016","0.2554203392094016"
"781","0.25541339895433196","0.25541339895433196","0.25541339895433196"
"782","0.2553948209718669","0.2553948209718669","0.2553948209718669"
"783","0.25538294220945074","0.25538294220945074","0.25538294220945074"
"784","0.25539600605867335","0.25539600605867335","0.25539600605867335"
"785","0.2553974256900211","0.2553974256900211","0.2553974256900211"
"786","0.25537896257421533","0.25537896257421533","0.25537896257421533"
"787","0.2553489649512917","0.2553489649512917","0.2553489649512917"
"788","0.25534052453468686","0.25534052453468686","0.25534052453468686"
"789","0.25535355935783677","0.25535355935783677","0.25535355935783677"
"790","0.25534018987341756","0.25534018987341756","0.25534018987341756"
"791","0.2553103929624946","0.2553103929624946","0.2553103929624946"
"792","0.25528889151936013","0.25528889151936013","0.25528889151936013"
"793","0.25528878993274473","0.25528878993274473","0.25528878993274473"
"794","0.2552722895675901","0.2552722895675901","0.2552722895675901"
"795","0.25523945230607953","0.25523945230607953","0.25523945230607953"
"796","0.25524104899497474","0.25524104899497474","0.25524104899497474"
"797","0.2552295718318694","0.2552295718318694","0.2552295718318694"
"798","0.25522301848370915","0.25522301848370915","0.25522301848370915"
"799","0.25520181476846043","0.25520181476846043","0.25520181476846043"
"800","0.25519694010416655","0.25519694010416655","0.25519694010416655"
"801","0.25518069860590914","0.25518069860590914","0.25518069860590914"
"802","0.25517748597256845","0.25517748597256845","0.25517748597256845"
"803","0.2551402293482771","0.2551402293482771","0.2551402293482771"
"804","0.2551435530679932","0.2551435530679932","0.2551435530679932"
"805","0.25515819099378867","0.25515819099378867","0.25515819099378867"
"806","0.2551647151571545","0.2551647151571545","0.2551647151571545"
"807","0.25511636462205683","0.25511636462205683","0.25511636462205683"
"808","0.25511808993399326","0.25511808993399326","0.25511808993399326"
"809","0.2550892305315203","0.2550892305315203","0.2550892305315203"
"810","0.25511670524691343","0.25511670524691343","0.25511670524691343"
"811","0.2550927353062062","0.2550927353062062","0.2550927353062062"
"812","0.25506401375205245","0.25506401375205245","0.25506401375205245"
"813","0.2550481754817547","0.2550481754817547","0.2550481754817547"
"814","0.25504037418099906","0.25504037418099906","0.25504037418099906"
"815","0.2550389826175868","0.2550389826175868","0.2550389826175868"
"816","0.2550296160130718","0.2550296160130718","0.2550296160130718"
"817","0.2550250535495715","0.2550250535495715","0.2550250535495715"
"818","0.25501413508557447","0.25501413508557447","0.25501413508557447"
"819","0.25501914173789164","0.25501914173789164","0.25501914173789164"
"820","0.25500190548780477","0.25500190548780477","0.25500190548780477"
"821","0.25496726552984156","0.25496726552984156","0.25496726552984156"
"822","0.25496280667072174","0.25496280667072174","0.25496280667072174"
"823","0.2549314626366949","0.2549314626366949","0.2549314626366949"
"824","0.25490809567152095","0.25490809567152095","0.25490809567152095"
"825","0.2548958333333332","0.2548958333333332","0.2548958333333332"
"826","0.2548536496166262","0.2548536496166262","0.2548536496166262"
"827","0.2548462061668681","0.2548462061668681","0.2548462061668681"
"828","0.2548262001811593","0.2548262001811593","0.2548262001811593"
"829","0.25481095446320856","0.25481095446320856","0.25481095446320856"
"830","0.2547957454819276","0.2547957454819276","0.2547957454819276"
"831","0.2547680380064179","0.2547680380064179","0.2547680380064179"
"832","0.2547450921474358","0.2547450921474358","0.2547450921474358"
"833","0.25472376450580225","0.25472376450580225","0.25472376450580225"
"834","0.2547024880095922","0.2547024880095922","0.2547024880095922"
"835","0.2547046531936127","0.2547046531936127","0.2547046531936127"
"836","0.2546974681020732","0.2546974681020732","0.2546974681020732"
"837","0.254676299283154","0.254676299283154","0.254676299283154"
"838","0.254672272772474","0.254672272772474","0.254672272772474"
"839","0.25465273639253067","0.25465273639253067","0.25465273639253067"
"840","0.25465494791666654","0.25465494791666654","0.25465494791666654"
"841","0.2546215442925088","0.2546215442925088","0.2546215442925088"
"842","0.2546052306017417","0.2546052306017417","0.2546052306017417"
"843","0.25458586644918924","0.25458586644918924","0.25458586644918924"
"844","0.25457117644154803","0.25457117644154803","0.25457117644154803"
"845","0.254554980276134","0.254554980276134","0.254554980276134"
"846","0.25457730003940093","0.25457730003940093","0.25457730003940093"
"847","0.25456574675324656","0.25456574675324656","0.25456574675324656"
"848","0.25455575619103754","0.25455575619103754","0.25455575619103754"
"849","0.2545488564978404","0.2545488564978404","0.2545488564978404"
"850","0.25452665441176453","0.25452665441176453","0.25452665441176453"
"851","0.2544968541911475","0.2544968541911475","0.2544968541911475"
"852","0.2544931044600937","0.2544931044600937","0.2544931044600937"
"853","0.2544649399179365","0.2544649399179365","0.2544649399179365"
"854","0.2544383660226384","0.2544383660226384","0.2544383660226384"
"855","0.2544286062378166","0.2544286062378166","0.2544286062378166"
"856","0.25441582700545157","0.25441582700545157","0.25441582700545157"
"857","0.2544061162971605","0.2544061162971605","0.2544061162971605"
"858","0.2543797348484847","0.2543797348484847","0.2543797348484847"
"859","0.2543594780752812","0.2543594780752812","0.2543594780752812"
"860","0.2543483527131781","0.2543483527131781","0.2543483527131781"
"861","0.25434632694541215","0.25434632694541215","0.25434632694541215"
"862","0.25430503190255205","0.25430503190255205","0.25430503190255205"
"863","0.2542789204325993","0.2542789204325993","0.2542789204325993"
"864","0.25426040461033933","0.25426040461033933","0.25426040461033933"
"865","0.2542524686897879","0.2542524686897879","0.2542524686897879"
"866","0.254252068899153","0.254252068899153","0.254252068899153"
"867","0.25426068098808136","0.25426068098808136","0.25426068098808136"
"868","0.2542632728494622","0.2542632728494622","0.2542632728494622"
"869","0.2542478783084003","0.2542478783084003","0.2542478783084003"
"870","0.25424000239463584","0.25424000239463584","0.25424000239463584"
"871","0.2542142054152314","0.2542142054152314","0.2542142054152314"
"872","0.2542078793960243","0.2542078793960243","0.2542078793960243"
"873","0.2541896358342877","0.2541896358342877","0.2541896358342877"
"874","0.25417143401983205","0.25417143401983205","0.25417143401983205"
"875","0.2541413690476189","0.2541413690476189","0.2541413690476189"
"876","0.2541425870433789","0.2541425870433789","0.2541425870433789"
"877","0.2541408328582287","0.2541408328582287","0.2541408328582287"
"878","0.2541420486902049","0.2541420486902049","0.2541420486902049"
"879","0.25411363528631004","0.25411363528631004","0.25411363528631004"
"880","0.25411931818181804","0.25411931818181804","0.25411931818181804"
"881","0.25411612041241","0.25411612041241","0.25411612041241"
"882","0.2541129298941798","0.2541129298941798","0.2541129298941798"
"883","0.2541067973763683","0.2541067973763683","0.2541067973763683"
"884","0.25409920578808437","0.25409920578808437","0.25409920578808437"
"885","0.25409310263653473","0.25409310263653473","0.25409310263653473"
"886","0.25407378668171543","0.25407378668171543","0.25407378668171543"
"887","0.2540515783540021","0.2540515783540021","0.2540515783540021"
"888","0.2540631451764263","0.2540631451764263","0.2540631451764263"
"889","0.2540424634420696","0.2540424634420696","0.2540424634420696"
"890","0.2540423103932583","0.2540423103932583","0.2540423103932583"
"891","0.2540260825851102","0.2540260825851102","0.2540260825851102"
"892","0.25402010930493263","0.25402010930493263","0.25402010930493263"
"893","0.2540010265024261","0.2540010265024261","0.2540010265024261"
"894","0.25398635579791184","0.25398635579791184","0.25398635579791184"
"895","0.2539717178770948","0.2539717178770948","0.2539717178770948"
"896","0.2539861769903272","0.2539861769903272","0.2539861769903272"
"897","0.2540078618543291","0.2540078618543291","0.2540078618543291"
"898","0.25399179890497386","0.25399179890497386","0.25399179890497386"
"899","0.25400329069336286","0.25400329069336286","0.25400329069336286"
"900","0.25400173611111093","0.25400173611111093","0.25400173611111093"
"901","0.2539770625231223","0.2539770625231223","0.2539770625231223"
"902","0.25397698401699914","0.25397698401699914","0.25397698401699914"
"903","0.2539740217792542","0.2539740217792542","0.2539740217792542"
"904","0.2539581028761061","0.2539581028761061","0.2539581028761061"
"905","0.25394653545119694","0.25394653545119694","0.25394653545119694"
"906","0.2539306820272258","0.2539306820272258","0.2539306820272258"
"907","0.25392778390297677","0.25392778390297677","0.25392778390297677"
"908","0.2539248921622613","0.2539248921622613","0.2539248921622613"
"909","0.25391484460946084","0.25391484460946084","0.25391484460946084"
"910","0.2539062499999999","0.2539062499999999","0.2539062499999999"
"911","0.25387623490669586","0.25387623490669586","0.25387623490669586"
"912","0.253860562865497","0.253860562865497","0.253860562865497"
"913","0.25384492515516605","0.25384492515516605","0.25384492515516605"
"914","0.2538478414478482","0.2538478414478482","0.2538478414478482"
"915","0.25383367486338787","0.25383367486338787","0.25383367486338787"
"916","0.25383375409388637","0.25383375409388637","0.25383375409388637"
"917","0.25383241321337685","0.25383241321337685","0.25383241321337685"
"918","0.253829656862745","0.253829656862745","0.253829656862745"
"919","0.25381982227058386","0.25381982227058386","0.25381982227058386"
"920","0.2538071784420289","0.2538071784420289","0.2538071784420289"
"921","0.25376628664495104","0.25376628664495104","0.25376628664495104"
"922","0.25376078949746916","0.25376078949746916","0.25376078949746916"
"923","0.2537411971830985","0.2537411971830985","0.2537411971830985"
"924","0.25373151154401147","0.25373151154401147","0.25373151154401147"
"925","0.25372888513513503","0.25372888513513503","0.25372888513513503"
"926","0.253715015298776","0.253715015298776","0.253715015298776"
"927","0.2537096031103918","0.2537096031103918","0.2537096031103918"
"928","0.25370841190732746","0.25370841190732746","0.25370841190732746"
"929","0.25371423125224246","0.25371423125224246","0.25371423125224246"
"930","0.2537256384408601","0.2537256384408601","0.2537256384408601"
"931","0.25372163668098807","0.25372163668098807","0.25372163668098807"
"932","0.25370087848712436","0.25370087848712436","0.25370087848712436"
"933","0.25371226330832425","0.25371226330832425","0.25371226330832425"
"934","0.2536887714132761","0.2536887714132761","0.2536887714132761"
"935","0.2536750779857396","0.2536750779857396","0.2536750779857396"
"936","0.25366280493233606","0.25366280493233606","0.25366280493233606"
"937","0.2536644543756669","0.2536644543756669","0.2536644543756669"
"938","0.253645278073916","0.253645278073916","0.253645278073916"
"939","0.25362752928647486","0.25362752928647486","0.25362752928647486"
"940","0.25359458111702116","0.25359458111702116","0.25359458111702116"
"941","0.25358107509741395","0.25358107509741395","0.25358107509741395"
"942","0.253568980007077","0.253568980007077","0.253568980007077"
"943","0.2535541489925768","0.2535541489925768","0.2535541489925768"
"944","0.2535448667019773","0.2535448667019773","0.2535448667019773"
"945","0.25353009259259246","0.25353009259259246","0.25353009259259246"
"946","0.253513973308668","0.253513973308668","0.253513973308668"
"947","0.2535033878915874","0.2535033878915874","0.2535033878915874"
"948","0.2535106803797467","0.2535106803797467","0.2535106803797467"
"949","0.253490516332982","0.253490516332982","0.253490516332982"
"950","0.2535005482456139","0.2535005482456139","0.2535005482456139"
"951","0.2534900214686294","0.2534900214686294","0.2534900214686294"
"952","0.25347404586834726","0.25347404586834726","0.25347404586834726"
"953","0.25345400489681696","0.25345400489681696","0.25345400489681696"
"954","0.2534381005415792","0.2534381005415792","0.2534381005415792"
"955","0.2534385907504362","0.2534385907504362","0.2534385907504362"
"956","0.25343363188633183","0.25343363188633183","0.25343363188633183"
"957","0.2534300439742249","0.2534300439742249","0.2534300439742249"
"958","0.2534223860473207","0.2534223860473207","0.2534223860473207"
"959","0.25342017509558556","0.25342017509558556","0.25342017509558556"
"960","0.25340440538194436","0.25340440538194436","0.25340440538194436"
"961","0.25339408818938597","0.25339408818938597","0.25339408818938597"
"962","0.2533919135481635","0.2533919135481635","0.2533919135481635"
"963","0.25336675752855653","0.25336675752855653","0.25336675752855653"
"964","0.2533497579529736","0.2533497579529736","0.2533497579529736"
"965","0.25333414291882544","0.25333414291882544","0.25333414291882544"
"966","0.25331856021394056","0.25331856021394056","0.25331856021394056"
"967","0.2533285935884177","0.2533285935884177","0.2533285935884177"
"968","0.25330632317493107","0.25330632317493107","0.25330632317493107"
"969","0.25330828603371164","0.25330828603371164","0.25330828603371164"
"970","0.25329816365979374","0.25329816365979374","0.25329816365979374"
"971","0.2532813572777205","0.2532813572777205","0.2532813572777205"
"972","0.2532645854766803","0.2532645854766803","0.2532645854766803"
"973","0.253261230301473","0.253261230301473","0.253261230301473"
"974","0.25323916623887743","0.25323916623887743","0.25323916623887743"
"975","0.2532532051282051","0.2532532051282051","0.2532532051282051"
"976","0.25325520833333326","0.25325520833333326","0.25325520833333326"
"977","0.2532398818662572","0.2532398818662572","0.2532398818662572"
"978","0.25323790047716427","0.25323790047716427","0.25323790047716427"
"979","0.25324789325842695","0.25324789325842695","0.25324789325842695"
"980","0.2532299638605442","0.2532299638605442","0.2532299638605442"
"981","0.2532133983180428","0.2532133983180428","0.2532133983180428"
"982","0.2532180817209776","0.2532180817209776","0.2532180817209776"
"983","0.2532055357748389","0.2532055357748389","0.2532055357748389"
"984","0.25317448975271","0.25317448975271","0.25317448975271"
"985","0.25315804780033835","0.25315804780033835","0.25315804780033835"
"986","0.2531548449121027","0.2531548449121027","0.2531548449121027"
"987","0.2531344984802431","0.2531344984802431","0.2531344984802431"
"988","0.25312210062415647","0.25312210062415647","0.25312210062415647"
"989","0.25309524561846974","0.25309524561846974","0.25309524561846974"
"990","0.2530868581649831","0.2530868581649831","0.2530868581649831"
"991","0.25309031281533795","0.25309031281533795","0.25309031281533795"
"992","0.2530740717405913","0.2530740717405913","0.2530740717405913"
"993","0.25306573094998314","0.25306573094998314","0.25306573094998314"
"994","0.2530285881958416","0.2530285881958416","0.2530285881958416"
"995","0.2530032977386934","0.2530032977386934","0.2530032977386934"
"996","0.2529832873159303","0.2529832873159303","0.2529832873159303"
"997","0.25297245904379795","0.25297245904379795","0.25297245904379795"
"998","0.2529564337007347","0.2529564337007347","0.2529564337007347"
"999","0.2529469573740406","0.2529469573740406","0.2529469573740406"
"1000","0.2529322916666666","0.2529322916666666","0.2529322916666666"
"1001","0.2529280615218114","0.2529280615218114","0.2529280615218114"
"1002","0.25291994136726537","0.25291994136726537","0.25291994136726537"
"1003","0.25290924102691914","0.25290924102691914","0.25290924102691914"
"1004","0.25288688994023895","0.25288688994023895","0.25288688994023895"
"1005","0.2528891998341624","0.2528891998341624","0.2528891998341624"
"1006","0.25290833126242535","0.25290833126242535","0.25290833126242535"
"1007","0.2529067361800727","0.2529067361800727","0.2529067361800727"
"1008","0.25289610201719565","0.25289610201719565","0.25289610201719565"
"1009","0.25288806987115947","0.25288806987115947","0.25288806987115947"
"1010","0.2528826320132012","0.2528826320132012","0.2528826320132012"
"1011","0.25286174991757326","0.25286174991757326","0.25286174991757326"
"1012","0.2528537755270091","0.2528537755270091","0.2528537755270091"
"1013","0.2528278216518591","0.2528278216518591","0.2528278216518591"
"1014","0.25280833949704135","0.25280833949704135","0.25280833949704135"
"1015","0.2527901785714285","0.2527901785714285","0.2527901785714285"
"1016","0.2527848691765091","0.2527848691765091","0.2527848691765091"
"1017","0.25278725213044895","0.25278725213044895","0.25278725213044895"
"1018","0.2527742816797641","0.2527742816797641","0.2527742816797641"
"1019","0.2527856149820084","0.2527856149820084","0.2527856149820084"
"1020","0.25278160743464045","0.25278160743464045","0.25278160743464045"
"1021","0.2527763324355206","0.2527763324355206","0.2527763324355206"
"1022","0.2527494088388779","0.2527494088388779","0.2527494088388779"
"1023","0.25273017473118276","0.25273017473118276","0.25273017473118276"
"1024","0.25271733601888013","0.25271733601888013","0.25271733601888013"
"1025","0.2527096036585365","0.2527096036585365","0.2527096036585365"
"1026","0.2527221917641325","0.2527221917641325","0.2527221917641325"
"1027","0.25269798766634205","0.25269798766634205","0.25269798766634205"
"1028","0.2527016962548638","0.2527016962548638","0.2527016962548638"
"1029","0.2526978053126012","0.2526978053126012","0.2526978053126012"
"1030","0.2527128843042071","0.2527128843042071","0.2527128843042071"
"1031","0.2527190935176204","0.2527190935176204","0.2527190935176204"
"1032","0.25272024386304903","0.25272024386304903","0.25272024386304903"
"1033","0.2527302153920619","0.2527302153920619","0.2527302153920619"
"1034","0.2527300934880722","0.2527300934880722","0.2527300934880722"
"1035","0.25273122987117547","0.25273122987117547","0.25273122987117547"
"1036","0.2527235662001287","0.2527235662001287","0.2527235662001287"
"1037","0.25273977418836385","0.25273977418836385","0.25273977418836385"
"1038","0.2527346258831085","0.2527346258831085","0.2527346258831085"
"1039","0.2527520452358036","0.2527520452358036","0.2527520452358036"
"1040","0.2527519030448718","0.2527519030448718","0.2527519030448718"
"1041","0.2527279959173871","0.2527279959173871","0.2527279959173871"
"1042","0.252714131477927","0.252714131477927","0.252714131477927"
"1043","0.25272026805688713","0.25272026805688713","0.25272026805688713"
"1044","0.25271267361111105","0.25271267361111105","0.25271267361111105"
"1045","0.2526938795853269","0.2526938795853269","0.2526938795853269"
"1046","0.2526763663161249","0.2526763663161249","0.2526763663161249"
"1047","0.25267381009232726","0.25267381009232726","0.25267381009232726"
"1048","0.2526687738549618","0.2526687738549618","0.2526687738549618"
"1049","0.2526600234350174","0.2526600234350174","0.2526600234350174"
"1050","0.2526525297619047","0.2526525297619047","0.2526525297619047"
"1051","0.2526400947510307","0.2526400947510307","0.2526400947510307"
"1052","0.2526524378168567","0.2526524378168567","0.2526524378168567"
"1053","0.25264868233618226","0.25264868233618226","0.25264868233618226"
"1054","0.25264122786211257","0.25264122786211257","0.25264122786211257"
"1055","0.2526411927330174","0.2526411927330174","0.2526411927330174"
"1056","0.25263745857007575","0.25263745857007575","0.25263745857007575"
"1057","0.2526140216020183","0.2526140216020183","0.2526140216020183"
"1058","0.2525955517485822","0.2525955517485822","0.2525955517485822"
"1059","0.2526017075857727","0.2526017075857727","0.2526017075857727"
"1060","0.25258819772012575","0.25258819772012575","0.25258819772012575"
"1061","0.25256489553879985","0.25256489553879985","0.25256489553879985"
"1062","0.2525686107187696","0.2525686107187696","0.2525686107187696"
"1063","0.25253679640953275","0.25253679640953275","0.25253679640953275"
"1064","0.25252339833959897","0.25252339833959897","0.25252339833959897"
"1065","0.2525222515649452","0.2525222515649452","0.2525222515649452"
"1066","0.25253087867417134","0.25253087867417134","0.25253087867417134"
"1067","0.2525358286472977","0.2525358286472977","0.2525358286472977"
"1068","0.2525249200218477","0.2525249200218477","0.2525249200218477"
"1069","0.2525176859214219","0.2525176859214219","0.2525176859214219"
"1070","0.25250681464174457","0.25250681464174457","0.25250681464174457"
"1071","0.25251420012449427","0.25251420012449427","0.25251420012449427"
"1072","0.2525057816386816","0.2525057816386816","0.2525057816386816"
"1073","0.25251194082013045","0.25251194082013045","0.25251194082013045"
"1074","0.2525035401148355","0.2525035401148355","0.2525035401148355"
"1075","0.25249757751937985","0.25249757751937985","0.25249757751937985"
"1076","0.25250009680916974","0.25250009680916974","0.25250009680916974"
"1077","0.25249173050139273","0.25249173050139273","0.25249173050139273"
"1078","0.2524688852813852","0.2524688852813852","0.2524688852813852"
"1079","0.25245211615693536","0.25245211615693536","0.25245211615693536"
"1080","0.2524353780864197","0.2524353780864197","0.2524353780864197"
"1081","0.25242228453592347","0.25242228453592347","0.25242228453592347"
"1082","0.2524140288046826","0.2524140288046826","0.2524140288046826"
"1083","0.2524154066635887","0.2524154066635887","0.2524154066635887"
"1084","0.25240957487699867","0.25240957487699867","0.25240957487699867"
"1085","0.2523905529953916","0.2523905529953916","0.2523905529953916"
"1086","0.2523823568907304","0.2523823568907304","0.2523823568907304"
"1087","0.2523765716038024","0.2523765716038024","0.2523765716038024"
"1088","0.2523779775582107","0.2523779775582107","0.2523779775582107"
"1089","0.2523734025864706","0.2523734025864706","0.2523734025864706"
"1090","0.25236883600917415","0.25236883600917415","0.25236883600917415"
"1091","0.25235950389550854","0.25235950389550854","0.25235950389550854"
"1092","0.25235376602564086","0.25235376602564086","0.25235376602564086"
"1093","0.25234327348276897","0.25234327348276897","0.25234327348276897"
"1094","0.25232208828458247","0.25232208828458247","0.25232208828458247"
"1095","0.25230332001522054","0.25230332001522054","0.25230332001522054"
"1096","0.25230597057481735","0.25230597057481735","0.25230597057481735"
"1097","0.25230030765724687","0.25230030765724687","0.25230030765724687"
"1098","0.25228279637219175","0.25228279637219175","0.25228279637219175"
"1099","0.252275980057628","0.252275980057628","0.252275980057628"
"1100","0.2522703598484847","0.2522703598484847","0.2522703598484847"
"1101","0.25227066303360574","0.25227066303360574","0.25227066303360574"
"1102","0.25225796846642456","0.25225796846642456","0.25225796846642456"
"1103","0.25225828233605313","0.25225828233605313","0.25225828233605313"
"1104","0.25225269852053134","0.25225269852053134","0.25225269852053134"
"1105","0.25225537330316733","0.25225537330316733","0.25225537330316733"
"1106","0.2522545113773356","0.2522545113773356","0.2522545113773356"
"1107","0.2522560034628123","0.2522560034628123","0.2522560034628123"
"1108","0.2522527921931407","0.2522527921931407","0.2522527921931407"
"1109","0.252253109032161","0.252253109032161","0.252253109032161"
"1110","0.25224404091591585","0.25224404091591585","0.25224404091591585"
"1111","0.2522349891239123","0.2522349891239123","0.2522349891239123"
"1112","0.25222946642685845","0.25222946642685845","0.25222946642685845"
"1113","0.252222783767595","0.252222783767595","0.252222783767595"
"1114","0.25221260659784556","0.25221260659784556","0.25221260659784556"
"1115","0.25220244768310907","0.25220244768310907","0.25220244768310907"
"1116","0.25220164090501784","0.25220164090501784","0.25220164090501784"
"1117","0.25220083557147116","0.25220083557147116","0.25220083557147116"
"1118","0.2521802325581395","0.2521802325581395","0.2521802325581395"
"1119","0.25217712056896036","0.25217712056896036","0.25217712056896036"
"1120","0.2521751767113095","0.2521751767113095","0.2521751767113095"
"1121","0.2521743978590544","0.2521743978590544","0.2521743978590544"
"1122","0.2521585338680926","0.2521585338680926","0.2521585338680926"
"1123","0.2521380602552686","0.2521380602552686","0.2521380602552686"
"1124","0.2521349996293001","0.2521349996293001","0.2521349996293001"
"1125","0.2521145833333333","0.2521145833333333","0.2521145833333333"
"1126","0.2521127053730018","0.2521127053730018","0.2521127053730018"
"1127","0.2521142968056788","0.2521142968056788","0.2521142968056788"
"1128","0.2521031877955083","0.2521031877955083","0.2521031877955083"
"1129","0.2521047848390906","0.2521047848390906","0.2521047848390906"
"1130","0.2520983130530973","0.2520983130530973","0.2520983130530973"
"1131","0.2520941552460949","0.2520941552460949","0.2520941552460949"
"1132","0.25208540378386335","0.25208540378386335","0.25208540378386335"
"1133","0.2520686231244484","0.2520686231244484","0.2520686231244484"
"1134","0.25206220605526164","0.25206220605526164","0.25206220605526164"
"1135","0.25206612518355365","0.25206612518355365","0.25206612518355365"
"1136","0.2520792070129108","0.2520792070129108","0.2520792070129108"
"1137","0.2520808139108766","0.2520808139108766","0.2520808139108766"
"1138","0.2520812737990627","0.2520812737990627","0.2520812737990627"
"1139","0.252079446517413","0.252079446517413","0.252079446517413"
"1140","0.2520650584795322","0.2520650584795322","0.2520650584795322"
"1141","0.25207237803096705","0.25207237803096705","0.25207237803096705"
"1142","0.2520728436952715","0.2520728436952715","0.2520728436952715"
"1143","0.2520664734616507","0.2520664734616507","0.2520664734616507"
"1144","0.2520726343968532","0.2520726343968532","0.2520726343968532"
"1145","0.2520605895196507","0.2520605895196507","0.2520605895196507"
"1146","0.25205424665503207","0.25205424665503207","0.25205424665503207"
"1147","0.2520513204736996","0.2520513204736996","0.2520513204736996"
"1148","0.252048399390244","0.252048399390244","0.252048399390244"
"1149","0.25203981723237606","0.25203981723237606","0.25203981723237606"
"1150","0.2520278532608697","0.2520278532608697","0.2520278532608697"
"1151","0.25202835396756457","0.25202835396756457","0.25202835396756457"
"1152","0.25202320240162046","0.25202320240162046","0.25202320240162046"
"1153","0.25200902536860376","0.25200902536860376","0.25200902536860376"
"1154","0.2520005145147315","0.2520005145147315","0.2520005145147315"
"1155","0.25199878246753254","0.25199878246753254","0.25199878246753254"
"1156","0.25198241061130344","0.25198241061130344","0.25198241061130344"
"1157","0.2519818226015558","0.2519818226015558","0.2519818226015558"
"1158","0.2519789867587796","0.2519789867587796","0.2519789867587796"
"1159","0.2519772792637332","0.2519772792637332","0.2519772792637332"
"1160","0.25196547234195416","0.25196547234195416","0.25196547234195416"
"1161","0.2519604148722367","0.2519604148722367","0.2519604148722367"
"1162","0.2519564866609295","0.2519564866609295","0.2519564866609295"
"1163","0.2519335321725424","0.2519335321725424","0.2519335321725424"
"1164","0.2519262779209623","0.2519262779209623","0.2519262779209623"
"1165","0.2519290951359085","0.2519290951359085","0.2519290951359085"
"1166","0.2519218571326473","0.2519218571326473","0.2519218571326473"
"1167","0.2519257890602686","0.2519257890602686","0.2519257890602686"
"1168","0.2519297142551371","0.2519297142551371","0.2519297142551371"
"1169","0.25190912817222705","0.25190912817222705","0.25190912817222705"
"1170","0.25188969017094026","0.25188969017094026","0.25188969017094026"
"1171","0.25187695701679486","0.25187695701679486","0.25187695701679486"
"1172","0.2518720225398181","0.2518720225398181","0.2518720225398181"
"1173","0.2518637663398694","0.2518637663398694","0.2518637663398694"
"1174","0.25185330600511086","0.25185330600511086","0.25185330600511086"
"1175","0.25184175531914904","0.25184175531914904","0.25184175531914904"
"1176","0.2518280098497733","0.2518280098497733","0.2518280098497733"
"1177","0.2518054375531012","0.2518054375531012","0.2518054375531012"
"1178","0.2517950622524053","0.2517950622524053","0.2517950622524053"
"1179","0.2517902265337858","0.2517902265337858","0.2517902265337858"
"1180","0.25179091631355943","0.25179091631355943","0.25179091631355943"
"1181","0.2517662468247249","0.2517662468247249","0.2517662468247249"
"1182","0.2517559397913142","0.2517559397913142","0.2517559397913142"
"1183","0.2517467508453086","0.2517467508453086","0.2517467508453086"
"1184","0.2517364776886262","0.2517364776886262","0.2517364776886262"
"1185","0.2517284194796063","0.2517284194796063","0.2517284194796063"
"1186","0.251718179103429","0.251718179103429","0.251718179103429"
"1187","0.2517200224655996","0.2517200224655996","0.2517200224655996"
"1188","0.2517196706649832","0.2517196706649832","0.2517196706649832"
"1189","0.25171603413232413","0.25171603413232413","0.25171603413232413"
"1190","0.25171787464985995","0.25171787464985995","0.25171787464985995"
"1191","0.25169893996641485","0.25169893996641485","0.25169893996641485"
"1192","0.25170406879194634","0.25170406879194634","0.25170406879194634"
"1193","0.25170482327465776","0.25170482327465776","0.25170482327465776"
"1194","0.2517055764935791","0.2517055764935791","0.2517055764935791"
"1195","0.2516899843096235","0.2516899843096235","0.2516899843096235"
"1196","0.2516874825808251","0.2516874825808251","0.2516874825808251"
"1197","0.25168498503202463","0.25168498503202463","0.25168498503202463"
"1198","0.25167270972454103","0.25167270972454103","0.25167270972454103"
"1199","0.2516745725604672","0.2516745725604672","0.2516745725604672"
"1200","0.25166883680555574","0.25166883680555574","0.25166883680555574"
"1201","0.25165985810435765","0.25165985810435765","0.25165985810435765"
"1202","0.25165522739878","0.25165522739878","0.25165522739878"
"1203","0.25164952202826285","0.25164952202826285","0.25164952202826285"
"1204","0.25165139638704337","0.25165139638704337","0.25165139638704337"
"1205","0.2516359785615493","0.2516359785615493","0.2516359785615493"
"1206","0.2516464984107244","0.2516464984107244","0.2516464984107244"
"1207","0.25164729183927115","0.25164729183927115","0.25164729183927115"
"1208","0.2516405387693159","0.2516405387693159","0.2516405387693159"
"1209","0.2516456437827408","0.2516456437827408","0.2516456437827408"
"1210","0.2516389032369148","0.2516389032369148","0.2516389032369148"
"1211","0.251603143063584","0.251603143063584","0.251603143063584"
"1212","0.25160396899064924","0.25160396899064924","0.25160396899064924"
"1213","0.25159513259137145","0.25159513259137145","0.25159513259137145"
"1214","0.2515927460873149","0.2515927460873149","0.2515927460873149"
"1215","0.25157214506172865","0.25157214506172865","0.25157214506172865"
"1216","0.25155264871162303","0.25155264871162303","0.25155264871162303"
"1217","0.25154174370035626","0.25154174370035626","0.25154174370035626"
"1218","0.25153833983305984","0.25153833983305984","0.25153833983305984"
"1219","0.25151357841126626","0.25151357841126626","0.25151357841126626"
"1220","0.2514984631147543","0.2514984631147543","0.2514984631147543"
"1221","0.25149936868686895","0.25149936868686895","0.25149936868686895"
"1222","0.2514928140343701","0.2514928140343701","0.2514928140343701"
"1223","0.25146710615971674","0.25146710615971674","0.25146710615971674"
"1224","0.2514680351307192","0.2514680351307192","0.2514680351307192"
"1225","0.2514540816326533","0.2514540816326533","0.2514540816326533"
"1226","0.25144864736269734","0.25144864736269734","0.25144864736269734"
"1227","0.2514283652540073","0.2514283652540073","0.2514283652540073"
"1228","0.25142084011943566","0.25142084011943566","0.25142084011943566"
"1229","0.25140591097097936","0.25140591097097936","0.25140591097097936"
"1230","0.25139100609756126","0.25139100609756126","0.25139100609756126"
"1231","0.2513867028838346","0.2513867028838346","0.2513867028838346"
"1232","0.2513845204274895","0.2513845204274895","0.2513845204274895"
"1233","0.2513633329954045","0.2513633329954045","0.2513633329954045"
"1234","0.25136117301458705","0.25136117301458705","0.25136117301458705"
"1235","0.25136007085020273","0.25136007085020273","0.25136007085020273"
"1236","0.2513515962108957","0.2513515962108957","0.2513515962108957"
"1237","0.2513473457289144","0.2513473457289144","0.2513473457289144"
"1238","0.25134415387722164","0.25134415387722164","0.25134415387722164"
"1239","0.2513357126042511","0.2513357126042511","0.2513357126042511"
"1240","0.2513178343413982","0.2513178343413982","0.2513178343413982"
"1241","0.25131467398603313","0.25131467398603313","0.25131467398603313"
"1242","0.2512915995705854","0.2512915995705854","0.2512915995705854"
"1243","0.2512758950120679","0.2512758950120679","0.2512758950120679"
"1244","0.2512717293006434","0.2512717293006434","0.2512717293006434"
"1245","0.2512508366800539","0.2512508366800539","0.2512508366800539"
"1246","0.25124251772338185","0.25124251772338185","0.25124251772338185"
"1247","0.2512321237636999","0.2512321237636999","0.2512321237636999"
"1248","0.25121757311698756","0.25121757311698756","0.25121757311698756"
"1249","0.25122181078195926","0.25122181078195926","0.25122181078195926"
"1250","0.2512114583333337","0.2512114583333337","0.2512114583333337"
"1251","0.25120320410338437","0.25120320410338437","0.25120320410338437"
"1252","0.2511939230564434","0.2511939230564434","0.2511939230564434"
"1253","0.2511815393056668","0.2511815393056668","0.2511815393056668"
"1254","0.25116917530568883","0.25116917530568883","0.25116917530568883"
"1255","0.2511537184594957","0.2511537184594957","0.2511537184594957"
"1256","0.25114243298832306","0.25114243298832306","0.25114243298832306"
"1257","0.2511446317289847","0.2511446317289847","0.2511446317289847"
"1258","0.25113751159247516","0.25113751159247516","0.25113751159247516"
"1259","0.25111695790309807","0.25111695790309807","0.25111695790309807"
"1260","0.25111400462962996","0.25111400462962996","0.25111400462962996"
"1261","0.25110486056040215","0.25110486056040215","0.25110486056040215"
"1262","0.2511029533148445","0.2511029533148445","0.2511029533148445"
"1263","0.2510989871997892","0.2510989871997892","0.2510989871997892"
"1264","0.2510816356803801","0.2510816356803801","0.2510816356803801"
"1265","0.25107048748353133","0.25107048748353133","0.25107048748353133"
"1266","0.2510521573854664","0.2510521573854664","0.2510521573854664"
"1267","0.2510441331228628","0.2510441331228628","0.2510441331228628"
"1268","0.2510186645636176","0.2510186645636176","0.2510186645636176"
"1269","0.25101683576306844","0.25101683576306844","0.25101683576306844"
"1270","0.2510180856299217","0.2510180856299217","0.2510180856299217"
"1271","0.25101113788355667","0.25101113788355667","0.25101113788355667"
"1272","0.2509888463050319","0.2509888463050319","0.2509888463050319"
"1273","0.2509788639041638","0.2509788639041638","0.2509788639041638"
"1274","0.2509668530873892","0.2509668530873892","0.2509668530873892"
"1275","0.25096405228758206","0.25096405228758206","0.25096405228758206"
"1276","0.2509561536703243","0.2509561536703243","0.2509561536703243"
"1277","0.25094826742364956","0.25094826742364956","0.25094826742364956"
"1278","0.2509465065858116","0.2509465065858116","0.2509465065858116"
"1279","0.25094576654938794","0.25094576654938794","0.25094576654938794"
"1280","0.2509256998697921","0.2509256998697921","0.2509256998697921"
"1281","0.25092599368982604","0.25092599368982604","0.25092599368982604"
"1282","0.25092527138585585","0.25092527138585585","0.25092527138585585"
"1283","0.25093469894777903","0.25093469894777903","0.25093469894777903"
"1284","0.25092788648753933","0.25092788648753933","0.25092788648753933"
"1285","0.25093121757457887","0.25093121757457887","0.25093121757457887"
"1286","0.2509223934033181","0.2509223934033181","0.2509223934033181"
"1287","0.2509135829448333","0.2509135829448333","0.2509135829448333"
"1288","0.25089872056159457","0.25089872056159457","0.25089872056159457"
"1289","0.2509000436384798","0.2509000436384798","0.2509000436384798"
"1290","0.25088117732558174","0.25088117732558174","0.25088117732558174"
"1291","0.25087040892073365","0.25087040892073365","0.25087040892073365"
"1292","0.25087981327399417","0.25087981327399417","0.25087981327399417"
"1293","0.25086906258056235","0.25086906258056235","0.25086906258056235"
"1294","0.25086738472436926","0.25086738472436926","0.25086738472436926"
"1295","0.25086269305019343","0.25086269305019343","0.25086269305019343"
"1296","0.2508720743312761","0.2508720743312761","0.2508720743312761"
"1297","0.2508653784374201","0.2508653784374201","0.2508653784374201"
"1298","0.25084765825629207","0.25084765825629207","0.25084765825629207"
"1299","0.2508319701052095","0.2508319701052095","0.2508319701052095"
"1300","0.2507962740384619","0.2507962740384619","0.2507962740384619"
"1301","0.2507856536638487","0.2507856536638487","0.2507856536638487"
"1302","0.25078505024321596","0.25078505024321596","0.25078505024321596"
"1303","0.2507754540803278","0.2507754540803278","0.2507754540803278"
"1304","0.25077186381646255","0.25077186381646255","0.25077186381646255"
"1305","0.2507592991698599","0.2507592991698599","0.2507592991698599"
"1306","0.2507537327718227","0.2507537327718227","0.2507537327718227"
"1307","0.2507551485590414","0.2507551485590414","0.2507551485590414"
"1308","0.2507495938455661","0.2507495938455661","0.2507495938455661"
"1309","0.2507420581869115","0.2507420581869115","0.2507420581869115"
"1310","0.2507365219465652","0.2507365219465652","0.2507365219465652"
"1311","0.25072404176201407","0.25072404176201407","0.25072404176201407"
"1312","0.25071555036839466","0.25071555036839466","0.25071555036839466"
"1313","0.25069219662350883","0.25069219662350883","0.25069219662350883"
"1314","0.2506906789066467","0.2506906789066467","0.2506906789066467"
"1315","0.250690153675539","0.250690153675539","0.250690153675539"
"1316","0.2506728090172242","0.2506728090172242","0.2506728090172242"
"1317","0.25067921886864114","0.25067921886864114","0.25067921886864114"
"1318","0.25067870352807314","0.25067870352807314","0.25067870352807314"
"1319","0.2506791761435434","0.2506791761435434","0.2506791761435434"
"1320","0.25068162089646495","0.25068162089646495","0.25068162089646495"
"1321","0.2506732194675753","0.2506732194675753","0.2506732194675753"
"1322","0.25065399646999525","0.25065399646999525","0.25065399646999525"
"1323","0.2506229922524568","0.2506229922524568","0.2506229922524568"
"1324","0.2506176044813699","0.2506176044813699","0.2506176044813699"
"1325","0.25061615566037765","0.25061615566037765","0.25061615566037765"
"1326","0.25061176313474137","0.25061176313474137","0.25061176313474137"
"1327","0.2506083584526504","0.2506083584526504","0.2506083584526504"
"1328","0.2505873101782132","0.2505873101782132","0.2505873101782132"
"1329","0.2505702125658393","0.2505702125658393","0.2505702125658393"
"1330","0.2505619517543862","0.2505619517543862","0.2505619517543862"
"1331","0.25055468163035344","0.25055468163035344","0.25055468163035344"
"1332","0.250553287662663","0.250553287662663","0.250553287662663"
"1333","0.2505440813328335","0.2505440813328335","0.2505440813328335"
"1334","0.25052805628435815","0.25052805628435815","0.25052805628435815"
"1335","0.25051790730337115","0.25051790730337115","0.25051790730337115"
"1336","0.25049705276946144","0.25049705276946144","0.25049705276946144"
"1337","0.25048109885315417","0.25048109885315417","0.25048109885315417"
"1338","0.250482685600399","0.250482685600399","0.250482685600399"
"1339","0.2504745456808567","0.2504745456808567","0.2504745456808567"
"1340","0.25046836131840833","0.25046836131840833","0.25046836131840833"
"1341","0.2504612152000998","0.2504612152000998","0.2504612152000998"
"1342","0.2504599012667664","0.2504599012667664","0.2504599012667664"
"1343","0.2504556806899979","0.2504556806899979","0.2504556806899979"
"1344","0.25044080946180597","0.25044080946180597","0.25044080946180597"
"1345","0.2504288646220574","0.2504288646220574","0.2504288646220574"
"1346","0.2504343502352654","0.2504343502352654","0.2504343502352654"
"1347","0.2504340277777782","0.2504340277777782","0.2504340277777782"
"1348","0.25042597830118735","0.25042597830118735","0.25042597830118735"
"1349","0.2504189059797385","0.2504189059797385","0.2504189059797385"
"1350","0.25041859567901276","0.25041859567901276","0.25041859567901276"
"1351","0.2504038289538617","0.2504038289538617","0.2504038289538617"
"1352","0.25039775178747575","0.25039775178747575","0.25039775178747575"
"1353","0.25039649544222753","0.25039649544222753","0.25039649544222753"
"1354","0.25039427929591374","0.25039427929591374","0.25039427929591374"
"1355","0.2503978321033214","0.2503978321033214","0.2503978321033214"
"1356","0.25040041943215374","0.25040041943215374","0.25040041943215374"
"1357","0.2504058815401625","0.2504058815401625","0.2504058815401625"
"1358","0.25039599441580795","0.25039599441580795","0.25039599441580795"
"1359","0.2503784568923232","0.2503784568923232","0.2503784568923232"
"1360","0.2503686044730396","0.2503686044730396","0.2503686044730396"
"1361","0.2503597232427141","0.2503597232427141","0.2503597232427141"
"1362","0.25035945912873264","0.25035945912873264","0.25035945912873264"
"1363","0.25034582110540515","0.25034582110540515","0.25034582110540515"
"1364","0.25033220307917925","0.25033220307917925","0.25033220307917925"
"1365","0.2503205128205132","0.2503205128205132","0.2503205128205132"
"1366","0.25030693326012726","0.25030693326012726","0.25030693326012726"
"1367","0.2502905160326753","0.2502905160326753","0.2502905160326753"
"1368","0.2502760264376222","0.2502760264376222","0.2502760264376222"
"1369","0.2502710692111033","0.2502710692111033","0.2502710692111033"
"1370","0.25024711070559646","0.25024711070559646","0.25024711070559646"
"1371","0.25024408126671566","0.25024408126671566","0.25024408126671566"
"1372","0.2502420052842569","0.2502420052842569","0.2502420052842569"
"1373","0.25023993232580755","0.25023993232580755","0.25023993232580755"
"1374","0.2502321764313443","0.2502321764313443","0.2502321764313443"
"1375","0.25024526515151546","0.25024526515151546","0.25024526515151546"
"1376","0.25023940921753907","0.25023940921753907","0.25023940921753907"
"1377","0.2502259970346166","0.2502259970346166","0.2502259970346166"
"1378","0.2502069348693762","0.2502069348693762","0.2502069348693762"
"1379","0.25020395213923163","0.25020395213923163","0.25020395213923163"
"1380","0.25019719957729497","0.25019719957729497","0.25019719957729497"
"1381","0.2501838568066621","0.2501838568066621","0.2501838568066621"
"1382","0.25019126115533075","0.25019126115533075","0.25019126115533075"
"1383","0.25017700048204417","0.25017700048204417","0.25017700048204417"
"1384","0.25016464203998107","0.25016464203998107","0.25016464203998107"
"1385","0.25016452316486193","0.25016452316486193","0.25016452316486193"
"1386","0.25015876773689305","0.25015876773689305","0.25015876773689305"
"1387","0.25015959204518173","0.25015959204518173","0.25015959204518173"
"1388","0.2501576008645536","0.2501576008645536","0.2501576008645536"
"1389","0.2501443634509242","0.2501443634509242","0.2501443634509242"
"1390","0.25013770233812976","0.25013770233812976","0.25013770233812976"
"1391","0.2501497723460343","0.2501497723460343","0.2501497723460343"
"1392","0.25014779394157116","0.25014779394157116","0.25014779394157116"
"1393","0.2501355363125152","0.2501355363125152","0.2501355363125152"
"1394","0.2501270325203255","0.2501270325203255","0.2501270325203255"
"1395","0.25013254181600986","0.25013254181600986","0.25013254181600986"
"1396","0.2501371104942696","0.2501371104942696","0.2501371104942696"
"1397","0.25014353674540707","0.25014353674540707","0.25014353674540707"
"1398","0.2501369143419173","0.2501369143419173","0.2501369143419173"
"1399","0.2501321628544201","0.2501321628544201","0.2501321628544201"
"1400","0.25013485863095264","0.25013485863095264","0.25013485863095264"
"1401","0.250136621163455","0.250136621163455","0.250136621163455"
"1402","0.25012352145744204","0.25012352145744204","0.25012352145744204"
"1403","0.25010951235447876","0.25010951235447876","0.25010951235447876"
"1404","0.25011778104226046","0.25011778104226046","0.25011778104226046"
"1405","0.2501084297153028","0.2501084297153028","0.2501084297153028"
"1406","0.2501120569582743","0.2501120569582743","0.2501120569582743"
"1407","0.25010827558635423","0.25010827558635423","0.25010827558635423"
"1408","0.25010172526041696","0.25010172526041696","0.25010172526041696"
"1409","0.2501016530636388","0.2501016530636388","0.2501016530636388"
"1410","0.2500978871158396","0.2500978871158396","0.2500978871158396"
"1411","0.25008674403496367","0.25008674403496367","0.25008674403496367"
"1412","0.2500710059608124","0.2500710059608124","0.2500710059608124"
"1413","0.25008293524416164","0.25008293524416164","0.25008293524416164"
"1414","0.2500773514851488","0.2500773514851488","0.2500773514851488"
"1415","0.25006901501766815","0.25006901501766815","0.25006901501766815"
"1416","0.25006620762711895","0.25006620762711895","0.25006620762711895"
"1417","0.2500661609033171","0.2500661609033171","0.2500661609033171"
"1418","0.2500560134579222","0.2500560134579222","0.2500560134579222"
"1419","0.25005230355884456","0.25005230355884456","0.25005230355884456"
"1420","0.25005776848591577","0.25005776848591577","0.25005776848591577"
"1421","0.25004581574008944","0.25004581574008944","0.25004581574008944"
"1422","0.2500384581575249","0.2500384581575249","0.2500384581575249"
"1423","0.25001647048489134","0.25001647048489134","0.25001647048489134"
"1424","0.25001371576544973","0.25001371576544973","0.25001371576544973"
"1425","0.25002010233918154","0.25002010233918154","0.25002010233918154"
"1426","0.2500155227325856","0.2500155227325856","0.2500155227325856"
"1427","0.2500000000000002","0.2500000000000002","0.2500000000000002"
"1428","0.2499917935924372","0.2499917935924372","0.2499917935924372"
"1429","0.249989976965244","0.249989976965244","0.249989976965244"
"1430","0.24997905740093262","0.24997905740093262","0.24997905740093262"
"1431","0.24998817115071068","0.24998817115071068","0.24998817115071068"
"1432","0.249985451582868","0.249985451582868","0.249985451582868"
"1433","0.2499654716213075","0.2499654716213075","0.2499654716213075"
"1434","0.2499573236285451","0.2499573236285451","0.2499573236285451"
"1435","0.24995826074332192","0.24995826074332192","0.24995826074332192"
"1436","0.24995103586350995","0.24995103586350995","0.24995103586350995"
"1437","0.2499447271514732","0.2499447271514732","0.2499447271514732"
"1438","0.24992484498145595","0.24992484498145595","0.24992484498145595"
"1439","0.24991765838545307","0.24991765838545307","0.24991765838545307"
"1440","0.24991590711805575","0.24991590711805575","0.24991590711805575"
"1441","0.24991777266944273","0.24991777266944273","0.24991777266944273"
"1442","0.2499087999884422","0.2499087999884422","0.2499087999884422"
"1443","0.24989983974358998","0.24989983974358998","0.24989983974358998"
"1444","0.2499017125461683","0.2499017125461683","0.2499017125461683"
"1445","0.2499017805651675","0.2499017805651675","0.2499017805651675"
"1446","0.24989644565467983","0.24989644565467983","0.24989644565467983"
"1447","0.24988211961529627","0.24988211961529627","0.24988211961529627"
"1448","0.24986601490561722","0.24986601490561722","0.24986601490561722"
"1449","0.2498571212905455","0.2498571212905455","0.2498571212905455"
"1450","0.24983926005747153","0.24983926005747153","0.24983926005747153"
"1451","0.24983667872731477","0.24983667872731477","0.24983667872731477"
"1452","0.24984665547520687","0.24984665547520687","0.24984665547520687"
"1453","0.2498404880706587","0.2498404880706587","0.2498404880706587"
"1454","0.24983343363136204","0.24983343363136204","0.24983343363136204"
"1455","0.24981743986254323","0.24981743986254323","0.24981743986254323"
"1456","0.24980057377518344","0.24980057377518344","0.24980057377518344"
"1457","0.24979534860443864","0.24979534860443864","0.24979534860443864"
"1458","0.2497963820301786","0.2497963820301786","0.2497963820301786"
"1459","0.24978402730180516","0.24978402730180516","0.24978402730180516"
"1460","0.24977971603881302","0.24977971603881302","0.24977971603881302"
"1461","0.24975491244581363","0.24975491244581363","0.24975491244581363"
"1462","0.24973904896260857","0.24973904896260857","0.24973904896260857"
"1463","0.24972765721121012","0.24972765721121012","0.24972765721121012"
"1464","0.24973495844717697","0.24973495844717697","0.24973495844717697"
"1465","0.249727140216155","0.249727140216155","0.249727140216155"
"1466","0.24972910271714446","0.24972910271714446","0.24972910271714446"
"1467","0.2497257370483984","0.2497257370483984","0.2497257370483984"
"1468","0.24973656760899213","0.24973656760899213","0.24973656760899213"
"1469","0.2497225649534834","0.2497225649534834","0.2497225649534834"
"1470","0.24970680980725657","0.24970680980725657","0.24970680980725657"
"1471","0.24971054979605742","0.24971054979605742","0.24971054979605742"
"1472","0.24971340013586987","0.24971340013586987","0.24971340013586987"
"1473","0.24971624660556718","0.24971624660556718","0.24971624660556718"
"1474","0.24970848880597046","0.24970848880597046","0.24970848880597046"
"1475","0.2497069209039551","0.2497069209039551","0.2497069209039551"
"1476","0.2497071194670283","0.2497071194670283","0.2497071194670283"
"1477","0.2497002651771612","0.2497002651771612","0.2497002651771612"
"1478","0.24968372942038822","0.24968372942038822","0.24968372942038822"
"1479","0.24967513945233297","0.24967513945233297","0.24967513945233297"
"1480","0.24966656109234267","0.24966656109234267","0.24966656109234267"
"1481","0.2496571151249159","0.2496571151249159","0.2496571151249159"
"1482","0.24965383209626663","0.24965383209626663","0.24965383209626663"
"1483","0.24965143150146132","0.24965143150146132","0.24965143150146132"
"1484","0.24964113741015306","0.24964113741015306","0.24964113741015306"
"1485","0.2496343644781148","0.2496343644781148","0.2496343644781148"
"1486","0.249627600661732","0.249627600661732","0.249627600661732"
"1487","0.24961559207576806","0.24961559207576806","0.24961559207576806"
"1488","0.24961760052643397","0.24961760052643397","0.24961760052643397"
"1489","0.24962135521602893","0.24962135521602893","0.24962135521602893"
"1490","0.24961811381431798","0.24961811381431798","0.24961811381431798"
"1491","0.24960439721663344","0.24960439721663344","0.24960439721663344"
"1492","0.24960989862600566","0.24960989862600566","0.24960989862600566"
"1493","0.249607543536504","0.249607543536504","0.249607543536504"
"1494","0.2496078062248999","0.2496078062248999","0.2496078062248999"
"1495","0.2496124233556302","0.2496124233556302","0.2496124233556302"
"1496","0.24961616393716607","0.24961616393716607","0.24961616393716607"
"1497","0.2496112015698066","0.2496112015698066","0.2496112015698066"
"1498","0.24960798425678715","0.24960798425678715","0.24960798425678715"
"1499","0.24960129669779885","0.24960129669779885","0.24960129669779885"
"1500","0.24959461805555586","0.24959461805555586","0.24959461805555586"
"1501","0.24958968326671138","0.24958968326671138","0.24958968326671138"
"1502","0.2495864888482027","0.2495864888482027","0.2495864888482027"
"1503","0.24957463545131986","0.24957463545131986","0.24957463545131986"
"1504","0.24957318677969886","0.24957318677969886","0.24957318677969886"
"1505","0.2495674141749726","0.2495674141749726","0.2495674141749726"
"1506","0.24956510762505563","0.24956510762505563","0.24956510762505563"
"1507","0.2495576199955765","0.2495576199955765","0.2495576199955765"
"1508","0.24954496159372266","0.24954496159372266","0.24954496159372266"
"1509","0.24953490860393227","0.24953490860393227","0.24953490860393227"
"1510","0.24954211506622548","0.24954211506622548","0.24954211506622548"
"1511","0.24954155636443887","0.24954155636443887","0.24954155636443887"
"1512","0.24954099840167582","0.24954099840167582","0.24954099840167582"
"1513","0.2495180656532279","0.2495180656532279","0.2495180656532279"
"1514","0.2495132238000884","0.2495132238000884","0.2495132238000884"
"1515","0.24951870187018735","0.24951870187018735","0.24951870187018735"
"1516","0.2495190193491648","0.2495190193491648","0.2495190193491648"
"1517","0.24952191139310073","0.24952191139310073","0.24952191139310073"
"1518","0.249511933190602","0.249511933190602","0.249511933190602"
"1519","0.2495233980689053","0.2495233980689053","0.2495233980689053"
"1520","0.2495305646929828","0.2495305646929828","0.2495305646929828"
"1521","0.24952316869384208","0.24952316869384208","0.24952316869384208"
"1522","0.24950637182435423","0.24950637182435423","0.24950637182435423"
"1523","0.24950242120814212","0.24950242120814212","0.24950242120814212"
"1524","0.2494967670056871","0.2494967670056871","0.2494967670056871"
"1525","0.24949624316939922","0.24949624316939922","0.24949624316939922"
"1526","0.24949060042595053","0.24949060042595053","0.24949060042595053"
"1527","0.24948325965946333","0.24948325965946333","0.24948325965946333"
"1528","0.24947848494764432","0.24947848494764432","0.24947848494764432"
"1529","0.24947712284717713","0.24947712284717713","0.24947712284717713"
"1530","0.2494698052832247","0.2494698052832247","0.2494698052832247"
"1531","0.24947780590028337","0.24947780590028337","0.24947780590028337"
"1532","0.2494747470626635","0.2494747470626635","0.2494747470626635"
"1533","0.24947084284627125","0.24947084284627125","0.24947084284627125"
"1534","0.2494584555627991","0.2494584555627991","0.2494584555627991"
"1535","0.24944947747014146","0.24944947747014146","0.24944947747014146"
"1536","0.24944898817274339","0.24944898817274339","0.24944898817274339"
"1537","0.2494459580351337","0.2494459580351337","0.2494459580351337"
"1538","0.2494420852297359","0.2494420852297359","0.2494420852297359"
"1539","0.2494229884123893","0.2494229884123893","0.2494229884123893"
"1540","0.2494225175865804","0.2494225175865804","0.2494225175865804"
"1541","0.24941275281202716","0.24941275281202716","0.24941275281202716"
"1542","0.24940722276264624","0.24940722276264624","0.24940722276264624"
"1543","0.24940676306977783","0.24940676306977783","0.24940676306977783"
"1544","0.2494037740177033","0.2494037740177033","0.2494037740177033"
"1545","0.24940331715210393","0.24940331715210393","0.24940331715210393"
"1546","0.2493969652867619","0.2493969652867619","0.2493969652867619"
"1547","0.2493889382676151","0.2493889382676151","0.2493889382676151"
"1548","0.24937671592377297","0.24937671592377297","0.24937671592377297"
"1549","0.24936198757262787","0.24936198757262787","0.24936198757262787"
"1550","0.24936071908602186","0.24936071908602186","0.24936071908602186"
"1551","0.249363649795831","0.249363649795831","0.249363649795831"
"1552","0.24934811936211376","0.24934811936211376","0.24934811936211376"
"1553","0.24934518539386172","0.24934518539386172","0.24934518539386172"
"1554","0.24933722785285325","0.24933722785285325","0.24933722785285325"
"1555","0.24932844319399824","0.24932844319399824","0.24932844319399824"
"1556","0.2493355693016285","0.2493355693016285","0.2493355693016285"
"1557","0.24933348720830698","0.24933348720830698","0.24933348720830698"
"1558","0.2493305720474972","0.2493305720474972","0.2493305720474972"
"1559","0.24933016623904253","0.24933016623904253","0.24933016623904253"
"1560","0.2493164062500004","0.2493164062500004","0.2493164062500004"
"1561","0.24930600042707707","0.24930600042707707","0.24930600042707707"
"1562","0.2492947743277853","0.2492947743277853","0.2492947743277853"
"1563","0.24928356259330386","0.24928356259330386","0.24928356259330386"
"1564","0.2492748627983806","0.2492748627983806","0.2492748627983806"
"1565","0.24927782215122507","0.24927782215122507","0.24927782215122507"
"1566","0.24927994625372538","0.24927994625372538","0.24927994625372538"
"1567","0.24927791294405485","0.24927791294405485","0.24927791294405485"
"1568","0.2492642564838439","0.2492642564838439","0.2492642564838439"
"1569","0.24925559671765493","0.24925559671765493","0.24925559671765493"
"1570","0.2492585589171978","0.2492585589171978","0.2492585589171978"
"1571","0.24924659850413786","0.24924659850413786","0.24924659850413786"
"1572","0.2492437645780326","0.2492437645780326","0.2492437645780326"
"1573","0.24924010648442502","0.24924010648442502","0.24924010648442502"
"1574","0.24923314405972083","0.24923314405972083","0.24923314405972083"
"1575","0.24922701719576754","0.24922701719576754","0.24922701719576754"
"1576","0.24922172430203082","0.24922172430203082","0.24922172430203082"
"1577","0.24921396110758862","0.24921396110758862","0.24921396110758862"
"1578","0.2492144592310946","0.2492144592310946","0.2492144592310946"
"1579","0.24921248284779435","0.24921248284779435","0.24921248284779435"
"1580","0.24920061972573876","0.24920061972573876","0.24920061972573876"
"1581","0.24918053578958504","0.24918053578958504","0.24918053578958504"
"1582","0.24918434602823467","0.24918434602823467","0.24918434602823467"
"1583","0.2491782809538854","0.2491782809538854","0.2491782809538854"
"1584","0.24917551162668386","0.24917551162668386","0.24917551162668386"
"1585","0.24916699526813915","0.24916699526813915","0.24916699526813915"
"1586","0.24915766866330427","0.24915766866330427","0.24915766866330427"
"1587","0.24916394271161554","0.24916394271161554","0.24916394271161554"
"1588","0.24916774900293903","0.24916774900293903","0.24916774900293903"
"1589","0.24916909219635022","0.24916909219635022","0.24916909219635022"
"1590","0.2491687958595391","0.2491687958595391","0.2491687958595391"
"1591","0.24915867902786543","0.24915867902786543","0.24915867902786543"
"1592","0.24916411484505896","0.24916411484505896","0.24916411484505896"
"1593","0.24916137005649752","0.24916137005649752","0.24916137005649752"
"1594","0.24916679736511954","0.24916679736511954","0.24916679736511954"
"1595","0.2491640543364685","0.2491640543364685","0.2491640543364685"
"1596","0.24916376227025935","0.24916376227025935","0.24916376227025935"
"1597","0.24915205593821788","0.24915205593821788","0.24915205593821788"
"1598","0.2491460680016691","0.2491460680016691","0.2491460680016691"
"1599","0.24914985928705477","0.24914985928705477","0.24914985928705477"
"1600","0.24915771484375035","0.24915771484375035","0.24915771484375035"
"1601","0.24915254788673782","0.24915254788673782","0.24915254788673782"
"1602","0.24914982573866037","0.24914982573866037","0.24914982573866037"
"1603","0.2491316736847581","0.2491316736847581","0.2491316736847581"
"1604","0.24912490908146337","0.24912490908146337","0.24912490908146337"
"1605","0.2491108515057117","0.2491108515057117","0.2491108515057117"
"1606","0.24909762219800782","0.24909762219800782","0.24909762219800782"
"1607","0.24909413244140255","0.24909413244140255","0.24909413244140255"
"1608","0.24908659825870683","0.24908659825870683","0.24908659825870683"
"1609","0.24907179019059494","0.24907179019059494","0.24907179019059494"
"1610","0.24907883669772293","0.24907883669772293","0.24907883669772293"
"1611","0.2490632435857649","0.2490632435857649","0.2490632435857649"
"1612","0.24907594086021542","0.24907594086021542","0.24907594086021542"
"1613","0.24906440509402805","0.24906440509402805","0.24906440509402805"
"1614","0.24906579151177236","0.24906579151177236","0.24906579151177236"
"1615","0.24905992002064017","0.24905992002064017","0.24905992002064017"
"1616","0.2490556672854789","0.2490556672854789","0.2490556672854789"
"1617","0.2490498093176668","0.2490498093176668","0.2490498093176668"
"1618","0.24904315384219233","0.24904315384219233","0.24904315384219233"
"1619","0.2490405278464076","0.2490405278464076","0.2490405278464076"
"1620","0.24903790509259294","0.24903790509259294","0.24903790509259294"
"1621","0.24902243342586913","0.24902243342586913","0.24902243342586913"
"1622","0.24900296701602995","0.24900296701602995","0.24900296701602995"
"1623","0.24899956998356987","0.24899956998356987","0.24899956998356987"
"1624","0.249005798440066","0.249005798440066","0.249005798440066"
"1625","0.24900240384615416","0.24900240384615416","0.24900240384615416"
"1626","0.24898780237802412","0.24898780237802412","0.24898780237802412"
"1627","0.24897161826470018","0.24897161826470018","0.24897161826470018"
"1628","0.24896745111588894","0.24896745111588894","0.24896745111588894"
"1629","0.2489449048496013","0.2489449048496013","0.2489449048496013"
"1630","0.24893516743353816","0.24893516743353816","0.24893516743353816"
"1631","0.24893582030451697","0.24893582030451697","0.24893582030451697"
"1632","0.24892530254289247","0.24892530254289247","0.24892530254289247"
"1633","0.24893632629108012","0.24893632629108012","0.24893632629108012"
"1634","0.24894175846593258","0.24894175846593258","0.24894175846593258"
"1635","0.24894160932721743","0.24894160932721743","0.24894160932721743"
"1636","0.24893588910961725","0.24893588910961725","0.24893588910961725"
"1637","0.24893176669721065","0.24893176669721065","0.24893176669721065"
"1638","0.24890857117419649","0.24890857117419649","0.24890857117419649"
"1639","0.2489068537726259","0.2489068537726259","0.2489068537726259"
"1640","0.24889799288617917","0.24889799288617917","0.24889799288617917"
"1641","0.2488859689213897","0.2488859689213897","0.2488859689213897"
"1642","0.2488882333536341","0.2488882333536341","0.2488882333536341"
"1643","0.2488825699939139","0.2488825699939139","0.2488825699939139"
"1644","0.2488737454379565","0.2488737454379565","0.2488737454379565"
"1645","0.2488578077507602","0.2488578077507602","0.2488578077507602"
"1646","0.24885454637505092","0.24885454637505092","0.24885454637505092"
"1647","0.24886630995749878","0.24886630995749878","0.24886630995749878"
"1648","0.2488669978762139","0.2488669978762139","0.2488669978762139"
"1649","0.2488574199009504","0.2488574199009504","0.2488574199009504"
"1650","0.24884785353535388","0.24884785353535388","0.24884785353535388"
"1651","0.24883672143145602","0.24883672143145602","0.24883672143145602"
"1652","0.2488311201069414","0.2488311201069414","0.2488311201069414"
"1653","0.24883103952409794","0.24883103952409794","0.24883103952409794"
"1654","0.24882229947601806","0.24882229947601806","0.24882229947601806"
"1655","0.24881907729103758","0.24881907729103758","0.24881907729103758"
"1656","0.24881821784420322","0.24881821784420322","0.24881821784420322"
"1657","0.24881343039629886","0.24881343039629886","0.24881343039629886"
"1658","0.24881493139324518","0.24881493139324518","0.24881493139324518"
"1659","0.2488046576753067","0.2488046576753067","0.2488046576753067"
"1660","0.24880224021084368","0.24880224021084368","0.24880224021084368"
"1661","0.24878885084286606","0.24878885084286606","0.24878885084286606"
"1662","0.24879192990373075","0.24879192990373075","0.24879192990373075"
"1663","0.24879187337141745","0.24879187337141745","0.24879187337141745"
"1664","0.248789469401042","0.248789469401042","0.248789469401042"
"1665","0.24878472222222256","0.24878472222222256","0.24878472222222256"
"1666","0.2487838885554225","0.2487838885554225","0.2487838885554225"
"1667","0.2487799315136976","0.2487799315136976","0.2487799315136976"
"1668","0.24876817296163103","0.24876817296163103","0.24876817296163103"
"1669","0.24875954913121665","0.24875954913121665","0.24875954913121665"
"1670","0.24876185129740555","0.24876185129740555","0.24876185129740555"
"1671","0.24875635846798358","0.24875635846798358","0.24875635846798358"
"1672","0.24876488985247242","0.24876488985247242","0.24876488985247242"
"1673","0.24876095835823903","0.24876095835823903","0.24876095835823903"
"1674","0.2487694768020712","0.2487694768020712","0.2487694768020712"
"1675","0.24877254353233863","0.24877254353233863","0.24877254353233863"
"1676","0.24877172210620555","0.24877172210620555","0.24877172210620555"
"1677","0.24875770224607466","0.24875770224607466","0.24875770224607466"
"1678","0.24875766661700469","0.24875766661700469","0.24875766661700469"
"1679","0.2487514269406396","0.2487514269406396","0.2487514269406396"
"1680","0.24875449528769875","0.24875449528769875","0.24875449528769875"
"1681","0.24875833457267532","0.24875833457267532","0.24875833457267532"
"1682","0.24874668673206532","0.24874668673206532","0.24874668673206532"
"1683","0.24874201574569255","0.24874201574569255","0.24874201574569255"
"1684","0.24873580388954902","0.24873580388954902","0.24873580388954902"
"1685","0.24873500865479756","0.24873500865479756","0.24873500865479756"
"1686","0.24872649144918973","0.24872649144918973","0.24872649144918973"
"1687","0.2487164406737802","0.2487164406737802","0.2487164406737802"
"1688","0.24871874382898926","0.24871874382898926","0.24871874382898926"
"1689","0.24870793862245938","0.24870793862245938","0.24870793862245938"
"1690","0.24870870315581886","0.24870870315581886","0.24870870315581886"
"1691","0.24871870687955877","0.24871870687955877","0.24871870687955877"
"1692","0.2487117686170216","0.2487117686170216","0.2487117686170216"
"1693","0.24870022396141006","0.24870022396141006","0.24870022396141006"
"1694","0.24869561073396337","0.24869561073396337","0.24869561073396337"
"1695","0.24870022123893842","0.24870022123893842","0.24870022123893842"
"1696","0.24869791666666705","0.24869791666666705","0.24869791666666705"
"1697","0.24869638209585582","0.24869638209585582","0.24869638209585582"
"1698","0.2486933156654892","0.2486933156654892","0.2486933156654892"
"1699","0.24869638390229584","0.24869638390229584","0.24869638390229584"
"1700","0.24869485294117682","0.24869485294117682","0.24869485294117682"
"1701","0.2486864344503237","0.2486864344503237","0.2486864344503237"
"1702","0.24867343566392516","0.24867343566392516","0.24867343566392516"
"1703","0.24867497920336695","0.24867497920336695","0.24867497920336695"
"1704","0.24867193613067326","0.24867193613067326","0.24867193613067326"
"1705","0.2486803519061587","0.2486803519061587","0.2486803519061587"
"1706","0.24867120335091866","0.24867120335091866","0.24867120335091866"
"1707","0.24866893062878379","0.24866893062878379","0.24866893062878379"
"1708","0.2486712346311479","0.2486712346311479","0.2486712346311479"
"1709","0.24867048834601166","0.24867048834601166","0.24867048834601166"
"1710","0.24867050438596527","0.24867050438596527","0.24867050438596527"
"1711","0.2486682373855449","0.2486682373855449","0.2486682373855449"
"1712","0.24866825472157358","0.24866825472157358","0.24866825472157358"
"1713","0.24864622859505778","0.24864622859505778","0.24864622859505778"
"1714","0.24863638297355153","0.24863638297355153","0.24863638297355153"
"1715","0.24863414115646298","0.24863414115646298","0.24863414115646298"
"1716","0.2486349371115","0.2486349371115","0.2486349371115"
"1717","0.2486243569209866","0.2486243569209866","0.2486243569209866"
"1718","0.24861151532790104","0.24861151532790104","0.24861151532790104"
"1719","0.24859944614116772","0.24859944614116772","0.24859944614116772"
"1720","0.24859117611434145","0.24859117611434145","0.24859117611434145"
"1721","0.2485882117954681","0.2485882117954681","0.2485882117954681"
"1722","0.24858222633565658","0.24858222633565658","0.24858222633565658"
"1723","0.24856717933836367","0.24856717933836367","0.24856717933836367"
"1724","0.2485604577532873","0.2485604577532873","0.2485604577532873"
"1725","0.24855978260869602","0.24855978260869602","0.24855978260869602"
"1726","0.24855533627848628","0.24855533627848628","0.24855533627848628"
"1727","0.2485546648812974","0.2485546648812974","0.2485546648812974"
"1728","0.24854570553626582","0.24854570553626582","0.24854570553626582"
"1729","0.248543534316561","0.248543534316561","0.248543534316561"
"1730","0.24852706526974988","0.24852706526974988","0.24852706526974988"
"1731","0.2485309250433279","0.2485309250433279","0.2485309250433279"
"1732","0.24853026967859929","0.24853026967859929","0.24853026967859929"
"1733","0.24852886372379338","0.24852886372379338","0.24852886372379338"
"1734","0.24852670847750902","0.24852670847750902","0.24852670847750902"
"1735","0.24851404899135482","0.24851404899135482","0.24851404899135482"
"1736","0.24851415490591436","0.24851415490591436","0.24851415490591436"
"1737","0.24851800877950525","0.24851800877950525","0.24851800877950525"
"1738","0.24851961066359834","0.24851961066359834","0.24851961066359834"
"1739","0.24851821568909369","0.24851821568909369","0.24851821568909369"
"1740","0.24850634578544095","0.24850634578544095","0.24850634578544095"
"1741","0.24850196845682593","0.24850196845682593","0.24850196845682593"
"1742","0.2484886265786456","0.2484886265786456","0.2484886265786456"
"1743","0.2484760470453245","0.2484760470453245","0.2484760470453245"
"1744","0.24846870818998507","0.24846870818998507","0.24846870818998507"
"1745","0.2484576468481379","0.2484576468481379","0.2484576468481379"
"1746","0.2484562929553268","0.2484562929553268","0.2484562929553268"
"1747","0.24845941256439646","0.24845941256439646","0.24845941256439646"
"1748","0.24845135512013766","0.24845135512013766","0.24845135512013766"
"1749","0.24844330688965158","0.24844330688965158","0.24844330688965158"
"1750","0.24843675595238132","0.24843675595238132","0.24843675595238132"
"1751","0.24843690510184693","0.24843690510184693","0.24843690510184693"
"1752","0.24842293331430781","0.24842293331430781","0.24842293331430781"
"1753","0.24840303527286595","0.24840303527286595","0.24840303527286595"
"1754","0.2484024610414295","0.2484024610414295","0.2484024610414295"
"1755","0.24839743589743626","0.24839743589743626","0.24839743589743626"
"1756","0.24838425991837546","0.24838425991837546","0.24838425991837546"
"1757","0.24838443843672964","0.24838443843672964","0.24838443843672964"
"1758","0.24837572881114942","0.24837572881114942","0.24837572881114942"
"1759","0.248372951013834","0.248372951013834","0.248372951013834"
"1760","0.24836647727272765","0.24836647727272765","0.24836647727272765"
"1761","0.24836740488358927","0.24836740488358927","0.24836740488358927"
"1762","0.2483779381857741","0.2483779381857741","0.2483779381857741"
"1763","0.24838772097750084","0.24838772097750084","0.24838772097750084"
"1764","0.24838863496787641","0.24838863496787641","0.24838863496787641"
"1765","0.24837626888574163","0.24837626888574163","0.24837626888574163"
"1766","0.24837497640619138","0.24837497640619138","0.24837497640619138"
"1767","0.24837294850028335","0.24837294850028335","0.24837294850028335"
"1768","0.2483672405260185","0.2483672405260185","0.2483672405260185"
"1769","0.2483652192858493","0.2483652192858493","0.2483652192858493"
"1770","0.24837570621468966","0.24837570621468966","0.24837570621468966"
"1771","0.24836927112742369","0.24836927112742369","0.24836927112742369"
"1772","0.24835549520316066","0.24835549520316066","0.24835549520316066"
"1773","0.24834614119195375","0.24834614119195375","0.24834614119195375"
"1774","0.24834633948703533","0.24834633948703533","0.24834633948703533"
"1775","0.24833773474178444","0.24833773474178444","0.24833773474178444"
"1776","0.24833207230668208","0.24833207230668208","0.24833207230668208"
"1777","0.24832788172950707","0.24832788172950707","0.24832788172950707"
"1778","0.24832369586614214","0.24832369586614214","0.24832369586614214"
"1779","0.2483173189525955","0.2483173189525955","0.2483173189525955"
"1780","0.24830436563670455","0.24830436563670455","0.24830436563670455"
"1781","0.24830312441512303","0.24830312441512303","0.24830312441512303"
"1782","0.2482923856621778","0.2482923856621778","0.2482923856621778"
"1783","0.24828750116844314","0.24828750116844314","0.24828750116844314"
"1784","0.24829284029334872","0.24829284029334872","0.24829284029334872"
"1785","0.2482821253501405","0.2482821253501405","0.2482821253501405"
"1786","0.2482867324561408","0.2482867324561408","0.2482867324561408"
"1787","0.24829643490020564","0.24829643490020564","0.24829643490020564"
"1788","0.2483024853187924","0.2483024853187924","0.2483024853187924"
"1789","0.2483056176634996","0.2483056176634996","0.2483056176634996"
"1790","0.2482927432495349","0.2482927432495349","0.2482927432495349"
"1791","0.2482856993299837","0.2482856993299837","0.2482856993299837"
"1792","0.24828302292596768","0.24828302292596768","0.24828302292596768"
"1793","0.24828252811860982","0.24828252811860982","0.24828252811860982"
"1794","0.24826896948160576","0.24826896948160576","0.24826896948160576"
"1795","0.24826050371402084","0.24826050371402084","0.24826050371402084"
"1796","0.24826437221603603","0.24826437221603603","0.24826437221603603"
"1797","0.2482747576980156","0.2482747576980156","0.2482747576980156"
"1798","0.24827064794215836","0.24827064794215836","0.24827064794215836"
"1799","0.24826799031869598","0.24826799031869598","0.24826799031869598"
"1800","0.24826099537037075","0.24826099537037075","0.24826099537037075"
"1801","0.2482475013881181","0.2482475013881181","0.2482475013881181"
"1802","0.24824847391786942","0.24824847391786942","0.24824847391786942"
"1803","0.24823572402477392","0.24823572402477392","0.24823572402477392"
"1804","0.2482410326589065","0.2482410326589065","0.2482410326589065"
"1805","0.24824272853185633","0.24824272853185633","0.24824272853185633"
"1806","0.24824298057401295","0.24824298057401295","0.24824298057401295"
"1807","0.24824323233720755","0.24824323233720755","0.24824323233720755"
"1808","0.24823700221238978","0.24823700221238978","0.24823700221238978"
"1809","0.2482372570020273","0.2482372570020273","0.2482372570020273"
"1810","0.2482317564456726","0.2482317564456726","0.2482317564456726"
"1811","0.24823273283637073","0.24823273283637073","0.24823273283637073"
"1812","0.2482279594370865","0.2482279594370865","0.2482279594370865"
"1813","0.2482275004596437","0.2482275004596437","0.2482275004596437"
"1814","0.24822417080117642","0.24822417080117642","0.24822417080117642"
"1815","0.24822299701561104","0.24822299701561104","0.24822299701561104"
"1816","0.24821895649779777","0.24821895649779777","0.24821895649779777"
"1817","0.2482256696019083","0.2482256696019083","0.2482256696019083"
"1818","0.2482137536670338","0.2482137536670338","0.2482137536670338"
"1819","0.24821115654205647","0.24821115654205647","0.24821115654205647"
"1820","0.2482042696886451","0.2482042696886451","0.2482042696886451"
"1821","0.24821526633717778","0.24821526633717778","0.24821526633717778"
"1822","0.2482083847877794","0.2482083847877794","0.2482083847877794"
"1823","0.24820508205339223","0.24820508205339223","0.24820508205339223"
"1824","0.24820178294042436","0.24820178294042436","0.24820178294042436"
"1825","0.2482099029680369","0.2482099029680369","0.2482099029680369"
"1826","0.24819662171412962","0.24819662171412962","0.24819662171412962"
"1827","0.24819832147418391","0.24819832147418391","0.24819832147418391"
"1828","0.24820286857221044","0.24820286857221044","0.24820286857221044"
"1829","0.24819032485875744","0.24819032485875744","0.24819032485875744"
"1830","0.2481870446265942","0.2481870446265942","0.2481870446265942"
"1831","0.2481837679774262","0.2481837679774262","0.2481837679774262"
"1832","0.24818475937045162","0.24818475937045162","0.24818475937045162"
"1833","0.248194273958902","0.248194273958902","0.248194273958902"
"1834","0.24820022832606362","0.24820022832606362","0.24820022832606362"
"1835","0.24819624205267976","0.24819624205267976","0.24819624205267976"
"1836","0.24819864288307955","0.24819864288307955","0.24819864288307955"
"1837","0.2481861560968975","0.2481861560968975","0.2481861560968975"
"1838","0.24817935029017088","0.24817935029017088","0.24817935029017088"
"1839","0.24817963227297485","0.24817963227297485","0.24817963227297485"
"1840","0.24817779098731926","0.24817779098731926","0.24817779098731926"
"1841","0.24817807351077356","0.24817807351077356","0.24817807351077356"
"1842","0.24818259704125994","0.24818259704125994","0.24818259704125994"
"1843","0.24817439862543","0.24817439862543","0.24817439862543"
"1844","0.24817468252892308","0.24817468252892308","0.24817468252892308"
"1845","0.2481643800813013","0.2481643800813013","0.2481643800813013"
"1846","0.2481632583965335","0.2481632583965335","0.2481632583965335"
"1847","0.2481720075347415","0.2481720075347415","0.2481720075347415"
"1848","0.2481722921176051","0.2481722921176051","0.2481722921176051"
"1849","0.24816553429781912","0.24816553429781912","0.24816553429781912"
"1850","0.24815596846846893","0.24815596846846893","0.24815596846846893"
"1851","0.24815766815235055","0.24815766815235055","0.24815766815235055"
"1852","0.2481516322444209","0.2481516322444209","0.2481516322444209"
"1853","0.24814841360856316","0.24814841360856316","0.24814841360856316"
"1854","0.24815081692736474","0.24815081692736474","0.24815081692736474"
"1855","0.24814549640611008","0.24814549640611008","0.24814549640611008"
"1856","0.24814860026041716","0.24814860026041716","0.24814860026041716"
"1857","0.24815170077185472","0.24815170077185472","0.24815170077185472"
"1858","0.24814218357552972","0.24814218357552972","0.24814218357552972"
"1859","0.24812847409001304","0.24812847409001304","0.24812847409001304"
"1860","0.24813298051075316","0.24813298051075316","0.24813298051075316"
"1861","0.24812698705892938","0.24812698705892938","0.24812698705892938"
"1862","0.24811750358038","0.24811750358038","0.24811750358038"
"1863","0.24810942811773176","0.24810942811773176","0.24810942811773176"
"1864","0.24811044237303342","0.24811044237303342","0.24811044237303342"
"1865","0.2481016811885617","0.2481016811885617","0.2481016811885617"
"1866","0.24809990733297657","0.24809990733297657","0.24809990733297657"
"1867","0.24809464827709388","0.24809464827709388","0.24809464827709388"
"1868","0.24809357713240593","0.24809357713240593","0.24809357713240593"
"1869","0.248087630417336","0.248087630417336","0.248087630417336"
"1870","0.2480914382798579","0.2480914382798579","0.2480914382798579"
"1871","0.24809663393016262","0.24809663393016262","0.24809663393016262"
"1872","0.24810321514423128","0.24810321514423128","0.24810321514423128"
"1873","0.2480965807972954","0.2480965807972954","0.2480965807972954"
"1874","0.24808022612059816","0.24808022612059816","0.24808022612059816"
"1875","0.24807083333333385","0.24807083333333385","0.24807083333333385"
"1876","0.248072555748046","0.248072555748046","0.248072555748046"
"1877","0.24806872669152955","0.24806872669152955","0.24806872669152955"
"1878","0.2480669817181404","0.2480669817181404","0.2480669817181404"
"1879","0.24806523860209384","0.24806523860209384","0.24806523860209384"
"1880","0.24805103058510694","0.24805103058510694","0.24805103058510694"
"1881","0.24803960659223873","0.24803960659223873","0.24803960659223873"
"1882","0.24803718893907245","0.24803718893907245","0.24803718893907245"
"1883","0.24802993339529172","0.24802993339529172","0.24802993339529172"
"1884","0.24802337668082147","0.24802337668082147","0.24802337668082147"
"1885","0.24801268236074323","0.24801268236074323","0.24801268236074323"
"1886","0.24801097450512602","0.24801097450512602","0.24801097450512602"
"1887","0.24800719837484597","0.24800719837484597","0.24800719837484597"
"1888","0.2480096332097463","0.2480096332097463","0.2480096332097463"
"1889","0.24799621161990526","0.24799621161990526","0.24799621161990526"
"1890","0.24799589395943616","0.24799589395943616","0.24799589395943616"
"1891","0.24798731381103525","0.24798731381103525","0.24798731381103525"
"1892","0.24796704325229088","0.24796704325229088","0.24796704325229088"
"1893","0.24796467798027874","0.24796467798027874","0.24796467798027874"
"1894","0.24795887781591042","0.24795887781591042","0.24795887781591042"
"1895","0.2479530837730876","0.2479530837730876","0.2479530837730876"
"1896","0.2479555368758796","0.2479555368758796","0.2479555368758796"
"1897","0.2479476915304873","0.2479476915304873","0.2479476915304873"
"1898","0.24794465665612983","0.24794465665612983","0.24794465665612983"
"1899","0.2479375109706869","0.2479375109706869","0.2479375109706869"
"1900","0.24792146381579006","0.24792146381579006","0.24792146381579006"
"1901","0.24791228300894322","0.24791228300894322","0.24791228300894322"
"1902","0.2479168035839473","0.2479168035839473","0.2479168035839473"
"1903","0.24790421374146143","0.24790421374146143","0.24790421374146143"
"1904","0.247908733806023","0.247908733806023","0.247908733806023"
"1905","0.24791256561679847","0.24791256561679847","0.24791256561679847"
"1906","0.24791980915529963","0.24791980915529963","0.24791980915529963"
"1907","0.24791475485055117","0.24791475485055117","0.24791475485055117"
"1908","0.24791789504717038","0.24791789504717038","0.24791789504717038"
"1909","0.24790807250742156","0.24790807250742156","0.24790807250742156"
"1910","0.24790098712914543","0.24790098712914543","0.24790098712914543"
"1911","0.24790140415140474","0.24790140415140474","0.24790140415140474"
"1912","0.2478984157078109","0.2478984157078109","0.2478984157078109"
"1913","0.24789338843875297","0.24789338843875297","0.24789338843875297"
"1914","0.24789176789446246","0.24789176789446246","0.24789176789446246"
"1915","0.24788606940818164","0.24788606940818164","0.24788606940818164"
"1916","0.24788105645441952","0.24788105645441952","0.24788105645441952"
"1917","0.24787604873065613","0.24787604873065613","0.24787604873065613"
"1918","0.24787647723322967","0.24787647723322967","0.24787647723322967"
"1919","0.24787283415841646","0.24787283415841646","0.24787283415841646"
"1920","0.24786241319444505","0.24786241319444505","0.24786241319444505"
"1921","0.24785878123373306","0.24785878123373306","0.24785878123373306"
"1922","0.247857185440514","0.247857185440514","0.247857185440514"
"1923","0.247858976859075","0.247858976859075","0.247858976859075"
"1924","0.2478533220720727","0.2478533220720727","0.2478533220720727"
"1925","0.2478483495671002","0.2478483495671002","0.2478483495671002"
"1926","0.2478393258913125","0.2478393258913125","0.2478393258913125"
"1927","0.24782693305656522","0.24782693305656522","0.24782693305656522"
"1928","0.2478233326849937","0.2478233326849937","0.2478233326849937"
"1929","0.2478163610247112","0.2478163610247112","0.2478163610247112"
"1930","0.24780534866148596","0.24780534866148596","0.24780534866148596"
"1931","0.24779569631451817","0.24779569631451817","0.24779569631451817"
"1932","0.24779009769668803","0.24779009769668803","0.24779009769668803"
"1933","0.24778450487153023","0.24778450487153023","0.24778450487153023"
"1934","0.24778093760772213","0.24778093760772213","0.24778093760772213"
"1935","0.24776862618432452","0.24776862618432452","0.24776862618432452"
"1936","0.24776103542527614","0.24776103542527614","0.24776103542527614"
"1937","0.24775950245224643","0.24775950245224643","0.24775950245224643"
"1938","0.24776267414860748","0.24776267414860748","0.24776267414860748"
"1939","0.2477557697266639","0.2477557697266639","0.2477557697266639"
"1940","0.2477435030068735","0.2477435030068735","0.2477435030068735"
"1941","0.24775137386227097","0.24775137386227097","0.24775137386227097"
"1942","0.24774180398214965","0.24774180398214965","0.24774180398214965"
"1943","0.24773961550008644","0.24773961550008644","0.24773961550008644"
"1944","0.24772135416666732","0.24772135416666732","0.24772135416666732"
"1945","0.24771516173950364","0.24771516173950364","0.24771516173950364"
"1946","0.24770830656903112","0.24770830656903112","0.24770830656903112"
"1947","0.24770814607943908","0.24770814607943908","0.24770814607943908"
"1948","0.2477019699691998","0.2477019699691998","0.2477019699691998"
"1949","0.24768778326492277","0.24768778326492277","0.24768778326492277"
"1950","0.2476756143162399","0.2476756143162399","0.2476756143162399"
"1951","0.24766546002050288","0.24766546002050288","0.24766546002050288"
"1952","0.24765798433230934","0.24765798433230934","0.24765798433230934"
"1953","0.24766118364908746","0.24766118364908746","0.24766118364908746"
"1954","0.24766371332309853","0.24766371332309853","0.24766371332309853"
"1955","0.24766557438192727","0.24766557438192727","0.24766557438192727"
"1956","0.2476654364775057","0.2476654364775057","0.2476654364775057"
"1957","0.24765265712825812","0.24765265712825812","0.24765265712825812"
"1958","0.24764787091419874","0.24764787091419874","0.24764787091419874"
"1959","0.24764973625999717","0.24764973625999717","0.24764973625999717"
"1960","0.24764894238945634","0.24764894238945634","0.24764894238945634"
"1961","0.2476368615077347","0.2476368615077347","0.2476368615077347"
"1962","0.24763673865953165","0.24763673865953165","0.24763673865953165"
"1963","0.2476419224401432","0.2476419224401432","0.2476419224401432"
"1964","0.24763516738798425","0.24763516738798425","0.24763516738798425"
"1965","0.24763570822731185","0.24763570822731185","0.24763570822731185"
"1966","0.24763426161410704","0.24763426161410704","0.24763426161410704"
"1967","0.2476288446873417","0.2476288446873417","0.2476288446873417"
"1968","0.2476346809366537","0.2476346809366537","0.2476346809366537"
"1969","0.24763059188251282","0.24763059188251282","0.24763059188251282"
"1970","0.24762055837563507","0.24762055837563507","0.24762055837563507"
"1971","0.24761648063588756","0.24761648063588756","0.24761648063588756"
"1972","0.24761174674611278","0.24761174674611278","0.24761174674611278"
"1973","0.2476083375570203","0.2476083375570203","0.2476083375570203"
"1974","0.2476069106720708","0.2476069106720708","0.2476069106720708"
"1975","0.24760482594936764","0.24760482594936764","0.24760482594936764"
"1976","0.24760406123481837","0.24760406123481837","0.24760406123481837"
"1977","0.24760988345135782","0.24760988345135782","0.24760988345135782"
"1978","0.2476143832153696","0.2476143832153696","0.2476143832153696"
"1979","0.24761953638201167","0.24761953638201167","0.24761953638201167"
"1980","0.24760955913299718","0.24760955913299718","0.24760955913299718"
"1981","0.24760485024398504","0.24760485024398504","0.24760485024398504"
"1982","0.24759554742684212","0.24759554742684212","0.24759554742684212"
"1983","0.2475882238611537","0.2475882238611537","0.2475882238611537"
"1984","0.24758812689012152","0.24758812689012152","0.24758812689012152"
"1985","0.24757687867338427","0.24757687867338427","0.24757687867338427"
"1986","0.24758399945451548","0.24758399945451548","0.24758399945451548"
"1987","0.2475812835514181","0.2475812835514181","0.2475812835514181"
"1988","0.24758446512407836","0.24758446512407836","0.24758446512407836"
"1989","0.24757716922239037","0.24757716922239037","0.24757716922239037"
"1990","0.24756660908710273","0.24756660908710273","0.24756660908710273"
"1991","0.24757306315921704","0.24757306315921704","0.24757306315921704"
"1992","0.24757820343875558","0.24757820343875558","0.24757820343875558"
"1993","0.24758921851480237","0.24758921851480237","0.24758921851480237"
"1994","0.2475923865346044","0.2475923865346044","0.2475923865346044"
"1995","0.24758445593149597","0.24758445593149597","0.24758445593149597"
"1996","0.24758501377755568","0.24758501377755568","0.24758501377755568"
"1997","0.24758491904523508","0.24758491904523508","0.24758491904523508"
"1998","0.24757244223390112","0.24757244223390112","0.24757244223390112"
"1999","0.24755867517091934","0.24755867517091934","0.24755867517091934"
"2000","0.24755924479166722","0.24755924479166722","0.24755924479166722"
"2001","0.2475650195735471","0.2475650195735471","0.2475650195735471"
"2002","0.24756558545621102","0.24756558545621102","0.24756558545621102"
"2003","0.24756550070727298","0.24756550070727298","0.24756550070727298"
"2004","0.24757191346473775","0.24757191346473775","0.24757191346473775"
"2005","0.24757312448046606","0.24757312448046606","0.24757312448046606"
"2006","0.24758017613825248","0.24758017613825248","0.24758017613825248"
"2007","0.2475846256851027","0.2475846256851027","0.2475846256851027"
"2008","0.24757934408200588","0.24757934408200588","0.24757934408200588"
"2009","0.2475760121121625","0.2475760121121625","0.2475760121121625"
"2010","0.24757074004975183","0.24757074004975183","0.24757074004975183"
"2011","0.24756806315266097","0.24756806315266097","0.24756806315266097"
"2012","0.24756733039264472","0.24756733039264472","0.24756733039264472"
"2013","0.24756142366285866","0.24756142366285866","0.24756142366285866"
"2014","0.2475555227987427","0.2475555227987427","0.2475555227987427"
"2015","0.24755608974359034","0.24755608974359034","0.24755608974359034"
"2016","0.24754825975529157","0.24754825975529157","0.24754825975529157"
"2017","0.2475468930755253","0.2475468930755253","0.2475468930755253"
"2018","0.24753262305913504","0.24753262305913504","0.24753262305913504"
"2019","0.24752288158329264","0.24752288158329264","0.24752288158329264"
"2020","0.2475202403052811","0.2475202403052811","0.2475202403052811"
"2021","0.2475227558551878","0.2475227558551878","0.2475227558551878"
"2022","0.2475162535031328","0.2475162535031328","0.2475162535031328"
"2023","0.2475149066979739","0.2475149066979739","0.2475149066979739"
"2024","0.2475122745800401","0.2475122745800401","0.2475122745800401"
"2025","0.24750000000000058","0.24750000000000058","0.24750000000000058"
"2026","0.2475012339585396","0.2475012339585396","0.2475012339585396"
"2027","0.24750182432988055","0.24750182432988055","0.24750182432988055"
"2028","0.24750113001314983","0.24750113001314983","0.24750113001314983"
"2029","0.2475107041646137","0.2475107041646137","0.2475107041646137"
"2030","0.24750359195402358","0.24750359195402358","0.24750359195402358"
"2031","0.2474939223289026","0.2474939223289026","0.2474939223289026"
"2032","0.24748426222112918","0.24748426222112918","0.24748426222112918"
"2033","0.24747461161665904","0.24747461161665904","0.24747461161665904"
"2034","0.24746945161422543","0.24746945161422543","0.24746945161422543"
"2035","0.2474546990171996","0.2474546990171996","0.2474546990171996"
"2036","0.24744827480353693","0.24744827480353693","0.24744827480353693"
"2037","0.24743482551955548","0.24743482551955548","0.24743482551955548"
"2038","0.2474360841920189","0.2474360841920189","0.2474360841920189"
"2039","0.2474309557381075","0.2474309557381075","0.2474309557381075"
"2040","0.24742136437908555","0.24742136437908555","0.24742136437908555"
"2041","0.24741816205291584","0.24741816205291584","0.24741816205291584"
"2042","0.2474207017221684","0.2474207017221684","0.2474207017221684"
"2043","0.2474245135829668","0.2474245135829668","0.2474245135829668"
"2044","0.24741175901011148","0.24741175901011148","0.24741175901011148"
"2045","0.24741366136919374","0.24741366136919374","0.24741366136919374"
"2046","0.24741174344248998","0.24741174344248998","0.24741174344248998"
"2047","0.2474130078570271","0.2474130078570271","0.2474130078570271"
"2048","0.247408548990886","0.247408548990886","0.247408548990886"
"2049","0.247408542785099","0.247408542785099","0.247408542785099"
"2050","0.24740154979674855","0.24740154979674855","0.24740154979674855"
"2051","0.2473958333333339","0.2473958333333339","0.2473958333333339"
"2052","0.2473939297027296","0.2473939297027296","0.2473939297027296"
"2053","0.24739139369215837","0.24739139369215837","0.24739139369215837"
"2054","0.24738949407659905","0.24738949407659905","0.24738949407659905"
"2055","0.24739329886455852","0.24739329886455852","0.24739329886455852"
"2056","0.24739393340629107","0.24739393340629107","0.24739393340629107"
"2057","0.24738380631178145","0.24738380631178145","0.24738380631178145"
"2058","0.24738128138160081","0.24738128138160081","0.24738128138160081"
"2059","0.24737749413145593","0.24737749413145593","0.24737749413145593"
"2060","0.24737813511326914","0.24737813511326914","0.24737813511326914"
"2061","0.24736234938541216","0.24736234938541216","0.24736234938541216"
"2062","0.24736804881991648","0.24736804881991648","0.24736804881991648"
"2063","0.24737121808854473","0.24737121808854473","0.24737121808854473"
"2064","0.24736870659722276","0.24736870659722276","0.24736870659722276"
"2065","0.2473718724778052","0.2473718724778052","0.2473718724778052"
"2066","0.2473674723701199","0.2473674723701199","0.2473674723701199"
"2067","0.24737441541686878","0.24737441541686878","0.24737441541686878"
"2068","0.24736875906673167","0.24736875906673167","0.24736875906673167"
"2069","0.24736814282262015","0.24736814282262015","0.24736814282262015"
"2070","0.2473624949677944","0.2473624949677944","0.2473624949677944"
"2071","0.24736313978754274","0.24736313978754274","0.24736313978754274"
"2072","0.24736064189189239","0.24736064189189239","0.24736064189189239"
"2073","0.24735626205981717","0.24735626205981717","0.24735626205981717"
"2074","0.24735439770170414","0.24735439770170414","0.24735439770170414"
"2075","0.24735567269076356","0.24735567269076356","0.24735567269076356"
"2076","0.24736384573699471","0.24736384573699471","0.24736384573699471"
"2077","0.24737075710158932","0.24737075710158932","0.24737075710158932"
"2078","0.2473701425649668","0.2473701425649668","0.2473701425649668"
"2079","0.24736451819785205","0.24736451819785205","0.24736451819785205"
"2080","0.24736390725160307","0.24736390725160307","0.24736390725160307"
"2081","0.24735453708153185","0.24735453708153185","0.24735453708153185"
"2082","0.2473451759125846","0.2473451759125846","0.2473451759125846"
"2083","0.24734019943190963","0.24734019943190963","0.24734019943190963"
"2084","0.2473333533269359","0.2473333533269359","0.2473333533269359"
"2085","0.24731339928057602","0.24731339928057602","0.24731339928057602"
"2086","0.24730844519015707","0.24730844519015707","0.24730844519015707"
"2087","0.2473047436511744","0.2473047436511744","0.2473047436511744"
"2088","0.24729605683269523","0.24729605683269523","0.24729605683269523"
"2089","0.2472873783309403","0.2472873783309403","0.2472873783309403"
"2090","0.2472818231658697","0.2472818231658697","0.2472818231658697"
"2091","0.2472781414395031","0.2472781414395031","0.2472781414395031"
"2092","0.247273218411409","0.247273218411409","0.247273218411409"
"2093","0.24728012024207724","0.24728012024207724","0.24728012024207724"
"2094","0.2472764446036299","0.2472764446036299","0.2472764446036299"
"2095","0.2472727724741453","0.2472727724741453","0.2472727724741453"
"2096","0.24726724017970791","0.24726724017970791","0.24726724017970791"
"2097","0.2472716479891914","0.2472716479891914","0.2472716479891914"
"2098","0.24727170718144317","0.24727170718144317","0.24727170718144317"
"2099","0.24726928497697367","0.24726928497697367","0.24726928497697367"
"2100","0.24727492559523864","0.24727492559523864","0.24727492559523864"
"2101","0.24727064493098577","0.24727064493098577","0.24727064493098577"
"2102","0.24727380173644203","0.24727380173644203","0.24727380173644203"
"2103","0.24727571722935546","0.24727571722935546","0.24727571722935546"
"2104","0.24726834798796002","0.24726834798796002","0.24726834798796002"
"2105","0.24726531571654847","0.24726531571654847","0.24726531571654847"
"2106","0.24725857668566056","0.24725857668566056","0.24725857668566056"
"2107","0.2472475181933244","0.2472475181933244","0.2472475181933244"
"2108","0.24724141168564256","0.24724141168564256","0.24724141168564256"
"2109","0.24724333708708765","0.24724333708708765","0.24724333708708765"
"2110","0.24723291864139077","0.24723291864139077","0.24723291864139077"
"2111","0.24722374368387867","0.24722374368387867","0.24722374368387867"
"2112","0.2472096452809349","0.2472096452809349","0.2472096452809349"
"2113","0.24720603604669564","0.24720603604669564","0.24720603604669564"
"2114","0.24720304616051775","0.24720304616051775","0.24720304616051775"
"2115","0.24719513396375153","0.24719513396375153","0.24719513396375153"
"2116","0.24719584416351661","0.24719584416351661","0.24719584416351661"
"2117","0.2471934783892306","0.2471934783892306","0.2471934783892306"
"2118","0.2471917296191381","0.2471917296191381","0.2471917296191381"
"2119","0.24717892185779514","0.24717892185779514","0.24717892185779514"
"2120","0.24718148093553516","0.24718148093553516","0.24718148093553516"
"2121","0.24717298738802504","0.24717298738802504","0.24717298738802504"
"2122","0.24717063795947272","0.24717063795947272","0.24717063795947272"
"2123","0.24715909090909144","0.24715909090909144","0.24715909090909144"
"2124","0.24716104147049647","0.24716104147049647","0.24716104147049647"
"2125","0.24715441176470643","0.24715441176470643","0.24715441176470643"
"2126","0.24715820006271613","0.24715820006271613","0.24715820006271613"
"2127","0.24714545623726747","0.24714545623726747","0.24714545623726747"
"2128","0.24714067884555194","0.24714067884555194","0.24714067884555194"
"2129","0.24713774072334482","0.24713774072334482","0.24713774072334482"
"2130","0.2471341940532087","0.2471341940532087","0.2471341940532087"
"2131","0.24713798295010225","0.24713798295010225","0.24713798295010225"
"2132","0.24713810389305874","0.24713810389305874","0.24713810389305874"
"2133","0.2471449396390067","0.2471449396390067","0.2471449396390067"
"2134","0.2471462775304598","0.2471462775304598","0.2471462775304598"
"2135","0.24713907591725276","0.24713907591725276","0.24713907591725276"
"2136","0.24713675776373345","0.24713675776373345","0.24713675776373345"
"2137","0.24714236273592324","0.24714236273592324","0.24714236273592324"
"2138","0.24713273698160337","0.24713273698160337","0.24713273698160337"
"2139","0.24712738136979961","0.24712738136979961","0.24712738136979961"
"2140","0.24712263921339625","0.24712263921339625","0.24712263921339625"
"2141","0.24711850965281082","0.24711850965281082","0.24711850965281082"
"2142","0.24711742335823278","0.24711742335823278","0.24711742335823278"
"2143","0.24711330008555046","0.24711330008555046","0.24711330008555046"
"2144","0.24711464649409265","0.24711464649409265","0.24711464649409265"
"2145","0.24711234945610006","0.24711234945610006","0.24711234945610006"
"2146","0.2471039870689661","0.2471039870689661","0.2471039870689661"
"2147","0.24710048420276415","0.24710048420276415","0.24710048420276415"
"2148","0.24709455986188764","0.24709455986188764","0.24709455986188764"
"2149","0.24709651776019917","0.24709651776019917","0.24709651776019917"
"2150","0.24708575581395412","0.24708575581395412","0.24708575581395412"
"2151","0.2470786359057809","0.2470786359057809","0.2470786359057809"
"2152","0.2470866490473984","0.2470866490473984","0.2470866490473984"
"2153","0.2470940499690361","0.2470940499690361","0.2470940499690361"
"2154","0.24708935410863572","0.24708935410863572","0.24708935410863572"
"2155","0.24709614269141594","0.24709614269141594","0.24709614269141594"
"2156","0.24709084628169514","0.24709084628169514","0.24709084628169514"
"2157","0.247098231532994","0.247098231532994","0.247098231532994"
"2158","0.24709716268921905","0.24709716268921905","0.24709716268921905"
"2159","0.24709609483557265","0.24709609483557265","0.24709609483557265"
"2160","0.24709563078703767","0.24709563078703767","0.24709563078703767"
"2161","0.2470873341817066","0.2470873341817066","0.2470873341817066"
"2162","0.24708747687326613","0.24708747687326613","0.24708747687326613"
"2163","0.247079793689321","0.247079793689321","0.247079793689321"
"2164","0.24707632952094952","0.24707632952094952","0.24707632952094952"
"2165","0.24707467282525086","0.24707467282525086","0.24707467282525086"
"2166","0.24707301765928047","0.24707301765928047","0.24707301765928047"
"2167","0.24706355272265873","0.24706355272265873","0.24706355272265873"
"2168","0.24705950184501912","0.24705950184501912","0.24705950184501912"
"2169","0.2470602572229913","0.2470602572229913","0.2470602572229913"
"2170","0.24706821236559204","0.24706821236559204","0.24706821236559204"
"2171","0.24706476470136715","0.24706476470136715","0.24706476470136715"
"2172","0.24706191969766791","0.24706191969766791","0.24706191969766791"
"2173","0.24705188679245346","0.24705188679245346","0.24705188679245346"
"2174","0.2470448577890224","0.2470448577890224","0.2470448577890224"
"2175","0.24703424329501983","0.24703424329501983","0.24703424329501983"
"2176","0.24703680300245162","0.24703680300245162","0.24703680300245162"
"2177","0.24703098683203248","0.24703098683203248","0.24703098683203248"
"2178","0.2470239803336401","0.2470239803336401","0.2470239803336401"
"2179","0.24701698026617783","0.24701698026617783","0.24701698026617783"
"2180","0.24700580561926674","0.24700580561926674","0.24700580561926674"
"2181","0.24700419341280827","0.24700419341280827","0.24700419341280827"
"2182","0.24700437289948132","0.24700437289948132","0.24700437289948132"
"2183","0.2470063416170415","0.2470063416170415","0.2470063416170415"
"2184","0.24700413518772968","0.24700413518772968","0.24700413518772968"
"2185","0.2469923960717017","0.2469923960717017","0.2469923960717017"
"2186","0.24698424157517604","0.24698424157517604","0.24698424157517604"
"2187","0.24698145290352147","0.24698145290352147","0.24698145290352147"
"2188","0.24698223739335837","0.24698223739335837","0.24698223739335837"
"2189","0.24698540048728557","0.24698540048728557","0.24698540048728557"
"2190","0.24697964231354708","0.24697964231354708","0.24697964231354708"
"2191","0.24698993515137752","0.24698993515137752","0.24698993515137752"
"2192","0.24698596221107122","0.24698596221107122","0.24698596221107122"
"2193","0.24698139914880746","0.24698139914880746","0.24698139914880746"
"2194","0.24697565329687088","0.24697565329687088","0.24697565329687088"
"2195","0.24698355637813274","0.24698355637813274","0.24698355637813274"
"2196","0.2469884875910753","0.2469884875910753","0.2469884875910753"
"2197","0.246985117015628","0.246985117015628","0.246985117015628"
"2198","0.246980564717926","0.246980564717926","0.246980564717926"
"2199","0.24698312206305956","0.24698312206305956","0.24698312206305956"
"2200","0.24697620738636425","0.24697620738636425","0.24697620738636425"
"2201","0.24697758121308558","0.24697758121308558","0.24697758121308558"
"2202","0.2469807277475029","0.2469807277475029","0.2469807277475029"
"2203","0.24697618777424785","0.24697618777424785","0.24697618777424785"
"2204","0.2469704703569274","0.2469704703569274","0.2469704703569274"
"2205","0.24697243480725686","0.24697243480725686","0.24697243480725686"
"2206","0.24696554378211003","0.24696554378211003","0.24696554378211003"
"2207","0.24696101891708264","0.24696101891708264","0.24696101891708264"
"2208","0.24695119074577354","0.24695119074577354","0.24695119074577354"
"2209","0.24695198147729044","0.24695198147729044","0.24695198147729044"
"2210","0.24694629053544553","0.24694629053544553","0.24694629053544553"
"2211","0.24693648236092322","0.24693648236092322","0.24693648236092322"
"2212","0.24692373982821034","0.24692373982821034","0.24692373982821034"
"2213","0.24691806936285643","0.24691806936285643","0.24691806936285643"
"2214","0.24691416836043417","0.24691416836043417","0.24691416836043417"
"2215","0.24690909518434973","0.24690909518434973","0.24690909518434973"
"2216","0.2469099024142605","0.2469099024142605","0.2469099024142605"
"2217","0.24690718500977352","0.24690718500977352","0.24690718500977352"
"2218","0.24690975353171077","0.24690975353171077","0.24690975353171077"
"2219","0.24690527827850434","0.24690527827850434","0.24690527827850434"
"2220","0.24691019144144197","0.24691019144144197","0.24691019144144197"
"2221","0.24690396124118313","0.24690396124118313","0.24690396124118313"
"2222","0.24689246268376885","0.24689246268376885","0.24689246268376885"
"2223","0.24688448886639722","0.24688448886639722","0.24688448886639722"
"2224","0.2468776931579741","0.2468776931579741","0.2468776931579741"
"2225","0.2468697331460679","0.2468697331460679","0.2468697331460679"
"2226","0.24686412005840117","0.24686412005840117","0.24686412005840117"
"2227","0.24686026605298653","0.24686026605298653","0.24686026605298653"
"2228","0.24686167526930028","0.24686167526930028","0.24686167526930028"
"2229","0.24685490503962962","0.24685490503962962","0.24685490503962962"
"2230","0.24685281203288537","0.24685281203288537","0.24685281203288537"
"2231","0.24684079915583496","0.24684079915583496","0.24684079915583496"
"2232","0.24684104782706145","0.24684104782706145","0.24684104782706145"
"2233","0.24683371585311292","0.24683371585311292","0.24683371585311292"
"2234","0.24682580759474834","0.24682580759474834","0.24682580759474834"
"2235","0.24682256711409448","0.24682256711409448","0.24682256711409448"
"2236","0.24681874720483057","0.24681874720483057","0.24681874720483057"
"2237","0.24682191551184673","0.24682191551184673","0.24682191551184673"
"2238","0.2468146084673821","0.2468146084673821","0.2468146084673821"
"2239","0.24681370496501465","0.24681370496501465","0.24681370496501465"
"2240","0.24681861514136955","0.24681861514136955","0.24681861514136955"
"2241","0.24680202290644104","0.24680202290644104","0.24680202290644104"
"2242","0.24679996468926602","0.24679996468926602","0.24679996468926602"
"2243","0.24679848881706098","0.24679848881706098","0.24679848881706098"
"2244","0.24681036003416568","0.24681036003416568","0.24681036003416568"
"2245","0.2468152607646627","0.2468152607646627","0.2468152607646627"
"2246","0.24680682324131842","0.24680682324131842","0.24680682324131842"
"2247","0.2468053469440741","0.2468053469440741","0.2468053469440741"
"2248","0.24680676805308474","0.24680676805308474","0.24680676805308474"
"2249","0.2468029772491483","0.2468029772491483","0.2468029772491483"
"2250","0.24681307870370423","0.24681307870370423","0.24681307870370423"
"2251","0.24680697467792143","0.24680697467792143","0.24680697467792143"
"2252","0.24679393779603365","0.24679393779603365","0.24679393779603365"
"2253","0.24679189321645262","0.24679189321645262","0.24679189321645262"
"2254","0.24677771923987035","0.24677771923987035","0.24677771923987035"
"2255","0.2467699094604587","0.2467699094604587","0.2467699094604587"
"2256","0.24676614675679717","0.24676614675679717","0.24676614675679717"
"2257","0.24676815647614878","0.24676815647614878","0.24676815647614878"
"2258","0.24676555118836777","0.24676555118836777","0.24676555118836777"
"2259","0.24676179541094928","0.24676179541094928","0.24676179541094928"
"2260","0.24676322824483823","0.24676322824483823","0.24676322824483823"
"2261","0.24676235625829324","0.24676235625829324","0.24676235625829324"
"2262","0.2467637875773656","0.2467637875773656","0.2467637875773656"
"2263","0.24675831307998278","0.24675831307998278","0.24675831307998278"
"2264","0.2467407657906365","0.2467407657906365","0.2467407657906365"
"2265","0.24673530629139118","0.24673530629139118","0.24673530629139118"
"2266","0.24673329931597573","0.24673329931597573","0.24673329931597573"
"2267","0.24671980682987843","0.24671980682987843","0.24671980682987843"
"2268","0.2467183825690775","0.2467183825690775","0.2467183825690775"
"2269","0.24671982885265217","0.24671982885265217","0.24671982885265217"
"2270","0.24672184746696085","0.24672184746696085","0.24672184746696085"
"2271","0.24671927748422182","0.24671927748422182","0.24671927748422182"
"2272","0.24672129456426106","0.24672129456426106","0.24672129456426106"
"2273","0.24671700854230874","0.24671700854230874","0.24671700854230874"
"2274","0.24671673446203507","0.24671673446203507","0.24671673446203507"
"2275","0.24671302655677704","0.24671302655677704","0.24671302655677704"
"2276","0.24671675911687221","0.24671675911687221","0.24671675911687221"
"2277","0.24670562051676231","0.24670562051676231","0.24670562051676231"
"2278","0.2467042087357336","0.2467042087357336","0.2467042087357336"
"2279","0.24669308541758128","0.24669308541758128","0.24669308541758128"
"2280","0.24668425621345078","0.24668425621345078","0.24668425621345078"
"2281","0.24667543475084075","0.24667543475084075","0.24667543475084075"
"2282","0.24667232690622312","0.24667232690622312","0.24667232690622312"
"2283","0.2466623777193756","0.2466623777193756","0.2466623777193756"
"2284","0.24666212875802737","0.24666212875802737","0.24666212875802737"
"2285","0.24665504194019017","0.24665504194019017","0.24665504194019017"
"2286","0.24665365722513904","0.24665365722513904","0.24665365722513904"
"2287","0.2466494270150129","0.2466494270150129","0.2466494270150129"
"2288","0.24664804596445275","0.24664804596445275","0.24664804596445275"
"2289","0.24664325305810453","0.24664325305810453","0.24664325305810453"
"2290","0.2466367585516745","0.2466367585516745","0.2466367585516745"
"2291","0.24663140640913778","0.24663140640913778","0.24663140640913778"
"2292","0.24663117182955263","0.24663117182955263","0.24663117182955263"
"2293","0.2466258267916854","0.2466258267916854","0.2466258267916854"
"2294","0.2466255948488817","0.2466255948488817","0.2466255948488817"
"2295","0.2466327387436462","0.2466327387436462","0.2466327387436462"
"2296","0.2466262657883281","0.2466262657883281","0.2466262657883281"
"2297","0.24661696415614628","0.24661696415614628","0.24661696415614628"
"2298","0.2466190029373374","0.2466190029373374","0.2466190029373374"
"2299","0.24661650898941626","0.24661650898941626","0.24661650898941626"
"2300","0.24662250905797156","0.24662250905797156","0.24662250905797156"
"2301","0.24662284513979488","0.24662284513979488","0.24662284513979488"
"2302","0.24661922151028148","0.24661922151028148","0.24661922151028148"
"2303","0.24661560102764568","0.24661560102764568","0.24661560102764568"
"2304","0.24661367910879686","0.24661367910879686","0.24661367910879686"
"2305","0.2466078045914684","0.2466078045914684","0.2466078045914684"
"2306","0.24661322817288292","0.24661322817288292","0.24661322817288292"
"2307","0.24661638943071867","0.24661638943071867","0.24661638943071867"
"2308","0.24661559882293527","0.24661559882293527","0.24661559882293527"
"2309","0.24661424498339887","0.24661424498339887","0.24661424498339887"
"2310","0.24661514700577256","0.24661514700577256","0.24661514700577256"
"2311","0.24661266767633114","0.24661266767633114","0.24661266767633114"
"2312","0.24660962730680563","0.24660962730680563","0.24660962730680563"
"2313","0.24660715250756648","0.24660715250756648","0.24660715250756648"
"2314","0.24660580524344625","0.24660580524344625","0.24660580524344625"
"2315","0.2466016468682511","0.2466016468682511","0.2466016468682511"
"2316","0.24659974093264303","0.24659974093264303","0.24659974093264303"
"2317","0.24659952255071266","0.24659952255071266","0.24659952255071266"
"2318","0.24660435990077706","0.24660435990077706","0.24660435990077706"
"2319","0.24659234853385134","0.24659234853385134","0.24659234853385134"
"2320","0.2465859599497132","0.2465859599497132","0.2465859599497132"
"2321","0.2465745278615545","0.2465745278615545","0.2465745278615545"
"2322","0.24658104992104565","0.24658104992104565","0.24658104992104565"
"2323","0.24658308222126618","0.24658308222126618","0.24658308222126618"
"2324","0.24658119083476823","0.24658119083476823","0.24658119083476823"
"2325","0.24657594086021564","0.24657594086021564","0.24657594086021564"
"2326","0.24657013560475838","0.24657013560475838","0.24657013560475838"
"2327","0.24657552642887898","0.24657552642887898","0.24657552642887898"
"2328","0.24656021799828237","0.24656021799828237","0.24656021799828237"
"2329","0.24655666326749737","0.24655666326749737","0.24655666326749737"
"2330","0.24655367042203208","0.24655367042203208","0.24655367042203208"
"2331","0.24654956295581354","0.24654956295581354","0.24654956295581354"
"2332","0.24654825078616413","0.24654825078616413","0.24654825078616413"
"2333","0.24654917220317246","0.24654917220317246","0.24654917220317246"
"2334","0.24654618769637307","0.24654618769637307","0.24654618769637307"
"2335","0.24654376338329823","0.24654376338329823","0.24654376338329823"
"2336","0.24654580033533166","0.24654580033533166","0.24654580033533166"
"2337","0.2465372495007851","0.2465372495007851","0.2465372495007851"
"2338","0.24653650288708356","0.24653650288708356","0.24653650288708356"
"2339","0.24653019007410634","0.24653019007410634","0.24653019007410634"
"2340","0.24652221331908894","0.24652221331908894","0.24652221331908894"
"2341","0.24652203029332256","0.24652203029332256","0.24652203029332256"
"2342","0.2465257392186172","0.2465257392186172","0.2465257392186172"
"2343","0.24651666310997358","0.24651666310997358","0.24651666310997358"
"2344","0.24650981673066044","0.24650981673066044","0.24650981673066044"
"2345","0.2465024209310596","0.2465024209310596","0.2465024209310596"
"2346","0.2465028017547605","0.2465028017547605","0.2465028017547605"
"2347","0.24649874396392618","0.24649874396392618","0.24649874396392618"
"2348","0.24649746237933054","0.24649746237933054","0.24649746237933054"
"2349","0.2464934103164473","0.2464934103164473","0.2464934103164473"
"2350","0.24648548315602897","0.24648548315602897","0.24648548315602897"
"2351","0.2464764550545873","0.2464764550545873","0.2464764550545873"
"2352","0.24646743463010262","0.24646743463010262","0.24646743463010262"
"2353","0.24645897524436947","0.24645897524436947","0.24645897524436947"
"2354","0.2464610326394795","0.2464610326394795","0.2464610326394795"
"2355","0.24645424186128864","0.24645424186128864","0.24645424186128864"
"2356","0.24645519418506","0.24645519418506","0.24645519418506"
"2357","0.24645172624098488","0.24645172624098488","0.24645172624098488"
"2358","0.2464510222292909","0.2464510222292909","0.2464510222292909"
"2359","0.24645363059912448","0.24645363059912448","0.24645363059912448"
"2360","0.24644961599576323","0.24644961599576323","0.24644961599576323"
"2361","0.24643898683467508","0.24643898683467508","0.24643898683467508"
"2362","0.24643663561953197","0.24643663561953197","0.24643663561953197"
"2363","0.24643593948370762","0.24643593948370762","0.24643593948370762"
"2364","0.24642422800338457","0.24642422800338457","0.24642422800338457"
"2365","0.24642188601127601","0.24642188601127601","0.24642188601127601"
"2366","0.24641404268808162","0.24641404268808162","0.24641404268808162"
"2367","0.24641830816082289","0.24641830816082289","0.24641830816082289"
"2368","0.24640882337415587","0.24640882337415587","0.24640882337415587"
"2369","0.24641528598564844","0.24641528598564844","0.24641528598564844"
"2370","0.24641515031645617","0.24641515031645617","0.24641515031645617"
"2371","0.24640732637424484","0.24640732637424484","0.24640732637424484"
"2372","0.24641048780916294","0.24641048780916294","0.24641048780916294"
"2373","0.24641584141031095","0.24641584141031095","0.24641584141031095"
"2374","0.24641241487643972","0.24641241487643972","0.24641241487643972"
"2375","0.24641008771929873","0.24641008771929873","0.24641008771929873"
"2376","0.24640885855078615","0.24640885855078615","0.24640885855078615"
"2377","0.24640982155377977","0.24640982155377977","0.24640982155377977"
"2378","0.24641242640874733","0.24641242640874733","0.24641242640874733"
"2379","0.24641010315959133","0.24641010315959133","0.24641010315959133"
"2380","0.24640668767507048","0.24640668767507048","0.24640668767507048"
"2381","0.24639944701106023","0.24639944701106023","0.24639944701106023"
"2382","0.24639603886789857","0.24639603886789857","0.24639603886789857"
"2383","0.2463980976360335","0.2463980976360335","0.2463980976360335"
"2384","0.24639523909396022","0.24639523909396022","0.24639523909396022"
"2385","0.24639565863032895","0.24639565863032895","0.24639565863032895"
"2386","0.24638680060771212","0.24638680060771212","0.24638680060771212"
"2387","0.2463904962644887","0.2463904962644887","0.2463904962644887"
"2388","0.24638546464963756","0.24638546464963756","0.24638546464963756"
"2389","0.24637716705037024","0.24637716705037024","0.24637716705037024"
"2390","0.2463759588563464","0.2463759588563464","0.2463759588563464"
"2391","0.24636767217342864","0.24636767217342864","0.24636767217342864"
"2392","0.24636048111761477","0.24636048111761477","0.24636048111761477"
"2393","0.24636526675024426","0.24636526675024426","0.24636526675024426"
"2394","0.2463646094402678","0.2463646094402678","0.2463646094402678"
"2395","0.2463628653444681","0.2463628653444681","0.2463628653444681"
"2396","0.2463654702281585","0.2463654702281585","0.2463654702281585"
"2397","0.24637024579335326","0.24637024579335326","0.24637024579335326"
"2398","0.24636741555462932","0.24636741555462932","0.24636741555462932"
"2399","0.24636784424065633","0.24636784424065633","0.24636784424065633"
"2400","0.24635904947916715","0.24635904947916715","0.24635904947916715"
"2401","0.24636056591003797","0.24636056591003797","0.24636056591003797"
"2402","0.24634907108659498","0.24634907108659498","0.24634907108659498"
"2403","0.24634625554862027","0.24634625554862027","0.24634625554862027"
"2404","0.24634994193704987","0.24634994193704987","0.24634994193704987"
"2405","0.24635362525987578","0.24635362525987578","0.24635362525987578"
"2406","0.24635189370324242","0.24635189370324242","0.24635189370324242"
"2407","0.2463507045423077","0.2463507045423077","0.2463507045423077"
"2408","0.24634627197536046","0.24634627197536046","0.24634627197536046"
"2409","0.24634454562750852","0.24634454562750852","0.24634454562750852"
"2410","0.24634174014522878","0.24634174014522878","0.24634174014522878"
"2411","0.24633299633623723","0.24633299633623723","0.24633299633623723"
"2412","0.24633451665284742","0.24633451665284742","0.24633451665284742"
"2413","0.246331718814754","0.246331718814754","0.246331718814754"
"2414","0.24633269901270421","0.24633269901270421","0.24633269901270421"
"2415","0.2463288259144243","0.2463288259144243","0.2463288259144243"
"2416","0.24631848872102702","0.24631848872102702","0.24631848872102702"
"2417","0.24631785701972192","0.24631785701972192","0.24631785701972192"
"2418","0.2463118408808938","0.2463118408808938","0.2463118408808938"
"2419","0.24630475316935424","0.24630475316935424","0.24630475316935424"
"2420","0.24629928546832006","0.24629928546832006","0.24629928546832006"
"2421","0.2462992005713897","0.2462992005713897","0.2462992005713897"
"2422","0.24630556702449816","0.24630556702449816","0.24630556702449816"
"2423","0.24630547960517313","0.24630547960517313","0.24630547960517313"
"2424","0.24629250034378486","0.24629250034378486","0.24629250034378486"
"2425","0.2462838273195881","0.2462838273195881","0.2462838273195881"
"2426","0.24628213880873914","0.24628213880873914","0.24628213880873914"
"2427","0.2462922546696887","0.2462922546696887","0.2462922546696887"
"2428","0.24629539058209823","0.24629539058209823","0.24629539058209823"
"2429","0.24628941093728607","0.24628941093728607","0.24628941093728607"
"2430","0.24628986625514454","0.24628986625514454","0.24628986625514454"
"2431","0.24628550065131","0.24628550065131","0.24628550065131"
"2432","0.2462907757675444","0.2462907757675444","0.2462907757675444"
"2433","0.24628641337854557","0.24628641337854557","0.24628641337854557"
"2434","0.2462841943987954","0.2462841943987954","0.2462841943987954"
"2435","0.2462760951403154","0.2462760951403154","0.2462760951403154"
"2436","0.24627120963327914","0.24627120963327914","0.24627120963327914"
"2437","0.2462679310285876","0.2462679310285876","0.2462679310285876"
"2438","0.24626465511348153","0.24626465511348153","0.24626465511348153"
"2439","0.2462672543392106","0.2462672543392106","0.2462672543392106"
"2440","0.2462661159494541","0.2462661159494541","0.2462661159494541"
"2441","0.24625537689471583","0.24625537689471583","0.24625537689471583"
"2442","0.24626064274501833","0.24626064274501833","0.24626064274501833"
"2443","0.24626057443034577","0.24626057443034577","0.24626057443034577"
"2444","0.24626583384479056","0.24626583384479056","0.24626583384479056"
"2445","0.2462668285616911","0.2462668285616911","0.2462668285616911"
"2446","0.24626941946034397","0.24626941946034397","0.24626941946034397"
"2447","0.2462682834423109","0.2462682834423109","0.2462682834423109"
"2448","0.24626555266203762","0.24626555266203762","0.24626555266203762"
"2449","0.24626122907309167","0.24626122907309167","0.24626122907309167"
"2450","0.24626009778911626","0.24626009778911626","0.24626009778911626"
"2451","0.24626002991976126","0.24626002991976126","0.24626002991976126"
"2452","0.24625040358211045","0.24625040358211045","0.24625040358211045"
"2453","0.2462445007813568","0.2462445007813568","0.2462445007813568"
"2454","0.2462354192135296","0.2462354192135296","0.2462354192135296"
"2455","0.2462221020027162","0.2462221020027162","0.2462221020027162"
"2456","0.24622311007057607","0.24622311007057607","0.24622311007057607"
"2457","0.2462219975240815","0.2462219975240815","0.2462219975240815"
"2458","0.24622353454705787","0.24622353454705787","0.24622353454705787"
"2459","0.24622242273281886","0.24622242273281886","0.24622242273281886"
"2460","0.2462318978658543","0.2462318978658543","0.2462318978658543"
"2461","0.2462302544697284","0.2462302544697284","0.2462302544697284"
"2462","0.24622861240861152","0.24622861240861152","0.24622861240861152"
"2463","0.24622697168087762","0.24622697168087762","0.24622697168087762"
"2464","0.24622850294237078","0.24622850294237078","0.24622850294237078"
"2465","0.2462242224476004","0.2462242224476004","0.2462242224476004"
"2466","0.24622205748175247","0.24622205748175247","0.24622205748175247"
"2467","0.24622728347520673","0.24622728347520673","0.24622728347520673"
"2468","0.24622089833198338","0.24622089833198338","0.24622089833198338"
"2469","0.24621768259754354","0.24621768259754354","0.24621768259754354"
"2470","0.24621341514844872","0.24621341514844872","0.24621341514844872"
"2471","0.24621547450425","0.24621547450425","0.24621547450425"
"2472","0.24620541734088525","0.24620541734088525","0.24620541734088525"
"2473","0.2462011600283064","0.2462011600283064","0.2462011600283064"
"2474","0.24619953769199746","0.24619953769199746","0.24619953769199746"
"2475","0.2461858164983172","0.2461858164983172","0.2461858164983172"
"2476","0.24617999461497111","0.24617999461497111","0.24617999461497111"
"2477","0.24617628011034925","0.24617628011034925","0.24617628011034925"
"2478","0.2461715176889972","0.2461715176889972","0.2461715176889972"
"2479","0.24616675910985683","0.24616675910985683","0.24616675910985683"
"2480","0.24615465389785018","0.24615465389785018","0.24615465389785018"
"2481","0.2461520052398234","0.2461520052398234","0.2461520052398234"
"2482","0.24615145715820647","0.24615145715820647","0.24615145715820647"
"2483","0.2461472387233193","0.2461472387233193","0.2461472387233193"
"2484","0.24614354787305492","0.24614354787305492","0.24614354787305492"
"2485","0.24613881203890078","0.24613881203890078","0.24613881203890078"
"2486","0.2461408889782791","0.2461408889782791","0.2461408889782791"
"2487","0.24613615802171362","0.24613615802171362","0.24613615802171362"
"2488","0.24613509428590644","0.24613509428590644","0.24613509428590644"
"2489","0.24613821648587192","0.24613821648587192","0.24613821648587192"
"2490","0.24613924447791238","0.24613924447791238","0.24613924447791238"
"2491","0.24613818078415703","0.24613818078415703","0.24613818078415703"
"2492","0.24613555042803714","0.24613555042803714","0.24613555042803714"
"2493","0.2461292661117804","0.2461292661117804","0.2461292661117804"
"2494","0.24612246474873103","0.24612246474873103","0.24612246474873103"
"2495","0.24611566883767608","0.24611566883767608","0.24611566883767608"
"2496","0.24611044337606908","0.24611044337606908","0.24611044337606908"
"2497","0.24610782939527506","0.24610782939527506","0.24610782939527506"
"2498","0.24610365375633914","0.24610365375633914","0.24610365375633914"
"2499","0.24610625500200153","0.24610625500200153","0.24610625500200153"
"2500","0.24609583333333407","0.24609583333333407","0.24609583333333407"
"2501","0.24608698187391786","0.24608698187391786","0.24608698187391786"
"2502","0.24608854583000342","0.24608854583000342","0.24608854583000342"
"2503","0.24607814372752773","0.24607814372752773","0.24607814372752773"
"2504","0.24607710995740228","0.24607710995740228","0.24607710995740228"
"2505","0.24606931969394624","0.24606931969394624","0.24606931969394624"
"2506","0.24606777068369326","0.24606777068369326","0.24606777068369326"
"2507","0.24606570353011645","0.24606570353011645","0.24606570353011645"
"2508","0.2460719447767153","0.2460719447767153","0.2460719447767153"
"2509","0.24606780174704476","0.24606780174704476","0.24606780174704476"
"2510","0.246067293326694","0.246067293326694","0.246067293326694"
"2511","0.24606522965618022","0.24606522965618022","0.24606522965618022"
"2512","0.2460657593550963","0.2460657593550963","0.2460657593550963"
"2513","0.246063697937393","0.246063697937393","0.246063697937393"
"2514","0.24606163815964008","0.24606163815964008","0.24606163815964008"
"2515","0.2460606154738245","0.2460606154738245","0.2460606154738245"
"2516","0.2460616636857453","0.2460616636857453","0.2460616636857453"
"2517","0.24605857254006167","0.24605857254006167","0.24605857254006167"
"2518","0.24605755229017814","0.24605755229017814","0.24605755229017814"
"2519","0.2460565328503382","0.2460565328503382","0.2460565328503382"
"2520","0.24605448082010659","0.24605448082010659","0.24605448082010659"
"2521","0.24604674897527512","0.24604674897527512","0.24604674897527512"
"2522","0.24604366987179563","0.24604366987179563","0.24604366987179563"
"2523","0.24603749669705452","0.24603749669705452","0.24603749669705452"
"2524","0.24604113015055545","0.24604113015055545","0.24604113015055545"
"2525","0.24603908828382914","0.24603908828382914","0.24603908828382914"
"2526","0.24604684200976587","0.24604684200976587","0.24604684200976587"
"2527","0.24604995218309006","0.24604995218309006","0.24604995218309006"
"2528","0.24604739418512736","0.24604739418512736","0.24604739418512736"
"2529","0.24604638279293606","0.24604638279293606","0.24604638279293606"
"2530","0.2460469161725963","0.2460469161725963","0.2460469161725963"
"2531","0.2460356166864225","0.2460356166864225","0.2460356166864225"
"2532","0.24602844013296551","0.24602844013296551","0.24602844013296551"
"2533","0.24602383948545942","0.24602383948545942","0.24602383948545942"
"2534","0.24601821477900634","0.24601821477900634","0.24601821477900634"
"2535","0.24601721729125658","0.24601721729125658","0.24601721729125658"
"2536","0.2460126265115676","0.2460126265115676","0.2460126265115676"
"2537","0.2460003407896474","0.2460003407896474","0.2460003407896474"
"2538","0.24598806474914714","0.24598806474914714","0.24598806474914714"
"2539","0.24597323421294556","0.24597323421294556","0.24597323421294556"
"2540","0.24596610482283549","0.24596610482283549","0.24596610482283549"
"2541","0.24596461776859588","0.24596461776859588","0.24596461776859588"
"2542","0.24596671747967566","0.24596671747967566","0.24596671747967566"
"2543","0.2459590870363097","0.2459590870363097","0.2459590870363097"
"2544","0.24595760449423568","0.24595760449423568","0.24595760449423568"
"2545","0.24595663474132373","0.24595663474132373","0.24595663474132373"
"2546","0.24595362005760757","0.24595362005760757","0.24595362005760757"
"2547","0.24595060774113423","0.24595060774113423","0.24595060774113423"
"2548","0.24594606472396738","0.24594606472396738","0.24594606472396738"
"2549","0.24593692788021534","0.24593692788021534","0.24593692788021534"
"2550","0.24593852124183094","0.24593852124183094","0.24593852124183094"
"2551","0.2459334778844906","0.2459334778844906","0.2459334778844906"
"2552","0.24592996914185036","0.24592996914185036","0.24592996914185036"
"2553","0.24593105333594548","0.24593105333594548","0.24593105333594548"
"2554","0.24592245007830937","0.24592245007830937","0.24592245007830937"
"2555","0.24591945939334722","0.24591945939334722","0.24591945939334722"
"2556","0.2459185087376117","0.2459185087376117","0.2459185087376117"
"2557","0.24591093892582538","0.24591093892582538","0.24591093892582538"
"2558","0.24591253746416558","0.24591253746416558","0.24591253746416558"
"2559","0.24591362592809776","0.24591362592809776","0.24591362592809776"
"2560","0.24591674804687585","0.24591674804687585","0.24591674804687585"
"2561","0.24590207275803808","0.24590207275803808","0.24590207275803808"
"2562","0.24589350767629545","0.24589350767629545","0.24589350767629545"
"2563","0.24589155368058352","0.24589155368058352","0.24589155368058352"
"2564","0.24589264820592907","0.24589264820592907","0.24589264820592907"
"2565","0.24589018843404895","0.24589018843404895","0.24589018843404895"
"2566","0.2458943272603282","0.2458943272603282","0.2458943272603282"
"2567","0.2458954194260494","0.2458954194260494","0.2458954194260494"
"2568","0.24589600369937778","0.24589600369937778","0.24589600369937778"
"2569","0.24589202591799747","0.24589202591799747","0.24589202591799747"
"2570","0.2458890645265897","0.2458890645265897","0.2458890645265897"
"2571","0.24588205383767753","0.24588205383767753","0.24588205383767753"
"2572","0.24587808611975204","0.24587808611975204","0.24587808611975204"
"2573","0.24587462754242864","0.24587462754242864","0.24587462754242864"
"2574","0.24587370095182684","0.24587370095182684","0.24587370095182684"
"2575","0.2458722694174766","0.2458722694174766","0.2458722694174766"
"2576","0.24587134446169862","0.24587134446169862","0.24587134446169862"
"2577","0.24586991495278837","0.24586991495278837","0.24586991495278837"
"2578","0.24586596117791662","0.24586596117791662","0.24586596117791662"
"2579","0.24586806901900055","0.24586806901900055","0.24586806901900055"
"2580","0.24587219395994922","0.24587219395994922","0.24587219395994922"
"2581","0.24586622594601668","0.24586622594601668","0.24586622594601668"
"2582","0.24586429689517258","0.24586429689517258","0.24586429689517258"
"2583","0.24586035294876848","0.24586035294876848","0.24586035294876848"
"2584","0.24585993937048592","0.24585993937048592","0.24585993937048592"
"2585","0.2458625483559003","0.2458625483559003","0.2458625483559003"
"2586","0.24586112722351208","0.24586112722351208","0.24586112722351208"
"2587","0.24586172046128166","0.24586172046128166","0.24586172046128166"
"2588","0.24585325701957844","0.24585325701957844","0.24585325701957844"
"2589","0.24584882354834647","0.24584882354834647","0.24584882354834647"
"2590","0.24584690717503307","0.24584690717503307","0.24584690717503307"
"2591","0.2458399668725083","0.2458399668725083","0.2458399668725083"
"2592","0.24583755304784044","0.24583755304784044","0.24583755304784044"
"2593","0.24583413677850713","0.24583413677850713","0.24583413677850713"
"2594","0.24583273098175368","0.24583273098175368","0.24583273098175368"
"2595","0.2458313262684659","0.2458313262684659","0.2458313262684659"
"2596","0.2458304242103245","0.2458304242103245","0.2458304242103245"
"2597","0.2458225035297147","0.2458225035297147","0.2458225035297147"
"2598","0.24582260793559238","0.24582260793559238","0.24582260793559238"
"2599","0.24581619933949045","0.24581619933949045","0.24581619933949045"
"2600","0.24581630608974447","0.24581630608974447","0.24581630608974447"
"2601","0.2458033969306686","0.2458033969306686","0.2458033969306686"
"2602","0.245802507686396","0.245802507686396","0.245802507686396"
"2603","0.24580111890126868","0.24580111890126868","0.24580111890126868"
"2604","0.24580123127880277","0.24580123127880277","0.24580123127880277"
"2605","0.2458008437300073","0.2458008437300073","0.2458008437300073"
"2606","0.24579945718214466","0.24579945718214466","0.24579945718214466"
"2607","0.2457950749584461","0.2457950749584461","0.2457950749584461"
"2608","0.24579568874616656","0.24579568874616656","0.24579568874616656"
"2609","0.24578731873642612","0.24578731873642612","0.24578731873642612"
"2610","0.2457819484355054","0.2457819484355054","0.2457819484355054"
"2611","0.24577757963104907","0.24577757963104907","0.24577757963104907"
"2612","0.24577720217585597","0.24577720217585597","0.24577720217585597"
"2613","0.24577084529276785","0.24577084529276785","0.24577084529276785"
"2614","0.24577096882173005","0.24577096882173005","0.24577096882173005"
"2615","0.24577557361376764","0.24577557361376764","0.24577557361376764"
"2616","0.2457707178580539","0.2457707178580539","0.2457707178580539"
"2617","0.24576337807285786","0.24576337807285786","0.24576337807285786"
"2618","0.24575853068500217","0.24575853068500217","0.24575853068500217"
"2619","0.2457586586801587","0.2457586586801587","0.2457586586801587"
"2620","0.24574884701017902","0.24574884701017902","0.24574884701017902"
"2621","0.24574351392598337","0.24574351392598337","0.24574351392598337"
"2622","0.24574414410119594","0.24574414410119594","0.24574414410119594"
"2623","0.2457432845660195","0.2457432845660195","0.2457432845660195"
"2624","0.24574341812754158","0.24574341812754158","0.24574341812754158"
"2625","0.24574503968254063","0.24574503968254063","0.24574503968254063"
"2626","0.245743189102565","0.245743189102565","0.245743189102565"
"2627","0.24574580081842495","0.24574580081842495","0.24574580081842495"
"2628","0.24573850123668278","0.24573850123668278","0.24573850123668278"
"2629","0.24574012219475178","0.24574012219475178","0.24574012219475178"
"2630","0.24574570262991216","0.24574570262991216","0.24574570262991216"
"2631","0.2457438553148368","0.2457438553148368","0.2457438553148368"
"2632","0.24574250411600898","0.24574250411600898","0.24574250411600898"
"2633","0.24574263751740816","0.24574263751740816","0.24574263751740816"
"2634","0.2457412878068852","0.2457412878068852","0.2457412878068852"
"2635","0.24573895082226527","0.24573895082226527","0.24573895082226527"
"2636","0.2457346397635315","0.2457346397635315","0.2457346397635315"
"2637","0.2457298381999756","0.2457298381999756","0.2457298381999756"
"2638","0.2457373799595662","0.2457373799595662","0.2457373799595662"
"2639","0.24573110079575683","0.24573110079575683","0.24573110079575683"
"2640","0.2457253196022736","0.2457253196022736","0.2457253196022736"
"2641","0.24571954278682404","0.24571954278682404","0.24571954278682404"
"2642","0.24571869874463878","0.24571869874463878","0.24571869874463878"
"2643","0.24571785534115362","0.24571785534115362","0.24571785534115362"
"2644","0.24571405777231559","0.24571405777231559","0.24571405777231559"
"2645","0.2457142013232523","0.2457142013232523","0.2457142013232523"
"2646","0.24571582105064338","0.24571582105064338","0.24571582105064338"
"2647","0.24571547191789536","0.24571547191789536","0.24571547191789536"
"2648","0.24571020581571087","0.24571020581571087","0.24571020581571087"
"2649","0.24570740137787936","0.24570740137787936","0.24570740137787936"
"2650","0.24571098663522103","0.24571098663522103","0.24571098663522103"
"2651","0.24570769285175495","0.24570769285175495","0.24570769285175495"
"2652","0.24570341958899033","0.24570341958899033","0.24570341958899033"
"2653","0.2456976771579353","0.2456976771579353","0.2456976771579353"
"2654","0.24569684517081228","0.24569684517081228","0.24569684517081228"
"2655","0.2456940521029513","0.2456940521029513","0.2456940521029513"
"2656","0.24569518307605512","0.24569518307605512","0.24569518307605512"
"2657","0.24569141262075114","0.24569141262075114","0.24569141262075114"
"2658","0.24568911462252413","0.24568911462252413","0.24568911462252413"
"2659","0.24569024617650836","0.24569024617650836","0.24569024617650836"
"2660","0.2456918663847127","0.2456918663847127","0.2456918663847127"
"2661","0.24570180383314633","0.24570180383314633","0.24570180383314633"
"2662","0.24569461401202194","0.24569461401202194","0.24569461401202194"
"2663","0.2456918301727384","0.2456918301727384","0.2456918301727384"
"2664","0.24569100350350442","0.24569100350350442","0.24569100350350442"
"2665","0.24568773452157688","0.24568773452157688","0.24568773452157688"
"2666","0.24568544479870058","0.24568544479870058","0.24568544479870058"
"2667","0.2456831567929018","0.2456831567929018","0.2456831567929018"
"2668","0.24568379872563811","0.24568379872563811","0.24568379872563811"
"2669","0.24568492803172318","0.24568492803172318","0.24568492803172318"
"2670","0.24567337702871503","0.24567337702871503","0.24567337702871503"
"2671","0.24567109696742886","0.24567109696742886","0.24567109696742886"
"2672","0.24567320437250595","0.24567320437250595","0.24567320437250595"
"2673","0.24566605483850948","0.24566605483850948","0.24566605483850948"
"2674","0.24565842370979898","0.24565842370979898","0.24565842370979898"
"2675","0.24566248052959594","0.24566248052959594","0.24566248052959594"
"2676","0.24565972222222315","0.24565972222222315","0.24565972222222315"
"2677","0.24564675164985772","0.24564675164985772","0.24564675164985772"
"2678","0.24564059777197003","0.24564059777197003","0.24564059777197003"
"2679","0.245638336755009","0.245638336755009","0.245638336755009"
"2680","0.245635591573384","0.245635591573384","0.245635591573384"
"2681","0.24563916215964285","0.24563916215964285","0.24563916215964285"
"2682","0.24564078812453485","0.24564078812453485","0.24564078812453485"
"2683","0.24563901571623897","0.24563901571623897","0.24563901571623897"
"2684","0.24564064052409432","0.24564064052409432","0.24564064052409432"
"2685","0.2456461436995664","0.2456461436995664","0.2456461436995664"
"2686","0.2456419474435353","0.2456419474435353","0.2456419474435353"
"2687","0.24564017724227852","0.24564017724227852","0.24564017724227852"
"2688","0.24563792395213385","0.24563792395213385","0.24563792395213385"
"2689","0.24563228275691176","0.24563228275691176","0.24563228275691176"
"2690","0.24562809789343337","0.24562809789343337","0.24562809789343337"
"2691","0.24562294840827542","0.24562294840827542","0.24562294840827542"
"2692","0.24561441694527086","0.24561441694527086","0.24561441694527086"
"2693","0.24561459493749319","0.24561459493749319","0.24561459493749319"
"2694","0.24561235616184204","0.24561235616184204","0.24561235616184204"
"2695","0.2456159168212749","0.2456159168212749","0.2456159168212749"
"2696","0.24561512812190997","0.24561512812190997","0.24561512812190997"
"2697","0.24560854653318598","0.24560854653318598","0.24560854653318598"
"2698","0.24560583070793277","0.24560583070793277","0.24560583070793277"
"2699","0.24560022230455822","0.24560022230455822","0.24560022230455822"
"2700","0.2455893132716059","0.2455893132716059","0.2455893132716059"
"2701","0.2455793764655076","0.2455793764655076","0.2455793764655076"
"2702","0.24558004872933728","0.24558004872933728","0.24558004872933728"
"2703","0.24557445816376966","0.24557445816376966","0.24557445816376966"
"2704","0.24556983481262426","0.24556983481262426","0.24556983481262426"
"2705","0.24556377079482536","0.24556377079482536","0.24556377079482536"
"2706","0.24555963599408817","0.24555963599408817","0.24555963599408817"
"2707","0.24555550424824626","0.24555550424824626","0.24555550424824626"
"2708","0.2455542605243732","0.2455542605243732","0.2455542605243732"
"2709","0.24555253706779964","0.24555253706779964","0.24555253706779964"
"2710","0.2455498539360403","0.2455498539360403","0.2455498539360403"
"2711","0.24554188952416178","0.24554188952416178","0.24554188952416178"
"2712","0.24553393098574336","0.24553393098574336","0.24553393098574336"
"2713","0.2455322175635837","0.2455322175635837","0.2455322175635837"
"2714","0.2455314649349064","0.2455314649349064","0.2455314649349064"
"2715","0.24553215162676587","0.24553215162676587","0.24553215162676587"
"2716","0.24552324957044772","0.24552324957044772","0.24552324957044772"
"2717","0.24551962565942928","0.24551962565942928","0.24551962565942928"
"2718","0.24550881852465148","0.24550881852465148","0.24550881852465148"
"2719","0.2455143013669251","0.2455143013669251","0.2455143013669251"
"2720","0.24550541896446176","0.24550541896446176","0.24550541896446176"
"2721","0.24550802783903072","0.24550802783903072","0.24550802783903072"
"2722","0.24550106768920008","0.24550106768920008","0.24550106768920008"
"2723","0.2454984162688221","0.2454984162688221","0.2454984162688221"
"2724","0.2454962447993157","0.2454962447993157","0.2454962447993157"
"2725","0.245498375382264","0.245498375382264","0.245498375382264"
"2726","0.2454923842932267","0.2454923842932267","0.2454923842932267"
"2727","0.24549594716416184","0.24549594716416184","0.24549594716416184"
"2728","0.24549759820992278","0.24549759820992278","0.24549759820992278"
"2729","0.2454949538903149","0.2454949538903149","0.2454949538903149"
"2730","0.24549660409035506","0.24549660409035506","0.24549660409035506"
"2731","0.24549348529232368","0.24549348529232368","0.24549348529232368"
"2732","0.24548703254636506","0.24548703254636506","0.24548703254636506"
"2733","0.24548725454323797","0.24548725454323797","0.24548725454323797"
"2734","0.24548271381980102","0.24548271381980102","0.24548271381980102"
"2735","0.24548293723339523","0.24548293723339523","0.24548293723339523"
"2736","0.24547982913011793","0.24547982913011793","0.24547982913011793"
"2737","0.24547101449275457","0.24547101449275457","0.24547101449275457"
"2738","0.24546458409423033","0.24546458409423033","0.24546458409423033"
"2739","0.24547432152853935","0.24547432152853935","0.24547432152853935"
"2740","0.24547407238442914","0.24547407238442914","0.24547407238442914"
"2741","0.24547904885686583","0.24547904885686583","0.24547904885686583"
"2742","0.24547974790299149","0.24547974790299149","0.24547974790299149"
"2743","0.24547949705310582","0.24547949705310582","0.24547949705310582"
"2744","0.24548351706754223","0.24548351706754223","0.24548351706754223"
"2745","0.24547804720704403","0.24547804720704403","0.24547804720704403"
"2746","0.2454659428866239","0.2454659428866239","0.2454659428866239"
"2747","0.24546048340614096","0.24546048340614096","0.24546048340614096"
"2748","0.2454597661935963","0.2454597661935963","0.2454597661935963"
"2749","0.24545668121741332","0.24545668121741332","0.24545668121741332"
"2750","0.2454616477272737","0.2454616477272737","0.2454616477272737"
"2751","0.24545903762268362","0.24545903762268362","0.24545903762268362"
"2752","0.24546589222989434","0.24546589222989434","0.24546589222989434"
"2753","0.24546801216854436","0.24546801216854436","0.24546801216854436"
"2754","0.2454635114076504","0.2454635114076504","0.2454635114076504"
"2755","0.24546137704174323","0.24546137704174323","0.24546137704174323"
"2756","0.2454554645924054","0.2454554645924054","0.2454554645924054"
"2757","0.2454556961068804","0.2454556961068804","0.2454556961068804"
"2758","0.2454530947848692","0.2454530947848692","0.2454530947848692"
"2759","0.2454495514679241","0.2454495514679241","0.2454495514679241"
"2760","0.24543893417874493","0.24543893417874493","0.24543893417874493"
"2761","0.24544294413256162","0.24544294413256162","0.24544294413256162"
"2762","0.24543846548394976","0.24543846548394976","0.24543846548394976"
"2763","0.24544011641935187","0.24544011641935187","0.24544011641935187"
"2764","0.24544035290038685","0.24544035290038685","0.24544035290038685"
"2765","0.24544058921036863","0.24544058921036863","0.24544058921036863"
"2766","0.2454445913171858","0.2454445913171858","0.2454445913171858"
"2767","0.24544294362125135","0.24544294362125135","0.24544294362125135"
"2768","0.2454389450867061","0.2454389450867061","0.2454389450867061"
"2769","0.24543541967617763","0.24543541967617763","0.24543541967617763"
"2770","0.24543565734055448","0.24543565734055448","0.24543565734055448"
"2771","0.24543871421267985","0.24543871421267985","0.24543871421267985"
"2772","0.24543425324675414","0.24543425324675414","0.24543425324675414"
"2773","0.24542979549825789","0.24542979549825789","0.24542979549825789"
"2774","0.2454361368961797","0.2454361368961797","0.2454361368961797"
"2775","0.24543543543543636","0.24543543543543636","0.24543543543543636"
"2776","0.2454337963796839","0.2454337963796839","0.2454337963796839"
"2777","0.24543356514824238","0.24543356514824238","0.24543356514824238"
"2778","0.24543145923326223","0.24543145923326223","0.24543145923326223"
"2779","0.24543216609691826","0.24543216609691826","0.24543216609691826"
"2780","0.24542912544964118","0.24542912544964118","0.24542912544964118"
"2781","0.24542421416157348","0.24542421416157348","0.24542421416157348"
"2782","0.24541462601845287","0.24541462601845287","0.24541462601845287"
"2783","0.2454134664331067","0.2454134664331067","0.2454134664331067"
"2784","0.24540763065732848","0.24540763065732848","0.24540763065732848"
"2785","0.24540133153800212","0.24540133153800212","0.24540133153800212"
"2786","0.24539690640703607","0.24539690640703607","0.24539690640703607"
"2787","0.2453948204461198","0.2453948204461198","0.2453948204461198"
"2788","0.24539273598158867","0.24539273598158867","0.24539273598158867"
"2789","0.24539532165053277","0.24539532165053277","0.24539532165053277"
"2790","0.24539370519713352","0.24539370519713352","0.24539370519713352"
"2791","0.2453939560193488","0.2453939560193488","0.2453939560193488"
"2792","0.24539000940186337","0.24539000940186337","0.24539000940186337"
"2793","0.24538653180570566","0.24538653180570566","0.24538653180570566"
"2794","0.24537932847172603","0.24537932847172603","0.24537932847172603"
"2795","0.24537958407871288","0.24537958407871288","0.24537958407871288"
"2796","0.2453784424177405","0.2453784424177405","0.2453784424177405"
"2797","0.2453759049874875","0.2453759049874875","0.2453759049874875"
"2798","0.24537988444126846","0.24537988444126846","0.24537988444126846"
"2799","0.2453810698761471","0.2453810698761471","0.2453810698761471"
"2800","0.24538690476190564","0.24538690476190564","0.24538690476190564"
"2801","0.24537971929668062","0.24537971929668062","0.24537971929668062"
"2802","0.2453804388234603","0.2453804388234603","0.2453804388234603"
"2803","0.24537372532405843","0.24537372532405843","0.24537372532405843"
"2804","0.24537212464336747","0.24537212464336747","0.24537212464336747"
"2805","0.24535984848484935","0.24535984848484935","0.24535984848484935"
"2806","0.24535129335946865","0.24535129335946865","0.24535129335946865"
"2807","0.24535155786129997","0.24535155786129997","0.24535155786129997"
"2808","0.2453457940111594","0.2453457940111594","0.2453457940111594"
"2809","0.24533771656580122","0.24533771656580122","0.24533771656580122"
"2810","0.24533427861803167","0.24533427861803167","0.24533427861803167"
"2811","0.24532899027629634","0.24532899027629634","0.24532899027629634"
"2812","0.24532324265054611","0.24532324265054611","0.24532324265054611"
"2813","0.2453244423213659","0.2453244423213659","0.2453244423213659"
"2814","0.2453228648424552","0.2453228648424552","0.2453228648424552"
"2815","0.24532175103611684","0.24532175103611684","0.24532175103611684"
"2816","0.24531740130800267","0.24531740130800267","0.24531740130800267"
"2817","0.2453195257957646","0.2453195257957646","0.2453195257957646"
"2818","0.24531933847882736","0.24531933847882736","0.24531933847882736"
"2819","0.24531268475818926","0.24531268475818926","0.24531268475818926"
"2820","0.24530834441489438","0.24530834441489438","0.24530834441489438"
"2821","0.24530216087675843","0.24530216087675843","0.24530216087675843"
"2822","0.2452964431254437","0.2452964431254437","0.2452964431254437"
"2823","0.24529534183492815","0.24529534183492815","0.24529534183492815"
"2824","0.24528870839235203","0.24528870839235203","0.24528870839235203"
"2825","0.24529314159292112","0.24529314159292112","0.24529314159292112"
"2826","0.24529250339113076","0.24529250339113076","0.24529250339113076"
"2827","0.2452877203454789","0.2452877203454789","0.2452877203454789"
"2828","0.24528017812942088","0.24528017812942088","0.24528017812942088"
"2829","0.2452721809826802","0.2452721809826802","0.2452721809826802"
"2830","0.24526741018845782","0.24526741018845782","0.24526741018845782"
"2831","0.24526310270222618","0.24526310270222618","0.24526310270222618"
"2832","0.24525603960687462","0.24525603960687462","0.24525603960687462"
"2833","0.24526322949758875","0.24526322949758875","0.24526322949758875"
"2834","0.24526122529993022","0.24526122529993022","0.24526122529993022"
"2835","0.24526014109347524","0.24526014109347524","0.24526014109347524"
"2836","0.24526594455218698","0.24526594455218698","0.24526594455218698"
"2837","0.2452593518681714","0.2452593518681714","0.2452593518681714"
"2838","0.24525826946793597","0.24525826946793597","0.24525826946793597"
"2839","0.24526131560408676","0.24526131560408676","0.24526131560408676"
"2840","0.2452602332746487","0.2452602332746487","0.2452602332746487"
"2841","0.2452573184324776","0.2452573184324776","0.2452573184324776"
"2842","0.2452635687895856","0.2452635687895856","0.2452635687895856"
"2843","0.24526065482471646","0.24526065482471646","0.24526065482471646"
"2844","0.2452595742498836","0.2452595742498836","0.2452595742498836"
"2845","0.2452616981546581","0.2452616981546581","0.2452616981546581"
"2846","0.24525741537830953","0.24525741537830953","0.24525741537830953"
"2847","0.245258166491044","0.245258166491044","0.245258166491044"
"2848","0.2452621174215832","0.2452621174215832","0.2452621174215832"
"2849","0.24525738197613278","0.24525738197613278","0.24525738197613278"
"2850","0.24524671052631658","0.24524671052631658","0.24524671052631658"
"2851","0.24524700762890295","0.24524700762890295","0.24524700762890295"
"2852","0.24524182591164176","0.24524182591164176","0.24524182591164176"
"2853","0.2452457756455201","0.2452457756455201","0.2452457756455201"
"2854","0.24524561653235302","0.24524561653235302","0.24524561653235302"
"2855","0.24524956217162946","0.24524956217162946","0.24524956217162946"
"2856","0.24524621046335277","0.24524621046335277","0.24524621046335277"
"2857","0.2452424053494349","0.2452424053494349","0.2452424053494349"
"2858","0.2452399696757647","0.2452399696757647","0.2452399696757647"
"2859","0.24523981287163418","0.24523981287163418","0.24523981287163418"
"2860","0.24523783508158584","0.24523783508158584","0.24523783508158584"
"2861","0.24524132005126492","0.24524132005126492","0.24524132005126492"
"2862","0.24523160886908998","0.24523160886908998","0.24523160886908998"
"2863","0.24522144967400242","0.24522144967400242","0.24522144967400242"
"2864","0.24522402743831548","0.24522402743831548","0.24522402743831548"
"2865","0.24522614892379369","0.24522614892379369","0.24522614892379369"
"2866","0.24522645164573234","0.24522645164573234","0.24522645164573234"
"2867","0.2452203958842003","0.2452203958842003","0.2452203958842003"
"2868","0.24521616036146057","0.24521616036146057","0.24521616036146057"
"2869","0.24521692009411022","0.24521692009411022","0.24521692009411022"
"2870","0.24521631823461174","0.24521631823461174","0.24521631823461174"
"2871","0.24522161267851003","0.24522161267851003","0.24522161267851003"
"2872","0.2452191961176888","0.2452191961176888","0.2452191961176888"
"2873","0.24521134267316474","0.24521134267316474","0.24521134267316474"
"2874","0.2452107435919748","0.2452107435919748","0.2452107435919748"
"2875","0.24520923913043557","0.24520923913043557","0.24520923913043557"
"2876","0.24521316860802117","0.24521316860802117","0.24521316860802117"
"2877","0.24520985401459933","0.24520985401459933","0.24520985401459933"
"2878","0.24520473201876383","0.24520473201876383","0.24520473201876383"
"2879","0.24520187492763768","0.24520187492763768","0.24520187492763768"
"2880","0.24519449869791746","0.24519449869791746","0.24519449869791746"
"2881","0.24519029127617803","0.24519029127617803","0.24519029127617803"
"2882","0.24519331555054438","0.24519331555054438","0.24519331555054438"
"2883","0.24519498280148072","0.24519498280148072","0.24519498280148072"
"2884","0.24519619741100399","0.24519619741100399","0.24519619741100399"
"2885","0.2451888359329875","0.2451888359329875","0.2451888359329875"
"2886","0.24518283307345887","0.24518283307345887","0.24518283307345887"
"2887","0.24517593234037718","0.24517593234037718","0.24517593234037718"
"2888","0.24516858552631657","0.24516858552631657","0.24516858552631657"
"2889","0.24516665224414524","0.24516665224414524","0.24516665224414524"
"2890","0.2451755334486744","0.2451755334486744","0.2451755334486744"
"2891","0.2451758510607641","0.2451758510607641","0.2451758510607641"
"2892","0.24517886987090906","0.24517886987090906","0.24517886987090906"
"2893","0.24517378514229832","0.24517378514229832","0.24517378514229832"
"2894","0.24517365310412428","0.24517365310412428","0.24517365310412428"
"2895","0.2451726216177325","0.2451726216177325","0.2451726216177325"
"2896","0.24516664508517577","0.24516664508517577","0.24516664508517577"
"2897","0.24516966186284744","0.24516966186284744","0.24516966186284744"
"2898","0.24517537238325363","0.24517537238325363","0.24517537238325363"
"2899","0.245174790876165","0.245174790876165","0.245174790876165"
"2900","0.24517061781609276","0.24517061781609276","0.24517061781609276"
"2901","0.24517138486728796","0.24517138486728796","0.24517138486728796"
"2902","0.24517035665058662","0.24517035665058662","0.24517035665058662"
"2903","0.24516708649098717","0.24516708649098717","0.24516708649098717"
"2904","0.24516292183195673","0.24516292183195673","0.24516292183195673"
"2905","0.24515831181870423","0.24515831181870423","0.24515831181870423"
"2906","0.24516042598646565","0.24516042598646565","0.24516042598646565"
"2907","0.24516612200435814","0.24516612200435814","0.24516612200435814"
"2908","0.24516420220082616","0.24516420220082616","0.24516420220082616"
"2909","0.24516004569153288","0.24516004569153288","0.24516004569153288"
"2910","0.2451590241981681","0.2451590241981681","0.2451590241981681"
"2911","0.2451477155616635","0.2451477155616635","0.2451477155616635"
"2912","0.24514580471611808","0.24514580471611808","0.24514580471611808"
"2913","0.24514389518251606","0.24514389518251606","0.24514389518251606"
"2914","0.24513930593685745","0.24513930593685745","0.24513930593685745"
"2915","0.24514231346483795","0.24514231346483795","0.24514231346483795"
"2916","0.24513951403177958","0.24513951403177958","0.24513951403177958"
"2917","0.24514251942635215","0.24514251942635215","0.24514251942635215"
"2918","0.2451432916381092","0.2451432916381092","0.2451432916381092"
"2919","0.24513781831677603","0.24513781831677603","0.24513781831677603"
"2920","0.24513725385274063","0.24513725385274063","0.24513725385274063"
"2921","0.2451349067100317","0.2451349067100317","0.2451349067100317"
"2922","0.24513746292493813","0.24513746292493813","0.24513746292493813"
"2923","0.24514536292621822","0.24514536292621822","0.24514536292621822"
"2924","0.24514390603625258","0.24514390603625258","0.24514390603625258"
"2925","0.2451353276353285","0.2451353276353285","0.2451353276353285"
"2926","0.24513120514354153","0.24513120514354153","0.24513120514354153"
"2927","0.24513464796150866","0.24513464796150866","0.24513464796150866"
"2928","0.2451354202242723","0.2451354202242723","0.2451354202242723"
"2929","0.24512107730169658","0.24512107730169658","0.24512107730169658"
"2930","0.2451254088452796","0.2451254088452796","0.2451254088452796"
"2931","0.245117742806779","0.245117742806779","0.245117742806779"
"2932","0.24511274656093768","0.24511274656093768","0.24511274656093768"
"2933","0.24510420218206705","0.24510420218206705","0.24510420218206705"
"2934","0.24510453945126195","0.24510453945126195","0.24510453945126195"
"2935","0.24510798197047223","0.24510798197047223","0.24510798197047223"
"2936","0.24510920470027336","0.24510920470027336","0.24510920470027336"
"2937","0.24511530331404016","0.24511530331404016","0.24511530331404016"
"2938","0.2451178522804638","0.2451178522804638","0.2451178522804638"
"2939","0.2451168552228658","0.2451168552228658","0.2451168552228658"
"2940","0.24511364441610067","0.24511364441610067","0.24511364441610067"
"2941","0.2451148631417894","0.2451148631417894","0.2451148631417894"
"2942","0.24511386811692815","0.24511386811692815","0.24511386811692815"
"2943","0.2451177405425312","0.2451177405425312","0.2451177405425312"
"2944","0.24511497608129615","0.24511497608129615","0.24511497608129615"
"2945","0.24511132923033477","0.24511132923033477","0.24511132923033477"
"2946","0.24510945278909343","0.24510945278909343","0.24510945278909343"
"2947","0.24510846128831668","0.24510846128831668","0.24510846128831668"
"2948","0.24510217025667205","0.24510217025667205","0.24510217025667205"
"2949","0.2450994157624062","0.2450994157624062","0.2450994157624062"
"2950","0.24508827683615905","0.24508827683615905","0.24508827683615905"
"2951","0.24508552891675225","0.24508552891675225","0.24508552891675225"
"2952","0.24508101851851938","0.24508101851851938","0.24508101851851938"
"2953","0.24508356614742155","0.24508356614742155","0.24508356614742155"
"2954","0.24508390811893563","0.24508390811893563","0.24508390811893563"
"2955","0.24507543711224","0.24507543711224","0.24507543711224"
"2956","0.24507093623139467","0.24507093623139467","0.24507093623139467"
"2957","0.24506952076992533","0.24506952076992533","0.24506952076992533"
"2958","0.24507030721771556","0.24507030721771556","0.24507030721771556"
"2959","0.24506317238368908","0.24506317238368908","0.24506317238368908"
"2960","0.2450635205518027","0.2450635205518027","0.2450635205518027"
"2961","0.24505727231791152","0.24505727231791152","0.24505727231791152"
"2962","0.24505454507089894","0.24505454507089894","0.24505454507089894"
"2963","0.24505533524581033","0.24505533524581033","0.24505533524581033"
"2964","0.24505041399572738","0.24505041399572738","0.24505041399572738"
"2965","0.24505032672850005","0.24505032672850005","0.24505032672850005"
"2966","0.2450423374634758","0.2450423374634758","0.2450423374634758"
"2967","0.24503830328053114","0.24503830328053114","0.24503830328053114"
"2968","0.2450351492306837","0.2450351492306837","0.2450351492306837"
"2969","0.24503287442461072","0.24503287442461072","0.24503287442461072"
"2970","0.24503103956229044","0.24503103956229044","0.24503103956229044"
"2971","0.24502526155615484","0.24502526155615484","0.24502526155615484"
"2972","0.24502255425639388","0.24502255425639388","0.24502255425639388"
"2973","0.2450202867473941","0.2450202867473941","0.2450202867473941"
"2974","0.24501408036314815","0.24501408036314815","0.24501408036314815"
"2975","0.2450113795518216","0.2450113795518216","0.2450113795518216"
"2976","0.24501218077957077","0.24501218077957077","0.24501218077957077"
"2977","0.24501035718284717","0.24501035718284717","0.24501035718284717"
"2978","0.24500547417170448","0.24500547417170448","0.24500547417170448"
"2979","0.24500234278840866","0.24500234278840866","0.24500234278840866"
"2980","0.24499790268456467","0.24499790268456467","0.24499790268456467"
"2981","0.24498866082410914","0.24498866082410914","0.24498866082410914"
"2982","0.24498815811535973","0.24498815811535973","0.24498815811535973"
"2983","0.244984600234664","0.244984600234664","0.244984600234664"
"2984","0.24498497193364702","0.24498497193364702","0.24498497193364702"
"2985","0.24498141750418853","0.24498141750418853","0.24498141750418853"
"2986","0.2449800457691458","0.2449800457691458","0.2449800457691458"
"2987","0.2449782390358228","0.2449782390358228","0.2449782390358228"
"2988","0.24497599774096476","0.24497599774096476","0.24497599774096476"
"2989","0.2449768073212901","0.2449768073212901","0.2449768073212901"
"2990","0.24497500348383594","0.24497500348383594","0.24497500348383594"
"2991","0.2449727655187795","0.2449727655187795","0.2449727655187795"
"2992","0.24496922348484942","0.24496922348484942","0.24496922348484942"
"2993","0.24497133937520976","0.24497133937520976","0.24497133937520976"
"2994","0.24496519079826415","0.24496519079826415","0.24496519079826415"
"2995","0.24495991583194307","0.24495991583194307","0.24495991583194307"
"2996","0.24495812124499428","0.24495812124499428","0.24495812124499428"
"2997","0.2449493764597941","0.2449493764597941","0.2449493764597941"
"2998","0.24495019248943836","0.24495019248943836","0.24495019248943836"
"2999","0.24495621804490483","0.24495621804490483","0.24495621804490483"
"3000","0.2449561631944454","0.2449561631944454","0.2449561631944454"
"3001","0.2449522034321902","0.2449522034321902","0.2449522034321902"
"3002","0.2449525836942048","0.2449525836942048","0.2449525836942048"
"3003","0.24495253010878104","0.24495253010878104","0.24495253010878104"
"3004","0.24495160965934404","0.24495160965934404","0.24495160965934404"
"3005","0.244946790072103","0.244946790072103","0.244946790072103"
"3006","0.24494543898314575","0.24494543898314575","0.24494543898314575"
"3007","0.24494495482762538","0.24494495482762538","0.24494495482762538"
"3008","0.24494057513297968","0.24494057513297968","0.24494057513297968"
"3009","0.24493576561980818","0.24493576561980818","0.24493576561980818"
"3010","0.24493268964562664","0.24493268964562664","0.24493268964562664"
"3011","0.24493783211557715","0.24493783211557715","0.24493783211557715"
"3012","0.2449291376162028","0.2449291376162028","0.2449291376162028"
"3013","0.2449303884555823","0.2449303884555823","0.2449303884555823"
"3014","0.24492386225392704","0.24492386225392704","0.24492386225392704"
"3015","0.24492036346047633","0.24492036346047633","0.24492036346047633"
"3016","0.24492722839301595","0.24492722839301595","0.24492722839301595"
"3017","0.2449220044746446","0.2449220044746446","0.2449220044746446"
"3018","0.24492713855754453","0.24492713855754453","0.24492713855754453"
"3019","0.24492579979573897","0.24492579979573897","0.24492579979573897"
"3020","0.24491540769867637","0.24491540769867637","0.24491540769867637"
"3021","0.24491493572768486","0.24491493572768486","0.24491493572768486"
"3022","0.24491058625634327","0.24491058625634327","0.24491058625634327"
"3023","0.24490408603484484","0.24490408603484484","0.24490408603484484"
"3024","0.2449014653604506","0.2449014653604506","0.2449014653604506"
"3025","0.24490228994490446","0.24490228994490446","0.24490228994490446"
"3026","0.2449044048799304","0.2449044048799304","0.2449044048799304"
"3027","0.24490264701024206","0.24490264701024206","0.24490264701024206"
"3028","0.2449034703874954","0.2449034703874954","0.2449034703874954"
"3029","0.24490816207219196","0.24490816207219196","0.24490816207219196"
"3030","0.24489995874587553","0.24489995874587553","0.24489995874587553"
"3031","0.24489648630815006","0.24489648630815006","0.24489648630815006"
"3032","0.24489602229001853","0.24489602229001853","0.24489602229001853"
"3033","0.24489942232663026","0.24489942232663026","0.24489942232663026"
"3034","0.24489552433531186","0.24489552433531186","0.24489552433531186"
"3035","0.24489506109280712","0.24489506109280712","0.24489506109280712"
"3036","0.24490231801712878","0.24490231801712878","0.24490231801712878"
"3037","0.24490571150258028","0.24490571150258028","0.24490571150258028"
"3038","0.24490567396313462","0.24490567396313462","0.24490567396313462"
"3039","0.24490220878578578","0.24490220878578578","0.24490220878578578"
"3040","0.24490174410636065","0.24490174410636065","0.24490174410636065"
"3041","0.24489999520442937","0.24489999520442937","0.24489999520442937"
"3042","0.24490423994630825","0.24490423994630825","0.24490423994630825"
"3043","0.24490077979515928","0.24490077979515928","0.24490077979515928"
"3044","0.24490331047415778","0.24490331047415778","0.24490331047415778"
"3045","0.24490327380952479","0.24490327380952479","0.24490327380952479"
"3046","0.24490366464215463","0.24490366464215463","0.24490366464215463"
"3047","0.24490362788535266","0.24490362788535266","0.24490362788535266"
"3048","0.24489462010608143","0.24489462010608143","0.24489462010608143"
"3049","0.2448928781294423","0.2448928781294423","0.2448928781294423"
"3050","0.24489369877049277","0.24489369877049277","0.24489369877049277"
"3051","0.24489665273680858","0.24489665273680858","0.24489665273680858"
"3052","0.24489661833770301","0.24489661833770301","0.24489661833770301"
"3053","0.2449042608363368","0.2449042608363368","0.2449042608363368"
"3054","0.2449008131412365","0.2449008131412365","0.2449008131412365"
"3055","0.24489566284779143","0.24489566284779143","0.24489566284779143"
"3056","0.2448883855530114","0.2448883855530114","0.2448883855530114"
"3057","0.24488239082433852","0.24488239082433852","0.24488239082433852"
"3058","0.24488321274798439","0.24488321274798439","0.24488321274798439"
"3059","0.24488573676038014","0.24488573676038014","0.24488573676038014"
"3060","0.2448827273965151","0.2448827273965151","0.2448827273965151"
"3061","0.2448780184852454","0.2448780184852454","0.2448780184852454"
"3062","0.24487331264968523","0.24487331264968523","0.24487331264968523"
"3063","0.24486648438350297","0.24486648438350297","0.24486648438350297"
"3064","0.24486476011749445","0.24486476011749445","0.24486476011749445"
"3065","0.24486431144643925","0.24486431144643925","0.24486431144643925"
"3066","0.24485834216677635","0.24485834216677635","0.24485834216677635"
"3067","0.24484898040973907","0.24484898040973907","0.24484898040973907"
"3068","0.24484259561060506","0.24484259561060506","0.24484259561060506"
"3069","0.2448417304768121","0.2448417304768121","0.2448417304768121"
"3070","0.24484044177524525","0.24484044177524525","0.24484044177524525"
"3071","0.2448340659937055","0.2448340659937055","0.2448340659937055"
"3072","0.2448382907443586","0.2448382907443586","0.2448382907443586"
"3073","0.2448336146816367","0.2448336146816367","0.2448336146816367"
"3074","0.24483190671763272","0.24483190671763272","0.24483190671763272"
"3075","0.2448280826558275","0.2448280826558275","0.2448280826558275"
"3076","0.24482680090485573","0.24482680090485573","0.24482680090485573"
"3077","0.24482551998700125","0.24482551998700125","0.24482551998700125"
"3078","0.2448255089885216","0.2448255089885216","0.2448255089885216"
"3079","0.24481619438129354","0.24481619438129354","0.24481619438129354"
"3080","0.24482590976731694","0.24482590976731694","0.24482590976731694"
"3081","0.24482632127015133","0.24482632127015133","0.24482632127015133"
"3082","0.2448254650659754","0.2448254650659754","0.2448254650659754"
"3083","0.24482292004541123","0.24482292004541123","0.24482292004541123"
"3084","0.24481868785127633","0.24481868785127633","0.24481868785127633"
"3085","0.2448131921934099","0.2448131921934099","0.2448131921934099"
"3086","0.2448106536238938","0.2448106536238938","0.2448106536238938"
"3087","0.24480389874203745","0.24480389874203745","0.24480389874203745"
"3088","0.24480431643998368","0.24480431643998368","0.24480431643998368"
"3089","0.2447992540735954","0.2447992540735954","0.2447992540735954"
"3090","0.24480093716289197","0.24480093716289197","0.24480093716289197"
"3091","0.2448043041626236","0.2448043041626236","0.2448043041626236"
"3092","0.24480766898447703","0.24480766898447703","0.24480766898447703"
"3093","0.24480429599094825","0.24480429599094825","0.24480429599094825"
"3094","0.24480260854341834","0.24480260854341834","0.24480260854341834"
"3095","0.24480639135702842","0.24480639135702842","0.24480639135702842"
"3096","0.2447950312230845","0.2447950312230845","0.2447950312230845"
"3097","0.24479545057044547","0.24479545057044547","0.24479545057044547"
"3098","0.24479544934904332","0.24479544934904332","0.24479544934904332"
"3099","0.24479124650424963","0.24479124650424963","0.24479124650424963"
"3100","0.24479418682795792","0.24479418682795792","0.24479418682795792"
"3101","0.24480132416962366","0.24480132416962366","0.24480132416962366"
"3102","0.24480006178809463","0.24480006178809463","0.24480006178809463"
"3103","0.24479628249543545","0.24479628249543545","0.24479628249543545"
"3104","0.2448000563788669","0.2448000563788669","0.2448000563788669"
"3105","0.24480047302737612","0.24480047302737612","0.24480047302737612"
"3106","0.24478998980468003","0.24478998980468003","0.24478998980468003"
"3107","0.24478915218324307","0.24478915218324307","0.24478915218324307"
"3108","0.24478663931789024","0.24478663931789024","0.24478663931789024"
"3109","0.24478245282513225","0.24478245282513225","0.24478245282513225"
"3110","0.2447820371114693","0.2447820371114693","0.2447820371114693"
"3111","0.2447795289563922","0.2447795289563922","0.2447795289563922"
"3112","0.24477827763496235","0.24477827763496235","0.24477827763496235"
"3113","0.24478037330014013","0.24478037330014013","0.24478037330014013"
"3114","0.2447770318186693","0.2447770318186693","0.2447770318186693"
"3115","0.24477578250401374","0.24477578250401374","0.24477578250401374"
"3116","0.24477077316003512","0.24477077316003512","0.24477077316003512"
"3117","0.244763260613839","0.244763260613839","0.244763260613839"
"3118","0.24476661054094595","0.24476661054094595","0.24476661054094595"
"3119","0.24476202642406844","0.24476202642406844","0.24476202642406844"
"3120","0.244756610576924","0.244756610576924","0.244756610576924"
"3121","0.24475620460856656","0.24475620460856656","0.24475620460856656"
"3122","0.24475496476617645","0.24475496476617645","0.24475496476617645"
"3123","0.24474830558224023","0.24474830558224023","0.24474830558224023"
"3124","0.24474998666239955","0.24474998666239955","0.24474998666239955"
"3125","0.24474833333333426","0.24474833333333426","0.24474833333333426"
"3126","0.24474376532842917","0.24474376532842917","0.24474376532842917"
"3127","0.24474544624773573","0.24474544624773573","0.24474544624773573"
"3128","0.244747542359336","0.244747542359336","0.244747542359336"
"3129","0.2447421467188675","0.2447421467188675","0.2447421467188675"
"3130","0.24474049853567723","0.24474049853567723","0.24474049853567723"
"3131","0.24474051487810167","0.24474051487810167","0.24474051487810167"
"3132","0.24474136268092903","0.24474136268092903","0.24474136268092903"
"3133","0.24472891065538982","0.24472891065538982","0.24472891065538982"
"3134","0.24473183897043277","0.24473183897043277","0.24473183897043277"
"3135","0.24472604332801798","0.24472604332801798","0.24472604332801798"
"3136","0.24471900576637","0.24471900576637","0.24471900576637"
"3137","0.24471902892891392","0.24471902892891392","0.24471902892891392"
"3138","0.24472320148183652","0.24472320148183652","0.24472320148183652"
"3139","0.2447153419347997","0.2447153419347997","0.2447153419347997"
"3140","0.24470790207006463","0.24470790207006463","0.24470790207006463"
"3141","0.24470336875199075","0.24470336875199075","0.24470336875199075"
"3142","0.2447000815563345","0.2447000815563345","0.2447000815563345"
"3143","0.24469969641531542","0.24469969641531542","0.24469969641531542"
"3144","0.24469848322201113","0.24469848322201113","0.24469848322201113"
"3145","0.24469561473238038","0.24469561473238038","0.24469561473238038"
"3146","0.24469398972239978","0.24469398972239978","0.24469398972239978"
"3147","0.2446902969759569","0.2446902969759569","0.2446902969759569"
"3148","0.24468702019801028","0.24468702019801028","0.24468702019801028"
"3149","0.24468457248332898","0.24468457248332898","0.24468457248332898"
"3150","0.24468336640211732","0.24468336640211732","0.24468336640211732"
"3151","0.2446871198296846","0.2446871198296846","0.2446871198296846"
"3152","0.24468260892555083","0.24468260892555083","0.24468260892555083"
"3153","0.24468223054762753","0.24468223054762753","0.24468223054762753"
"3154","0.24468432942295593","0.24468432942295593","0.24468432942295593"
"3155","0.24468725237718003","0.24468725237718003","0.24468725237718003"
"3156","0.24468811060942217","0.24468811060942217","0.24468811060942217"
"3157","0.2446852563087329","0.2446852563087329","0.2446852563087329"
"3158","0.24468570231686818","0.24468570231686818","0.24468570231686818"
"3159","0.2446873845890059","0.2446873845890059","0.2446873845890059"
"3160","0.24468906579641447","0.24468906579641447","0.24468906579641447"
"3161","0.2446936293894347","0.2446936293894347","0.2446936293894347"
"3162","0.24468789531941906","0.24468789531941906","0.24468789531941906"
"3163","0.24468463484034242","0.24468463484034242","0.24468463484034242"
"3164","0.24468343407606502","0.24468343407606502","0.24468343407606502"
"3165","0.2446777086624549","0.2446777086624549","0.2446777086624549"
"3166","0.2446736319488323","0.2446736319488323","0.2446736319488323"
"3167","0.24466955780970523","0.24466955780970523","0.24466955780970523"
"3168","0.24466754129840165","0.24466754129840165","0.24466754129840165"
"3169","0.24467045663721568","0.24467045663721568","0.24467045663721568"
"3170","0.24467008412197785","0.24467008412197785","0.24467008412197785"
"3171","0.24467587117628609","0.24467587117628609","0.24467587117628609"
"3172","0.24467385521752938","0.24467385521752938","0.24467385521752938"
"3173","0.244675944164304","0.244675944164304","0.244675944164304"
"3174","0.24467926249737554","0.24467926249737554","0.24467926249737554"
"3175","0.24468380905511916","0.24468380905511916","0.24468380905511916"
"3176","0.24468261308774242","0.24468261308774242","0.24468261308774242"
"3177","0.2446814178732567","0.2446814178732567","0.2446814178732567"
"3178","0.24468391087161837","0.24468391087161837","0.24468391087161837"
"3179","0.24467739134423924","0.24467739134423924","0.24467739134423924"
"3180","0.2446774272798752","0.2446774272798752","0.2446774272798752"
"3181","0.244676644530023","0.244676644530023","0.244676644530023"
"3182","0.24467627147496435","0.24467627147496435","0.24467627147496435"
"3183","0.24467098976332702","0.24467098976332702","0.24467098976332702"
"3184","0.24466571136934778","0.24466571136934778","0.24466571136934778"
"3185","0.24466411564625956","0.24466411564625956","0.24466411564625956"
"3186","0.24465802534526154","0.24465802534526154","0.24465802534526154"
"3187","0.24465929296098837","0.24465929296098837","0.24465929296098837"
"3188","0.24465606702216747","0.24465606702216747","0.24465606702216747"
"3189","0.24465406802027906","0.24465406802027906","0.24465406802027906"
"3190","0.24465002938871577","0.24465002938871577","0.24465002938871577"
"3191","0.24464599328841638","0.24464599328841638","0.24464599328841638"
"3192","0.24464563100459588","0.24464563100459588","0.24464563100459588"
"3193","0.2446456767407882","0.2446456767407882","0.2446456767407882"
"3194","0.24464001513254122","0.24464001513254122","0.24464001513254122"
"3195","0.24463476460615652","0.24463476460615652","0.24463476460615652"
"3196","0.24463359146850333","0.24463359146850333","0.24463359146850333"
"3197","0.2446356773277041","0.2446356773277041","0.2446356773277041"
"3198","0.24462921161663648","0.24462921161663648","0.24462921161663648"
"3199","0.24463211159737525","0.24463211159737525","0.24463211159737525"
"3200","0.24462646484375106","0.24462646484375106","0.24462646484375106"
"3201","0.2446269232271176","0.2446269232271176","0.2446269232271176"
"3202","0.24462087497397567","0.24462087497397567","0.24462087497397567"
"3203","0.24462214785617753","0.24462214785617753","0.24462214785617753"
"3204","0.2446205751924688","0.2446205751924688","0.2446205751924688"
"3205","0.2446177847113895","0.2446177847113895","0.2446177847113895"
"3206","0.24461540211062696","0.24461540211062696","0.24461540211062696"
"3207","0.2446166751117358","0.2446166751117358","0.2446166751117358"
"3208","0.24461023547901187","0.24461023547901187","0.24461023547901187"
"3209","0.24460907473771787","0.24460907473771787","0.24460907473771787"
"3210","0.2446111597871246","0.2446111597871246","0.2446111597871246"
"3211","0.2446108104951739","0.2446108104951739","0.2446108104951739"
"3212","0.2446165421336665","0.2446165421336665","0.2446165421336665"
"3213","0.24461051781823948","0.24461051781823948","0.24461051781823948"
"3214","0.24461219469508508","0.24461219469508508","0.24461219469508508"
"3215","0.24460820049248422","0.24460820049248422","0.24460820049248422"
"3216","0.2446090672937407","0.2446090672937407","0.2446090672937407"
"3217","0.2446091240545032","0.2446091240545032","0.2446091240545032"
"3218","0.24460877615496276","0.24460877615496276","0.24460877615496276"
"3219","0.24460600147561465","0.24460600147561465","0.24460600147561465"
"3220","0.24459594979296176","0.24459594979296176","0.24459594979296176"
"3221","0.24459156382593508","0.24459156382593508","0.24459156382593508"
"3222","0.24458435172253368","0.24458435172253368","0.24458435172253368"
"3223","0.24457714409453","0.24457714409453","0.24457714409453"
"3224","0.24457074868176287","0.24457074868176287","0.24457074868176287"
"3225","0.24457566214470391","0.24457566214470391","0.24457566214470391"
"3226","0.24457250012916","0.24457250012916","0.24457250012916"
"3227","0.24457377853527634","0.24457377853527634","0.24457377853527634"
"3228","0.24456860220466858","0.24456860220466858","0.24456860220466858"
"3229","0.24456625180654593","0.24456625180654593","0.24456625180654593"
"3230","0.24456712783797838","0.24456712783797838","0.24456712783797838"
"3231","0.24456760033013622","0.24456760033013622","0.24456760033013622"
"3232","0.24456726678527338","0.24456726678527338","0.24456726678527338"
"3233","0.2445629059696887","0.2445629059696887","0.2445629059696887"
"3234","0.24456700293753975","0.24456700293753975","0.24456700293753975"
"3235","0.24456827988150545","0.24456827988150545","0.24456827988150545"
"3236","0.24456392279563355","0.24456392279563355","0.24456392279563355"
"3237","0.24456359090207092","0.24456359090207092","0.24456359090207092"
"3238","0.24456044433292265","0.24456044433292265","0.24456044433292265"
"3239","0.24455971171658028","0.24455971171658028","0.24455971171658028"
"3240","0.24455254951131794","0.24455254951131794","0.24455254951131794"
"3241","0.24455181978298987","0.24455181978298987","0.24455181978298987"
"3242","0.24455109050483348","0.24455109050483348","0.24455109050483348"
"3243","0.24455437673450617","0.24455437673450617","0.24455437673450617"
"3244","0.24455244297164103","0.24455244297164103","0.24455244297164103"
"3245","0.24455051040061743","0.24455051040061743","0.24455051040061743"
"3246","0.24454617221195427","0.24454617221195427","0.24454617221195427"
"3247","0.24454063366184278","0.24454063366184278","0.24454063366184278"
"3248","0.2445403100626037","0.2445403100626037","0.2445403100626037"
"3249","0.24453317366882227","0.24453317366882227","0.24453317366882227"
"3250","0.24452644230769338","0.24452644230769338","0.24452644230769338"
"3251","0.24452932751461198","0.24452932751461198","0.24452932751461198"
"3252","0.24452620502767636","0.24452620502767636","0.24452620502767636"
"3253","0.24453189043447185","0.24453189043447185","0.24453189043447185"
"3254","0.2445283689305481","0.2445283689305481","0.2445283689305481"
"3255","0.24453004992319616","0.24453004992319616","0.24453004992319616"
"3256","0.24453172988329347","0.24453172988329347","0.24453172988329347"
"3257","0.24452781189233555","0.24452781189233555","0.24452781189233555"
"3258","0.24452949150808376","0.24452949150808376","0.24452949150808376"
"3259","0.24452437800450147","0.24452437800450147","0.24452437800450147"
"3260","0.24451886822597246","0.24451886822597246","0.24451886822597246"
"3261","0.24452014974956668","0.24452014974956668","0.24452014974956668"
"3262","0.2445238254904977","0.2445238254904977","0.2445238254904977"
"3263","0.24451951808152114","0.24451951808152114","0.24451951808152114"
"3264","0.24451680900224781","0.24451680900224781","0.24451680900224781"
"3265","0.2445113099795825","0.2445113099795825","0.2445113099795825"
"3266","0.2445042196111462","0.2445042196111462","0.2445042196111462"
"3267","0.2444983292521182","0.2444983292521182","0.2444983292521182"
"3268","0.2444976221440239","0.2444976221440239","0.2444976221440239"
"3269","0.24449771209340374","0.24449771209340374","0.24449771209340374"
"3270","0.24449899655963406","0.24449899655963406","0.24449899655963406"
"3271","0.24449669762050444","0.24449669762050444","0.24449669762050444"
"3272","0.24449718571719745","0.24449718571719745","0.24449718571719745"
"3273","0.24449608221305733","0.24449608221305733","0.24449608221305733"
"3274","0.2444957747912859","0.2444957747912859","0.2444957747912859"
"3275","0.24449427480916136","0.24449427480916136","0.24449427480916136"
"3276","0.24449198082010684","0.24449198082010684","0.24449198082010684"
"3277","0.24448809887091957","0.24448809887091957","0.24448809887091957"
"3278","0.24449375254220157","0.24449375254220157","0.24449375254220157"
"3279","0.24448947532276205","0.24448947532276205","0.24448947532276205"
"3280","0.24448917047764335","0.24448917047764335","0.24448917047764335"
"3281","0.24448370669511435","0.24448370669511435","0.24448370669511435"
"3282","0.2444830070587051","0.2444830070587051","0.2444830070587051"
"3283","0.24448151462077475","0.24448151462077475","0.24448151462077475"
"3284","0.2444736792021935","0.2444736792021935","0.2444736792021935"
"3285","0.24447219051243133","0.24447219051243133","0.24447219051243133"
"3286","0.24445643766484185","0.24445643766484185","0.24445643766484185"
"3287","0.24445535125748005","0.24445535125748005","0.24445535125748005"
"3288","0.24444594928528088","0.24444594928528088","0.24444594928528088"
"3289","0.24444209549508572","0.24444209549508572","0.24444209549508572"
"3290","0.24443943135765053","0.24443943135765053","0.24443943135765053"
"3291","0.24443597753975596","0.24443597753975596","0.24443597753975596"
"3292","0.24443529452713758","0.24443529452713758","0.24443529452713758"
"3293","0.24443223947261977","0.24443223947261977","0.24443223947261977"
"3294","0.24442681453653214","0.24442681453653214","0.24442681453653214"
"3295","0.24442376390996567","0.24442376390996567","0.24442376390996567"
"3296","0.2444203200849525","0.2444203200849525","0.2444203200849525"
"3297","0.24441964285714393","0.24441964285714393","0.24441964285714393"
"3298","0.24442133489994042","0.24442133489994042","0.24442133489994042"
"3299","0.24441828963322326","0.24441828963322326","0.24441828963322326"
"3300","0.24441564078282937","0.24441564078282937","0.24441564078282937"
"3301","0.2444169380490771","0.2444169380490771","0.2444169380490771"
"3302","0.24441350254896127","0.24441350254896127","0.24441350254896127"
"3303","0.24441558810172678","0.24441558810172678","0.24441558810172678"
"3304","0.24440742597356846","0.24440742597356846","0.24440742597356846"
"3305","0.2444028145486647","0.2444028145486647","0.2444028145486647"
"3306","0.24439820591349165","0.24439820591349165","0.24439820591349165"
"3307","0.2443932063300081","0.2443932063300081","0.2443932063300081"
"3308","0.24439293316707078","0.24439293316707078","0.24439293316707078"
"3309","0.24439502115442838","0.24439502115442838","0.24439502115442838"
"3310","0.24439750125881274","0.24439750125881274","0.24439750125881274"
"3311","0.24439172140843757","0.24439172140843757","0.24439172140843757"
"3312","0.2443859450483102","0.2443859450483102","0.2443859450483102"
"3313","0.24438606751182312","0.24438606751182312","0.24438606751182312"
"3314","0.2443865828052716","0.2443865828052716","0.2443865828052716"
"3315","0.24438316993464154","0.24438316993464154","0.24438316993464154"
"3316","0.24438525645858566","0.24438525645858566","0.24438525645858566"
"3317","0.24438302369108733","0.24438302369108733","0.24438302369108733"
"3318","0.24438353928069217","0.24438353928069217","0.24438353928069217"
"3319","0.24438091606407655","0.24438091606407655","0.24438091606407655"
"3320","0.24437986320281224","0.24437986320281224","0.24437986320281224"
"3321","0.24437841889993075","0.24437841889993075","0.24437841889993075"
"3322","0.2443742317629952","0.2443742317629952","0.2443742317629952"
"3323","0.24437239818437256","0.24437239818437256","0.24437239818437256"
"3324","0.24436704021259628","0.24436704021259628","0.24436704021259628"
"3325","0.24436755952381053","0.24436755952381053","0.24436755952381053"
"3326","0.24436416366005312","0.24436416366005312","0.24436416366005312"
"3327","0.24436390078649536","0.24436390078649536","0.24436390078649536"
"3328","0.24436089931390326","0.24436089931390326","0.24436089931390326"
"3329","0.24435633511064483","0.24435633511064483","0.24435633511064483"
"3330","0.24435411974474575","0.24435411974474575","0.24435411974474575"
"3331","0.24434408773641647","0.24434408773641647","0.24434408773641647"
"3332","0.2443450036264516","0.2443450036264516","0.2443450036264516"
"3333","0.24434123099810082","0.24434123099810082","0.24434123099810082"
"3334","0.24434019446110877","0.24434019446110877","0.24434019446110877"
"3335","0.24433876811594304","0.24433876811594304","0.24433876811594304"
"3336","0.24433773293865008","0.24433773293865008","0.24433773293865008"
"3337","0.24434216112276597","0.24434216112276597","0.24434216112276597"
"3338","0.24433761483922609","0.24433761483922609","0.24433761483922609"
"3339","0.24433385120295598","0.24433385120295598","0.24433385120295598"
"3340","0.24433047966566965","0.24433047966566965","0.24433047966566965"
"3341","0.24432749987528785","0.24432749987528785","0.24432749987528785"
"3342","0.24432257380809996","0.24432257380809996","0.24432257380809996"
"3343","0.24431881917439527","0.24431881917439527","0.24431881917439527"
"3344","0.24431779243919557","0.24431779243919557","0.24431779243919557"
"3345","0.24431404147982164","0.24431404147982164","0.24431404147982164"
"3346","0.24431379507870196","0.24431379507870196","0.24431379507870196"
"3347","0.24430810240513995","0.24430810240513995","0.24430810240513995"
"3348","0.24429657942552868","0.24429657942552868","0.24429657942552868"
"3349","0.2442986712451488","0.2442986712451488","0.2442986712451488"
"3350","0.2442976523631851","0.2442976523631851","0.2442976523631851"
"3351","0.24429507982691837","0.24429507982691837","0.24429507982691837"
"3352","0.2442967817720774","0.2442967817720774","0.2442967817720774"
"3353","0.24429654103290688","0.24429654103290688","0.24429654103290688"
"3354","0.24429474756509742","0.24429474756509742","0.24429474756509742"
"3355","0.24429800049677203","0.24429800049677203","0.24429800049677203"
"3356","0.2442977596096554","0.2442977596096554","0.2442977596096554"
"3357","0.24428976144375042","0.24428976144375042","0.24428976144375042"
"3358","0.244282543552711","0.244282543552711","0.244282543552711"
"3359","0.2442838580430694","0.2442838580430694","0.2442838580430694"
"3360","0.24428788442460422","0.24428788442460422","0.24428788442460422"
"3361","0.2442860972676793","0.2442860972676793","0.2442860972676793"
"3362","0.2442881841165983","0.2442881841165983","0.2442881841165983"
"3363","0.24428446203786408","0.24428446203786408","0.24428446203786408"
"3364","0.24428538694015167","0.24428538694015167","0.24428538694015167"
"3365","0.24429018078256667","0.24429018078256667","0.24429018078256667"
"3366","0.24429535861061702","0.24429535861061702","0.24429535861061702"
"3367","0.24429666617166723","0.24429666617166723","0.24429666617166723"
"3368","0.24428908105700817","0.24428908105700817","0.24428908105700817"
"3369","0.24428536534085393","0.24428536534085393","0.24428536534085393"
"3370","0.2442820382047488","0.2442820382047488","0.2442820382047488"
"3371","0.24427871304261944","0.24427871304261944","0.24427871304261944"
"3372","0.2442765482898389","0.2442765482898389","0.2442765482898389"
"3373","0.24427013847712326","0.24427013847712326","0.24427013847712326"
"3374","0.2442679775489044","0.2442679775489044","0.2442679775489044"
"3375","0.24426851851851952","0.24426851851851952","0.24426851851851952"
"3376","0.2442709876086108","0.2442709876086108","0.2442709876086108"
"3377","0.24427152736649987","0.24427152736649987","0.24427152736649987"
"3378","0.24426551398756763","0.24426551398756763","0.24426551398756763"
"3379","0.24426605504587257","0.24426605504587257","0.24426605504587257"
"3380","0.24426428439349213","0.24426428439349213","0.24426428439349213"
"3381","0.2442652106132318","0.2442652106132318","0.2442652106132318"
"3382","0.24426382626158194","0.24426382626158194","0.24426382626158194"
"3383","0.2442609031678008","0.2442609031678008","0.2442609031678008"
"3384","0.2442502862736417","0.2442502862736417","0.2442502862736417"
"3385","0.24424929222058203","0.24424929222058203","0.24424929222058203"
"3386","0.24424945240204868","0.24424945240204868","0.24424945240204868"
"3387","0.24425499458714797","0.24425499458714797","0.24425499458714797"
"3388","0.2442466979043694","0.2442466979043694","0.2442466979043694"
"3389","0.24425185342283964","0.24425185342283964","0.24425185342283964"
"3390","0.24424663532448482","0.24424663532448482","0.24424663532448482"
"3391","0.24424756401749834","0.24424756401749834","0.24424756401749834"
"3392","0.24424925990074792","0.24424925990074792","0.24424925990074792"
"3393","0.24424596595932907","0.24424596595932907","0.24424596595932907"
"3394","0.24424612674327348","0.24424612674327348","0.24424612674327348"
"3395","0.24424513684339816","0.24424513684339816","0.24424513684339816"
"3396","0.24424069677561938","0.24424069677561938","0.24424069677561938"
"3397","0.24424239218428126","0.24424239218428126","0.24424239218428126"
"3398","0.2442414042574073","0.2442414042574073","0.2442414042574073"
"3399","0.24423811844169951","0.24423811844169951","0.24423811844169951"
"3400","0.2442348345588245","0.2442348345588245","0.2442348345588245"
"3401","0.2442311697539949","0.2442311697539949","0.2442311697539949"
"3402","0.24423554465510583","0.24423554465510583","0.24423554465510583"
"3403","0.24423876910079442","0.24423876910079442","0.24423876910079442"
"3404","0.24423357630728654","0.24423357630728654","0.24423357630728654"
"3405","0.24423871145374548","0.24423871145374548","0.24423871145374548"
"3406","0.24423619776375124","0.24423619776375124","0.24423619776375124"
"3407","0.24423559644359752","0.24423559644359752","0.24423559644359752"
"3408","0.2442349954763312","0.2442349954763312","0.2442349954763312"
"3409","0.24423172117923245","0.24423172117923245","0.24423172117923245"
"3410","0.24423035801564127","0.24423035801564127","0.24423035801564127"
"3411","0.24422212449917038","0.24422212449917038","0.24422212449917038"
"3412","0.24422000170965322","0.24422000170965322","0.24422000170965322"
"3413","0.2442228397548599","0.2442228397548599","0.2442228397548599"
"3414","0.2442222435803564","0.2442222435803564","0.2442222435803564"
"3415","0.24422812957540363","0.24422812957540363","0.24422812957540363"
"3416","0.24422067110655837","0.24422067110655837","0.24422067110655837"
"3417","0.2442185518486011","0.2442185518486011","0.2442185518486011"
"3418","0.24422252901306907","0.24422252901306907","0.24422252901306907"
"3419","0.24422459966364535","0.24422459966364535","0.24422459966364535"
"3420","0.24422171966374367","0.24422171966374367","0.24422171966374367"
"3421","0.24421808011790025","0.24421808011790025","0.24421808011790025"
"3422","0.24421786723163943","0.24421786723163943","0.24421786723163943"
"3423","0.24421080740578543","0.24421080740578543","0.24421080740578543"
"3424","0.2442113573306085","0.2442113573306085","0.2442113573306085"
"3425","0.24420468369829784","0.24420468369829784","0.24420468369829784"
"3426","0.24420333479276227","0.24420333479276227","0.24420333479276227"
"3427","0.2442035064682434","0.2442035064682434","0.2442035064682434"
"3428","0.24419228291520909","0.24419228291520909","0.24419228291520909"
"3429","0.24419549552833775","0.24419549552833775","0.24419549552833775"
"3430","0.2441952897230331","0.2441952897230331","0.2441952897230331"
"3431","0.24419052997182655","0.24419052997182655","0.24419052997182655"
"3432","0.24418729057401034","0.24418729057401034","0.24418729057401034"
"3433","0.24418822519176722","0.24418822519176722","0.24418822519176722"
"3434","0.2441918134828199","0.2441918134828199","0.2441918134828199"
"3435","0.24418516496846293","0.24418516496846293","0.24418516496846293"
"3436","0.24417927823050162","0.24417927823050162","0.24417927823050162"
"3437","0.2441730160750665","0.2441730160750665","0.2441730160750665"
"3438","0.24416713629532777","0.24416713629532777","0.24416713629532777"
"3439","0.2441699682562771","0.2441699682562771","0.2441699682562771"
"3440","0.24416787790697778","0.24416787790697778","0.24416787790697778"
"3441","0.24416730238302922","0.24416730238302922","0.24416730238302922"
"3442","0.2441629442669001","0.2441629442669001","0.2441629442669001"
"3443","0.24416312687578762","0.24416312687578762","0.24416312687578762"
"3444","0.2441606628677904","0.2441606628677904","0.2441606628677904"
"3445","0.24416613751814326","0.24416613751814326","0.24416613751814326"
"3446","0.24416442977365163","0.24416442977365163","0.24416442977365163"
"3447","0.2441555458853119","0.2441555458853119","0.2441555458853119"
"3448","0.2441538422032106","0.2441538422032106","0.2441538422032106"
"3449","0.24415138445926457","0.24415138445926457","0.24415138445926457"
"3450","0.24414930555555656","0.24414930555555656","0.24414930555555656"
"3451","0.2441513782237043","0.2441513782237043","0.2441513782237043"
"3452","0.24414892332947186","0.24414892332947186","0.24414892332947186"
"3453","0.2441408135437794","0.2441408135437794","0.2441408135437794"
"3454","0.24413836312970574","0.24413836312970574","0.24413836312970574"
"3455","0.24414081343463684","0.24414081343463684","0.24414081343463684"
"3456","0.2441368573977634","0.2441368573977634","0.2441368573977634"
"3457","0.24413102039340573","0.24413102039340573","0.24413102039340573"
"3458","0.24413121144206776","0.24413121144206776","0.24413121144206776"
"3459","0.24412914377951342","0.24412914377951342","0.24412914377951342"
"3460","0.24412369039017442","0.24412369039017442","0.24412369039017442"
"3461","0.24412651690263032","0.24412651690263032","0.24412651690263032"
"3462","0.24412294795879172","0.24412294795879172","0.24412294795879172"
"3463","0.244118253080182","0.244118253080182","0.244118253080182"
"3464","0.2441158162528879","0.2441158162528879","0.2441158162528879"
"3465","0.24411751443001548","0.24411751443001548","0.24411751443001548"
"3466","0.2441177089344115","0.2441177089344115","0.2441177089344115"
"3467","0.24411790332660424","0.24411790332660424","0.24411790332660424"
"3468","0.24411584486735974","0.24411584486735974","0.24411584486735974"
"3469","0.24411866712309124","0.24411866712309124","0.24411866712309124"
"3470","0.24411173150816626","0.24411173150816626","0.24411173150816626"
"3471","0.2441051750216086","0.2441051750216086","0.2441051750216086"
"3472","0.2441049977198551","0.2441049977198551","0.2441049977198551"
"3473","0.24409994661195994","0.24409994661195994","0.24409994661195994"
"3474","0.24410164495778264","0.24410164495778264","0.24410164495778264"
"3475","0.24410034472422165","0.24410034472422165","0.24410034472422165"
"3476","0.24409529931434704","0.24409529931434704","0.24409529931434704"
"3477","0.2440917547454713","0.2440917547454713","0.2440917547454713"
"3478","0.2440912072311684","0.2440912072311684","0.2440912072311684"
"3479","0.24409140857047149","0.24409140857047149","0.24409140857047149"
"3480","0.24408973898467537","0.24408973898467537","0.24408973898467537"
"3481","0.2440884444125262","0.2440884444125262","0.2440884444125262"
"3482","0.24409537741719423","0.24409537741719423","0.24409537741719423"
"3483","0.24409819420518813","0.24409819420518813","0.24409819420518813"
"3484","0.24409316099789619","0.24409316099789619","0.24409316099789619"
"3485","0.24408551530368347","0.24408551530368347","0.24408551530368347"
"3486","0.24408347676420067","0.24408347676420067","0.24408347676420067"
"3487","0.24408629373386967","0.24408629373386967","0.24408629373386967"
"3488","0.24408425614010038","0.24408425614010038","0.24408425614010038"
"3489","0.24408968364861092","0.24408968364861092","0.24408968364861092"
"3490","0.24409436186724073","0.24409436186724073","0.24409436186724073"
"3491","0.24409157774754228","0.24409157774754228","0.24409157774754228"
"3492","0.24409662562046683","0.24409662562046683","0.24409662562046683"
"3493","0.24409272413875469","0.24409272413875469","0.24409272413875469"
"3494","0.24408845222762932","0.24408845222762932","0.24408845222762932"
"3495","0.24408641809728282","0.24408641809728282","0.24408641809728282"
"3496","0.24407656369183925","0.24407656369183925","0.24407656369183925"
"3497","0.24407453412448862","0.24407453412448862","0.24407453412448862"
"3498","0.2440702722984572","0.2440702722984572","0.2440702722984572"
"3499","0.24406154734686195","0.24406154734686195","0.24406154734686195"
"3500","0.24405840773809614","0.24405840773809614","0.24405840773809614"
"3501","0.2440608486860906","0.2440608486860906","0.2440608486860906"
"3502","0.2440644036740919","0.2440644036740919","0.2440644036740919"
"3503","0.24406386787515552","0.24406386787515552","0.24406386787515552"
"3504","0.24406221758466604","0.24406221758466604","0.24406221758466604"
"3505","0.2440579677841188","0.2440579677841188","0.2440579677841188"
"3506","0.2440537204078731","0.2440537204078731","0.2440537204078731"
"3507","0.24404799032886695","0.24404799032886695","0.24404799032886695"
"3508","0.24404560409540188","0.24404560409540188","0.24404560409540188"
"3509","0.24404210601311005","0.24404210601311005","0.24404210601311005"
"3510","0.24404380341880433","0.24404380341880433","0.24404380341880433"
"3511","0.24403882440900118","0.24403882440900118","0.24403882440900118"
"3512","0.24404052178246105","0.24404052178246105","0.24404052178246105"
"3513","0.24404073560110157","0.24404073560110157","0.24404073560110157"
"3514","0.24404243146461863","0.24404243146461863","0.24404243146461863"
"3515","0.2440444967994319","0.2440444967994319","0.2440444967994319"
"3516","0.2440473016211613","0.2440473016211613","0.2440473016211613"
"3517","0.24404936439674055","0.24404936439674055","0.24404936439674055"
"3518","0.24405068575895486","0.24405068575895486","0.24405068575895486"
"3519","0.24404423605190959","0.24404423605190959","0.24404423605190959"
"3520","0.24404666785037968","0.24404666785037968","0.24404666785037968"
"3521","0.24404761904761993","0.24404761904761993","0.24404761904761993"
"3522","0.24404524240488448","0.24404524240488448","0.24404524240488448"
"3523","0.24404656306178535","0.24404656306178535","0.24404656306178535"
"3524","0.2440386457150974","0.2440386457150974","0.2440386457150974"
"3525","0.24403959810874795","0.24403959810874795","0.24403959810874795"
"3526","0.2440324257893751","0.2440324257893751","0.2440324257893751"
"3527","0.24403264105472164","0.24403264105472164","0.24403264105472164"
"3528","0.24403174898431684","0.24403174898431684","0.24403174898431684"
"3529","0.24403011948616316","0.24403011948616316","0.24403011948616316"
"3530","0.244024802289897","0.244024802289897","0.244024802289897"
"3531","0.24401580052865188","0.24401580052865188","0.24401580052865188"
"3532","0.24401159635711678","0.24401159635711678","0.24401159635711678"
"3533","0.24401108005472302","0.24401108005472302","0.24401108005472302"
"3534","0.24400982715525463","0.24400982715525463","0.24400982715525463"
"3535","0.24400710160301833","0.24400710160301833","0.24400710160301833"
"3536","0.24401026937217285","0.24401026937217285","0.24401026937217285"
"3537","0.24401343535010928","0.24401343535010928","0.24401343535010928"
"3538","0.24400629475221497","0.24400629475221497","0.24400629475221497"
"3539","0.2440043091268729","0.2440043091268729","0.2440043091268729"
"3540","0.2439975429613945","0.2439975429613945","0.2439975429613945"
"3541","0.243997767226773","0.243997767226773","0.243997767226773"
"3542","0.24399946181535945","0.24399946181535945","0.24399946181535945"
"3543","0.24399196772979673","0.24399196772979673","0.24399196772979673"
"3544","0.24399109116346965","0.24399109116346965","0.24399109116346965"
"3545","0.24398984779031588","0.24398984779031588","0.24398984779031588"
"3546","0.2439915427006965","0.2439915427006965","0.2439915427006965"
"3547","0.24398295801616476","0.24398295801616476","0.24398295801616476"
"3548","0.24398025002348828","0.24398025002348828","0.24398025002348828"
"3549","0.24398084554334643","0.24398084554334643","0.24398084554334643"
"3550","0.24397520539906192","0.24397520539906192","0.24397520539906192"
"3551","0.2439717685159119","0.2439717685159119","0.2439717685159119"
"3552","0.24397199934309396","0.24397199934309396","0.24397199934309396"
"3553","0.24396453407918278","0.24396453407918278","0.24396453407918278"
"3554","0.2439596376148949","0.2439596376148949","0.2439596376148949"
"3555","0.24395584270979928","0.24395584270979928","0.24395584270979928"
"3556","0.2439568100862401","0.2439568100862401","0.2439568100862401"
"3557","0.24394935748758403","0.24394935748758403","0.24394935748758403"
"3558","0.243951058061646","0.243951058061646","0.243951058061646"
"3559","0.2439483674018928","0.2439483674018928","0.2439483674018928"
"3560","0.24394714126872746","0.24394714126872746","0.24394714126872746"
"3561","0.24394920668351677","0.24394920668351677","0.24394920668351677"
"3562","0.24394615326127733","0.24394615326127733","0.24394615326127733"
"3563","0.24394127432407237","0.24394127432407237","0.24394127432407237"
"3564","0.24394260895997094","0.24394260895997094","0.24394260895997094"
"3565","0.24393846423562499","0.24393846423562499","0.24393846423562499"
"3566","0.2439357823892325","0.2439357823892325","0.2439357823892325"
"3567","0.24394003773011955","0.24394003773011955","0.24394003773011955"
"3568","0.24394100628269894","0.24394100628269894","0.24394100628269894"
"3569","0.24393723148407673","0.24393723148407673","0.24393723148407673"
"3570","0.24393820028011293","0.24393820028011293","0.24393820028011293"
"3571","0.24394427331279842","0.24394427331279842","0.24394427331279842"
"3572","0.2439383136198217","0.2439383136198217","0.2439383136198217"
"3573","0.24394292552943458","0.24394292552943458","0.24394292552943458"
"3574","0.24393879115370354","0.24393879115370354","0.24393879115370354"
"3575","0.24394048659673748","0.24394048659673748","0.24394048659673748"
"3576","0.24393344227721936","0.24393344227721936","0.24393344227721936"
"3577","0.24392858598919107","0.24392858598919107","0.24392858598919107"
"3578","0.24392809938047413","0.24392809938047413","0.24392809938047413"
"3579","0.24393088735214766","0.24393088735214766","0.24393088735214766"
"3580","0.24392930924115544","0.24392930924115544","0.24392930924115544"
"3581","0.24392809562040485","0.24392809562040485","0.24392809562040485"
"3582","0.24392651916992458","0.24392651916992458","0.24392651916992458"
"3583","0.24392894106428592","0.24392894106428592","0.24392894106428592"
"3584","0.24392881847563333","0.24392881847563333","0.24392881847563333"
"3585","0.24392324790795067","0.24392324790795067","0.24392324790795067"
"3586","0.2439256686884188","0.2439256686884188","0.2439256686884188"
"3587","0.2439295401217368","0.2439295401217368","0.2439295401217368"
"3588","0.24392179661371327","0.24392179661371327","0.24392179661371327"
"3589","0.2439224017832274","0.2439224017832274","0.2439224017832274"
"3590","0.24392155582637043","0.24392155582637043","0.24392155582637043"
"3591","0.2439199851480562","0.2439199851480562","0.2439199851480562"
"3592","0.2439198653257247","0.2439198653257247","0.2439198653257247"
"3593","0.24391539683644212","0.24391539683644212","0.24391539683644212"
"3594","0.24391165542107304","0.24391165542107304","0.24391165542107304"
"3595","0.24390864047287988","0.24390864047287988","0.24390864047287988"
"3596","0.24390743766221817","0.24390743766221817","0.24390743766221817"
"3597","0.24390840746918818","0.24390840746918818","0.24390840746918818"
"3598","0.2439072053918853","0.2439072053918853","0.2439072053918853"
"3599","0.24390383324071593","0.24390383324071593","0.24390383324071593"
"3600","0.24390082465277868","0.24390082465277868","0.24390082465277868"
"3601","0.2438923938952152","0.2438923938952152","0.2438923938952152"
"3602","0.24389228206552008","0.24389228206552008","0.24389228206552008"
"3603","0.24389108613192803","0.24389108613192803","0.24389108613192803"
"3604","0.24388916828523954","0.24388916828523954","0.24388916828523954"
"3605","0.24388797387887287","0.24388797387887287","0.24388797387887287"
"3606","0.243889668838973","0.243889668838973","0.243889668838973"
"3607","0.24388991890768041","0.24388991890768041","0.24388991890768041"
"3608","0.24388619907150869","0.24388619907150869","0.24388619907150869"
"3609","0.24388789311443704","0.24388789311443704","0.24388789311443704"
"3610","0.24388561865189382","0.24388561865189382","0.24388561865189382"
"3611","0.24388514838918213","0.24388514838918213","0.24388514838918213"
"3612","0.24388143399317183","0.24388143399317183","0.24388143399317183"
"3613","0.24387664048805333","0.24387664048805333","0.24387664048805333"
"3614","0.243877614254751","0.243877614254751","0.243877614254751"
"3615","0.24388038842784787","0.24388038842784787","0.24388038842784787"
"3616","0.24387883999354812","0.24387883999354812","0.24387883999354812"
"3617","0.24387441249654504","0.24387441249654504","0.24387441249654504"
"3618","0.24387430613138109","0.24387430613138109","0.24387430613138109"
"3619","0.24387348024316205","0.24387348024316205","0.24387348024316205"
"3620","0.24387589203499171","0.24387589203499171","0.24387589203499171"
"3621","0.24387326820399616","0.24387326820399616","0.24387326820399616"
"3622","0.24387136480765784","0.24387136480765784","0.24387136480765784"
"3623","0.24386335276934493","0.24386335276934493","0.24386335276934493"
"3624","0.2438639682211194","0.2438639682211194","0.2438639682211194"
"3625","0.24386063218390897","0.24386063218390897","0.24386063218390897"
"3626","0.2438572979867632","0.2438572979867632","0.2438572979867632"
"3627","0.24385755560150815","0.24385755560150815","0.24385755560150815"
"3628","0.24385637748070657","0.24385637748070657","0.24385637748070657"
"3629","0.24386022320198494","0.24386022320198494","0.24386022320198494"
"3630","0.24386012109733796","0.24386012109733796","0.24386012109733796"
"3631","0.24385248840998902","0.24385248840998902","0.24385248840998902"
"3632","0.2438523884911904","0.2438523884911904","0.2438523884911904"
"3633","0.24384942139187177","0.24384942139187177","0.24384942139187177"
"3634","0.2438500389836737","0.2438500389836737","0.2438500389836737"
"3635","0.2438459995414957","0.2438459995414957","0.2438459995414957"
"3636","0.2438448271910534","0.2438448271910534","0.2438448271910534"
"3637","0.24384472951608566","0.24384472951608566","0.24384472951608566"
"3638","0.24383962112882632","0.24383962112882632","0.24383962112882632"
"3639","0.24384024056517453","0.24384024056517453","0.24384024056517453"
"3640","0.24383549393315115","0.24383549393315115","0.24383549393315115"
"3641","0.2438343260780015","0.2438343260780015","0.2438343260780015"
"3642","0.24383101375160265","0.24383101375160265","0.24383101375160265"
"3643","0.24382305677555227","0.24382305677555227","0.24382305677555227"
"3644","0.2438190347146003","0.2438190347146003","0.2438190347146003"
"3645","0.24382108767718433","0.24382108767718433","0.24382108767718433"
"3646","0.24381349709727654","0.24381349709727654","0.24381349709727654"
"3647","0.24381126610913179","0.24381126610913179","0.24381126610913179"
"3648","0.2438097502055931","0.2438097502055931","0.2438097502055931"
"3649","0.24380502363661377","0.24380502363661377","0.24380502363661377"
"3650","0.24380315353881377","0.24380315353881377","0.24380315353881377"
"3651","0.2438019977403461","0.2438019977403461","0.2438019977403461"
"3652","0.24380048603505028","0.24380048603505028","0.24380048603505028"
"3653","0.24380218313714855","0.24380218313714855","0.24380218313714855"
"3654","0.24379461434957225","0.24379461434957225","0.24379461434957225"
"3655","0.24379168091655365","0.24379168091655365","0.24379168091655365"
"3656","0.2437915982859237","0.2437915982859237","0.2437915982859237"
"3657","0.2437950762236816","0.2437950762236816","0.2437950762236816"
"3658","0.24379570462001193","0.24379570462001193","0.24379570462001193"
"3659","0.24379633267286244","0.24379633267286244","0.24379633267286244"
"3660","0.24379696038251467","0.24379696038251467","0.24379696038251467"
"3661","0.24379403111627157","0.24379403111627157","0.24379403111627157"
"3662","0.24379359241307216","0.24379359241307216","0.24379359241307216"
"3663","0.24379315394940493","0.24379315394940493","0.24379315394940493"
"3664","0.24379129423671858","0.24379129423671858","0.24379129423671858"
"3665","0.243787659163257","0.243787659163257","0.243787659163257"
"3666","0.24378153982542378","0.24378153982542378","0.24378153982542378"
"3667","0.24378217037087635","0.24378217037087635","0.24378217037087635"
"3668","0.24377783078880505","0.24377783078880505","0.24377783078880505"
"3669","0.24377668756246124","0.24377668756246124","0.24377668756246124"
"3670","0.24377412579473304","0.24377412579473304","0.24377412579473304"
"3671","0.24376730908925914","0.24376730908925914","0.24376730908925914"
"3672","0.24376333287944904","0.24376333287944904","0.24376333287944904"
"3673","0.24376290384790006","0.24376290384790006","0.24376290384790006"
"3674","0.24376212064507444","0.24376212064507444","0.24376212064507444"
"3675","0.2437570861678014","0.2437570861678014","0.2437570861678014"
"3676","0.24375772182172747","0.24375772182172747","0.24375772182172747"
"3677","0.24374950423805733","0.24374950423805733","0.24374950423805733"
"3678","0.2437458933750236","0.2437458933750236","0.2437458933750236"
"3679","0.2437454697834566","0.2437454697834566","0.2437454697834566"
"3680","0.2437446925951096","0.2437446925951096","0.2437446925951096"
"3681","0.243741085982071","0.243741085982071","0.243741085982071"
"3682","0.2437403104064829","0.2437403104064829","0.2437403104064829"
"3683","0.24373776755815096","0.24373776755815096","0.24373776755815096"
"3684","0.24374017428972222","0.24374017428972222","0.24374017428972222"
"3685","0.2437383395522397","0.2437383395522397","0.2437383395522397"
"3686","0.2437375655633939","0.2437375655633939","0.2437375655633939"
"3687","0.2437406767019266","0.2437406767019266","0.2437406767019266"
"3688","0.24374096167751352","0.24374096167751352","0.24374096167751352"
"3689","0.2437377168609388","0.2437377168609388","0.2437377168609388"
"3690","0.24373165085817614","0.24373165085817614","0.24373165085817614"
"3691","0.243730526957465","0.243730526957465","0.243730526957465"
"3692","0.24373257775821686","0.24373257775821686","0.24373257775821686"
"3693","0.2437318067966432","0.2437318067966432","0.2437318067966432"
"3694","0.24373103625248238","0.24373103625248238","0.24373103625248238"
"3695","0.2437256850473622","0.2437256850473622","0.2437256850473622"
"3696","0.2437245642812058","0.2437245642812058","0.2437245642812058"
"3697","0.2437206265215048","0.2437206265215048","0.2437206265215048"
"3698","0.243721620357852","0.243721620357852","0.243721620357852"
"3699","0.24372190963774082","0.24372190963774082","0.24372190963774082"
"3700","0.24372008727477565","0.24372008727477565","0.24372008727477565"
"3701","0.24371545134198053","0.24371545134198053","0.24371545134198053"
"3702","0.24370870756798216","0.24370870756798216","0.24370870756798216"
"3703","0.2437061869880286","0.2437061869880286","0.2437061869880286"
"3704","0.24370507390658835","0.24370507390658835","0.24370507390658835"
"3705","0.24370290710751327","0.24370290710751327","0.24370290710751327"
"3706","0.2436979307204542","0.2436979307204542","0.2436979307204542"
"3707","0.24369541576746784","0.24369541576746784","0.24369541576746784"
"3708","0.24369430679162263","0.24369430679162263","0.24369430679162263"
"3709","0.2436960068976373","0.2436960068976373","0.2436960068976373"
"3710","0.24369419642857232","0.24369419642857232","0.24369419642857232"
"3711","0.2436965973906413","0.2436965973906413","0.2436965973906413"
"3712","0.2436944369612078","0.2436944369612078","0.2436944369612078"
"3713","0.24369332974234761","0.24369332974234761","0.24369332974234761"
"3714","0.24369187253186234","0.24369187253186234","0.24369187253186234"
"3715","0.24368656067743474","0.24368656067743474","0.24368656067743474"
"3716","0.2436833540769654","0.2436833540769654","0.2436833540769654"
"3717","0.24367874798224468","0.24367874798224468","0.24367874798224468"
"3718","0.24367589541868478","0.24367589541868478","0.24367589541868478"
"3719","0.2436733945056924","0.2436733945056924","0.2436733945056924"
"3720","0.24366914482526975","0.24366914482526975","0.24366914482526975"
"3721","0.24366664707068084","0.24366664707068084","0.24366664707068084"
"3722","0.24367044767598156","0.24367044767598156","0.24367044767598156"
"3723","0.24367074883606502","0.24367074883606502","0.24367074883606502"
"3724","0.24366650443072058","0.24366650443072058","0.24366650443072058"
"3725","0.24366785514541478","0.24366785514541478","0.24366785514541478"
"3726","0.24366466217123012","0.24366466217123012","0.24366466217123012"
"3727","0.2436656632904043","0.2436656632904043","0.2436656632904043"
"3728","0.24366491751609534","0.24366491751609534","0.24366491751609534"
"3729","0.24366836227317512","0.24366836227317512","0.24366836227317512"
"3730","0.24366831434316447","0.24366831434316447","0.24366831434316447"
"3731","0.24366582350576343","0.24366582350576343","0.24366582350576343"
"3732","0.24366472959092625","0.24366472959092625","0.24366472959092625"
"3733","0.2436622410483088","0.2436622410483088","0.2436622410483088"
"3734","0.2436653331994296","0.2436653331994296","0.2436653331994296"
"3735","0.2436628458277564","0.2436628458277564","0.2436628458277564"
"3736","0.24366175388115727","0.24366175388115727","0.24366175388115727"
"3737","0.24365996565872897","0.24365996565872897","0.24365996565872897"
"3738","0.24366061675138315","0.24366061675138315","0.24366061675138315"
"3739","0.24365848154586883","0.24365848154586883","0.24365848154586883"
"3740","0.24365182152406512","0.24365182152406512","0.24365182152406512"
"3741","0.243655258732069","0.243655258732069","0.243655258732069"
"3742","0.2436513868474978","0.2436513868474978","0.2436513868474978"
"3743","0.24364925638970616","0.24364925638970616","0.24364925638970616"
"3744","0.24364225816862628","0.24364225816862628","0.24364225816862628"
"3745","0.24363874054294707","0.24363874054294707","0.24363874054294707"
"3746","0.24363452960936202","0.24363452960936202","0.24363452960936202"
"3747","0.2436296259229615","0.2436296259229615","0.2436296259229615"
"3748","0.2436288937433307","0.2436288937433307","0.2436288937433307"
"3749","0.24362642538010226","0.24362642538010226","0.24362642538010226"
"3750","0.2436250000000009","0.2436250000000009","0.2436250000000009"
"3751","0.24362392250955392","0.24362392250955392","0.24362392250955392"
"3752","0.24362353966773367","0.24362353966773367","0.24362353966773367"
"3753","0.24362350397459903","0.24362350397459903","0.24362350397459903"
"3754","0.2436245088572199","0.2436245088572199","0.2436245088572199"
"3755","0.24361927152685403","0.24361927152685403","0.24361927152685403"
"3756","0.24362235700656823","0.24362235700656823","0.24362235700656823"
"3757","0.24362370796735078","0.24362370796735078","0.24362370796735078"
"3758","0.24362297931080457","0.24362297931080457","0.24362297931080457"
"3759","0.24361982630575602","0.24361982630575602","0.24361982630575602"
"3760","0.24361875277039102","0.24361875277039102","0.24361875277039102"
"3761","0.24361594877249054","0.24361594877249054","0.24361594877249054"
"3762","0.24361176180666408","0.24361176180666408","0.24361176180666408"
"3763","0.2436120753609718","0.2436120753609718","0.2436120753609718"
"3764","0.24360927537194568","0.24360927537194568","0.24360927537194568"
"3765","0.243605785192564","0.243605785192564","0.243605785192564"
"3766","0.24361370651885383","0.24361370651885383","0.24361370651885383"
"3767","0.24361471053446693","0.24361471053446693","0.24361471053446693"
"3768","0.24361571401716303","0.24361571401716303","0.24361571401716303"
"3769","0.24361464413637665","0.24361464413637665","0.24361464413637665"
"3770","0.24361322944297178","0.24361322944297178","0.24361322944297178"
"3771","0.24361250607708043","0.24361250607708043","0.24361250607708043"
"3772","0.24360625994167648","0.24360625994167648","0.24360625994167648"
"3773","0.24360622901758203","0.24360622901758203","0.24360622901758203"
"3774","0.24360964825119333","0.24360964825119333","0.24360964825119333"
"3775","0.24360720198675592","0.24360720198675592","0.24360720198675592"
"3776","0.24360303286105323","0.24360303286105323","0.24360303286105323"
"3777","0.24360300282411182","0.24360300282411182","0.24360300282411182"
"3778","0.2435974584215644","0.2435974584215644","0.2435974584215644"
"3779","0.24359432885684143","0.24359432885684143","0.24359432885684143"
"3780","0.2435908564814825","0.2435908564814825","0.2435908564814825"
"3781","0.24358531969055905","0.24358531969055905","0.24358531969055905"
"3782","0.24358254010223965","0.24358254010223965","0.24358254010223965"
"3783","0.2435845806899296","0.2435845806899296","0.2435845806899296"
"3784","0.2435814586636726","0.2435814586636726","0.2435814586636726"
"3785","0.2435883146191115","0.2435883146191115","0.2435883146191115"
"3786","0.24358450541468668","0.24358450541468668","0.24358450541468668"
"3787","0.24358482417921057","0.24358482417921057","0.24358482417921057"
"3788","0.24358548651443251","0.24358548651443251","0.24358548651443251"
"3789","0.2435833993138041","0.2435833993138041","0.2435833993138041"
"3790","0.24358165677220855","0.24358165677220855","0.24358165677220855"
"3791","0.24357991514991745","0.24357991514991745","0.24357991514991745"
"3792","0.24357611418776468","0.24357611418776468","0.24357611418776468"
"3793","0.24357300180156524","0.24357300180156524","0.24357300180156524"
"3794","0.24356611590669575","0.24356611590669575","0.24356611590669575"
"3795","0.24356712505489778","0.24356712505489778","0.24356712505489778"
"3796","0.24356436051106523","0.24356436051106523","0.24356436051106523"
"3797","0.2435646837415513","0.2435646837415513","0.2435646837415513"
"3798","0.2435636354660357","0.2435636354660357","0.2435636354660357"
"3799","0.24356190225498034","0.24356190225498034","0.24356190225498034"
"3800","0.24356496710526412","0.24356496710526412","0.24356496710526412"
"3801","0.24356974315969576","0.24356974315969576","0.24356974315969576"
"3802","0.24356903712958186","0.24356903712958186","0.24356903712958186"
"3803","0.24356593478832597","0.24356593478832597","0.24356593478832597"
"3804","0.24356078031896347","0.24356078031896347","0.24356078031896347"
"3805","0.24355460194919065","0.24355460194919065","0.24355460194919065"
"3806","0.24355629543265117","0.24355629543265117","0.24355629543265117"
"3807","0.24355525183871915","0.24355525183871915","0.24355525183871915"
"3808","0.2435487378545178","0.2435487378545178","0.2435487378545178"
"3809","0.24355179891922737","0.24355179891922737","0.24355179891922737"
"3810","0.24355007381889862","0.24355007381889862","0.24355007381889862"
"3811","0.24355279126213691","0.24355279126213691","0.24355279126213691"
"3812","0.24355140838142805","0.24355140838142805","0.24355140838142805"
"3813","0.2435503677113394","0.2435503677113394","0.2435503677113394"
"3814","0.24355001037843133","0.24355001037843133","0.24355001037843133"
"3815","0.24354931192660648","0.24354931192660648","0.24354931192660648"
"3816","0.2435458841063951","0.2435458841063951","0.2435458841063951"
"3817","0.24354143470002718","0.24354143470002718","0.24354143470002718"
"3818","0.24353528243408515","0.24353528243408515","0.24353528243408515"
"3819","0.2435298152875981","0.2435298152875981","0.2435298152875981"
"3820","0.24352503272251408","0.24352503272251408","0.24352503272251408"
"3821","0.2435195711201266","0.2435195711201266","0.2435195711201266"
"3822","0.2435236514477596","0.2435236514477596","0.2435236514477596"
"3823","0.24352772964077177","0.24352772964077177","0.24352772964077177"
"3824","0.2435205691030345","0.2435205691030345","0.2435205691030345"
"3825","0.2435134123093692","0.2435134123093692","0.2435134123093692"
"3826","0.24350966250653525","0.24350966250653525","0.24350966250653525"
"3827","0.24350353301106278","0.24350353301106278","0.24350353301106278"
"3828","0.24350046804249492","0.24350046804249492","0.24350046804249492"
"3829","0.24349774473317765","0.24349774473317765","0.24349774473317765"
"3830","0.24349808257180258","0.24349808257180258","0.24349808257180258"
"3831","0.24349502142608645","0.24349502142608645","0.24349502142608645"
"3832","0.24349332104645194","0.24349332104645194","0.24349332104645194"
"3833","0.2434926406644066","0.2434926406644066","0.2434926406644066"
"3834","0.24349671524517577","0.24349671524517577","0.24349671524517577"
"3835","0.24349399717514225","0.24349399717514225","0.24349399717514225"
"3836","0.24349365658672328","0.24349365658672328","0.24349365658672328"
"3837","0.2434933161758328","0.2434933161758328","0.2434933161758328"
"3838","0.2434889048115348","0.2434889048115348","0.2434889048115348"
"3839","0.2434848349179484","0.2434848349179484","0.2434848349179484"
"3840","0.24348517523871627","0.24348517523871627","0.24348517523871627"
"3841","0.24349060032109793","0.24349060032109793","0.24349060032109793"
"3842","0.24348280517959495","0.24348280517959495","0.24348280517959495"
"3843","0.24348246812386254","0.24348246812386254","0.24348246812386254"
"3844","0.24348043758671623","0.24348043758671623","0.24348043758671623"
"3845","0.24347908539228533","0.24347908539228533","0.24347908539228533"
"3846","0.24347604112497934","0.24347604112497934","0.24347604112497934"
"3847","0.2434716445715286","0.2434716445715286","0.2434716445715286"
"3848","0.24347131085412435","0.24347131085412435","0.24347131085412435"
"3849","0.24347402193210457","0.24347402193210457","0.24347402193210457"
"3850","0.2434676001082261","0.2434676001082261","0.2434676001082261"
"3851","0.24346862016359488","0.24346862016359488","0.24346862016359488"
"3852","0.24346963968933988","0.24346963968933988","0.24346963968933988"
"3853","0.24346558958387507","0.24346558958387507","0.24346558958387507"
"3854","0.24346390654731118","0.24346390654731118","0.24346390654731118"
"3855","0.24346729085603214","0.24346729085603214","0.24346729085603214"
"3856","0.24346256915629422","0.24346256915629422","0.24346256915629422"
"3857","0.24345751231527193","0.24345751231527193","0.24345751231527193"
"3858","0.24345853313461308","0.24345853313461308","0.24345853313461308"
"3859","0.24346191532780614","0.24346191532780614","0.24346191532780614"
"3860","0.24346327180483693","0.24346327180483693","0.24346327180483693"
"3861","0.2434619296598473","0.2434619296598473","0.2434619296598473"
"3862","0.2434589024469197","0.2434589024469197","0.2434589024469197"
"3863","0.24345789919320146","0.24345789919320146","0.24345789919320146"
"3864","0.24345116783126394","0.24345116783126394","0.24345116783126394"
"3865","0.2434494933160855","0.2434494933160855","0.2434494933160855"
"3866","0.24344579884462936","0.24344579884462936","0.24344579884462936"
"3867","0.24344378986725382","0.24344378986725382","0.24344378986725382"
"3868","0.24343976215098342","0.24343976215098342","0.24343976215098342"
"3869","0.24344179428362295","0.24344179428362295","0.24344179428362295"
"3870","0.24343844207579773","0.24343844207579773","0.24343844207579773"
"3871","0.2434394643933533","0.2434394643933533","0.2434394643933533"
"3872","0.24343645080062087","0.24343645080062087","0.24343645080062087"
"3873","0.24343276637404354","0.24343276637404354","0.24343276637404354"
"3874","0.24342874774135365","0.24342874774135365","0.24342874774135365"
"3875","0.2434260752688182","0.2434260752688182","0.2434260752688182"
"3876","0.2434230682404551","0.2434230682404551","0.2434230682404551"
"3877","0.24342207785229233","0.24342207785229233","0.24342207785229233"
"3878","0.24342276678270688","0.24342276678270688","0.24342276678270688"
"3879","0.24342479805791975","0.24342479805791975","0.24342479805791975"
"3880","0.24342414357817974","0.24342414357817974","0.24342414357817974"
"3881","0.2434228184316767","0.2434228184316767","0.2434228184316767"
"3882","0.24342551895500705","0.24342551895500705","0.24342551895500705"
"3883","0.24342486479526243","0.24342486479526243","0.24342486479526243"
"3884","0.24342052330072192","0.24342052330072192","0.24342052330072192"
"3885","0.24342188170313273","0.24342188170313273","0.24342188170313273"
"3886","0.24342122898438942","0.24342122898438942","0.24342122898438942"
"3887","0.24342124656976347","0.24342124656976347","0.24342124656976347"
"3888","0.24342126414609155","0.24342126414609155","0.24342126414609155"
"3889","0.24342228614896821","0.24342228614896821","0.24342228614896821"
"3890","0.24342163399743033","0.24342163399743033","0.24342163399743033"
"3891","0.24342432857877255","0.24342432857877255","0.24342432857877255"
"3892","0.2434216689148691","0.2434216689148691","0.2434216689148691"
"3893","0.24342068295658978","0.24342068295658978","0.24342068295658978"
"3894","0.24341501615733707","0.24341501615733707","0.24341501615733707"
"3895","0.2434133638211392","0.2434133638211392","0.2434133638211392"
"3896","0.2434100412816574","0.2434100412816574","0.2434100412816574"
"3897","0.24340939344367563","0.24340939344367563","0.24340939344367563"
"3898","0.24340540554985562","0.24340540554985562","0.24340540554985562"
"3899","0.24340676295203997","0.24340676295203997","0.24340676295203997"
"3900","0.24340711805555654","0.24340711805555654","0.24340711805555654"
"3901","0.2434031338118441","0.2434031338118441","0.2434031338118441"
"3902","0.24339915161028633","0.24339915161028633","0.24339915161028633"
"3903","0.2433955050602111","0.2433955050602111","0.2433955050602111"
"3904","0.24339419505635346","0.24339419505635346","0.24339419505635346"
"3905","0.24339288572343248","0.24339288572343248","0.24339288572343248"
"3906","0.24339191041560093","0.24339191041560093","0.24339191041560093"
"3907","0.24339160214572236","0.24339160214572236","0.24339160214572236"
"3908","0.24338662945667108","0.24338662945667108","0.24338662945667108"
"3909","0.24338432410249952","0.24338432410249952","0.24338432410249952"
"3910","0.24338435102301892","0.24338435102301892","0.24338435102301892"
"3911","0.24338504378675632","0.24338504378675632","0.24338504378675632"
"3912","0.24338440482276857","0.24338440482276857","0.24338440482276857"
"3913","0.24337944032711575","0.24337944032711575","0.24337944032711575"
"3914","0.24337680708141815","0.24337680708141815","0.24337680708141815"
"3915","0.24337317741592265","0.24337317741592265","0.24337317741592265"
"3916","0.24336688957695027","0.24336688957695027","0.24336688957695027"
"3917","0.24335994011148088","0.24335994011148088","0.24335994011148088"
"3918","0.24335797919857172","0.24335797919857172","0.24335797919857172"
"3919","0.24335601928638362","0.24335601928638362","0.24335601928638362"
"3920","0.2433540603741507","0.2433540603741507","0.2433540603741507"
"3921","0.24335675157272907","0.24335675157272907","0.24335675157272907"
"3922","0.24335645344637194","0.24335645344637194","0.24335645344637194"
"3923","0.24334852153963907","0.24334852153963907","0.24334852153963907"
"3924","0.2433445755818903","0.2433445755818903","0.2433445755818903"
"3925","0.24334394904458703","0.24334394904458703","0.24334394904458703"
"3926","0.2433426595135008","0.2433426595135008","0.2433426595135008"
"3927","0.2433426969272568","0.2433426969272568","0.2433426969272568"
"3928","0.2433424028343527","0.2433424028343527","0.2433424028343527"
"3929","0.2433384634555029","0.2433384634555029","0.2433384634555029"
"3930","0.24333783927056932","0.24333783927056932","0.24333783927056932"
"3931","0.24333489676079137","0.24333489676079137","0.24333489676079137"
"3932","0.2433316245973222","0.2433316245973222","0.2433316245973222"
"3933","0.24333232689211057","0.24333232689211057","0.24333232689211057"
"3934","0.24332938802745405","0.24332938802745405","0.24332938802745405"
"3935","0.2433330686149947","0.2433330686149947","0.2433330686149947"
"3936","0.24333476244918806","0.24333476244918806","0.24333476244918806"
"3937","0.2433338095842869","0.2433338095842869","0.2433338095842869"
"3938","0.24333054268241178","0.24333054268241178","0.24333054268241178"
"3939","0.2433252940678694","0.2433252940678694","0.2433252940678694"
"3940","0.24332203098561866","0.24332203098561866","0.24332203098561866"
"3941","0.24331976074177558","0.24331976074177558","0.24331976074177558"
"3942","0.24331683102908955","0.24331683102908955","0.24331683102908955"
"3943","0.24331291212275027","0.24331291212275027","0.24331291212275027"
"3944","0.24331130620351699","0.24331130620351699","0.24331130620351699"
"3945","0.24330045944233317","0.24330045944233317","0.24330045944233317"
"3946","0.24330149729684178","0.24330149729684178","0.24330149729684178"
"3947","0.24330352430115812","0.24330352430115812","0.24330352430115812"
"3948","0.24330060315349655","0.24330060315349655","0.24330060315349655"
"3949","0.2432973537604468","0.2432973537604468","0.2432973537604468"
"3950","0.24329773206751165","0.24329773206751165","0.24329773206751165"
"3951","0.2432938259301454","0.2432938259301454","0.2432938259301454"
"3952","0.2432942049384289","0.2432942049384289","0.2432942049384289"
"3953","0.24329524253731455","0.24329524253731455","0.24329524253731455"
"3954","0.2432952916877435","0.2432952916877435","0.2432952916877435"
"3955","0.24329073166877482","0.24329073166877482","0.24329073166877482"
"3956","0.24329209850016964","0.24329209850016964","0.24329209850016964"
"3957","0.24328589630191333","0.24328589630191333","0.24328589630191333"
"3958","0.24328561878895175","0.24328561878895175","0.24328561878895175"
"3959","0.24328303917235103","0.24328303917235103","0.24328303917235103"
"3960","0.24327815919612905","0.24327815919612905","0.24327815919612905"
"3961","0.24327098060254257","0.24327098060254257","0.24327098060254257"
"3962","0.24327136442032754","0.24327136442032754","0.24327136442032754"
"3963","0.2432763478846003","0.2432763478846003","0.2432763478846003"
"3964","0.2432731169063247","0.2432731169063247","0.2432731169063247"
"3965","0.24326791719209861","0.24326791719209861","0.24326791719209861"
"3966","0.24326961464111727","0.24326961464111727","0.24326961464111727"
"3967","0.24326409020250508","0.24326409020250508","0.24326409020250508"
"3968","0.24326710034442314","0.24326710034442314","0.24326710034442314"
"3969","0.24326912477954257","0.24326912477954257","0.24326912477954257"
"3970","0.2432695082913529","0.2432695082913529","0.2432695082913529"
"3971","0.24326989161000698","0.24326989161000698","0.24326989161000698"
"3972","0.24326929128902425","0.24326929128902425","0.24326929128902425"
"3973","0.24326901900327316","0.24326901900327316","0.24326901900327316"
"3974","0.2432707127579276","0.2432707127579276","0.2432707127579276"
"3975","0.24326650943396336","0.24326650943396336","0.24326650943396336"
"3976","0.2432678754820601","0.2432678754820601","0.2432678754820601"
"3977","0.24326760382616822","0.24326760382616822","0.24326760382616822"
"3978","0.2432663503435573","0.2432663503435573","0.2432663503435573"
"3979","0.2432664064463444","0.2432664064463444","0.2432664064463444"
"3980","0.24326253664154213","0.24326253664154213","0.24326253664154213"
"3981","0.24326095830193528","0.24326095830193528","0.24326095830193528"
"3982","0.24325055196300124","0.24325055196300124","0.24325055196300124"
"3983","0.2432486505146885","0.2432486505146885","0.2432486505146885"
"3984","0.2432490378179395","0.2432490378179395","0.2432490378179395"
"3985","0.24325105865746657","0.24325105865746657","0.24325105865746657"
"3986","0.24324883184897247","0.24324883184897247","0.24324883184897247"
"3987","0.2432439934997085","0.2432439934997085","0.2432439934997085"
"3988","0.24324470808258217","0.24324470808258217","0.24324470808258217"
"3989","0.24324574872566335","0.24324574872566335","0.24324574872566335"
"3990","0.24323830409356834","0.24323830409356834","0.24323830409356834"
"3991","0.24323836705504162","0.24323836705504162","0.24323836705504162"
"3992","0.2432397346776898","0.2432397346776898","0.2432397346776898"
"3993","0.24323523196844585","0.24323523196844585","0.24323523196844585"
"3994","0.24323170954348297","0.24323170954348297","0.24323170954348297"
"3995","0.2432288407384241","0.2432288407384241","0.2432288407384241"
"3996","0.2432256475225236","0.2432256475225236","0.2432256475225236"
"3997","0.24322669085147303","0.24322669085147303","0.24322669085147303"
"3998","0.24322252271969427","0.24322252271969427","0.24322252271969427"
"3999","0.2432167286613331","0.2432167286613331","0.2432167286613331"
"4000","0.24321419270833441","0.24321419270833441","0.24321419270833441"
"4001","0.24320807818878723","0.24320807818878723","0.24320807818878723"
"4002","0.24320424423205175","0.24320424423205175","0.24320424423205175"
"4003","0.243201388021485","0.243201388021485","0.243201388021485"
"4004","0.24319690725940835","0.24319690725940835","0.24319690725940835"
"4005","0.2431999063670423","0.2431999063670423","0.2431999063670423"
"4006","0.24319932861125088","0.24319932861125088","0.24319932861125088"
"4007","0.24319420181349416","0.24319420181349416","0.24319420181349416"
"4008","0.24319167654274892","0.24319167654274892","0.24319167654274892"
"4009","0.24318622942130314","0.24318622942130314","0.24318622942130314"
"4010","0.24318500623441505","0.24318500623441505","0.24318500623441505"
"4011","0.24318248514501895","0.24318248514501895","0.24318248514501895"
"4012","0.24317769348205492","0.24317769348205492","0.24317769348205492"
"4013","0.24317387760611456","0.24317387760611456","0.24317387760611456"
"4014","0.24317168555887836","0.24317168555887836","0.24317168555887836"
"4015","0.24316981890826178","0.24316981890826178","0.24316981890826178"
"4016","0.24316827741118965","0.24316827741118965","0.24316827741118965"
"4017","0.24316965397062593","0.24316965397062593","0.24316965397062593"
"4018","0.243170705782314","0.243170705782314","0.243170705782314"
"4019","0.24316948919714798","0.24316948919714798","0.24316948919714798"
"4020","0.24317086442786176","0.24317086442786176","0.24317086442786176"
"4021","0.2431715913330028","0.2431715913330028","0.2431715913330028"
"4022","0.24316972795458422","0.24316972795458422","0.24316972795458422"
"4023","0.2431714257602132","0.2431714257602132","0.2431714257602132"
"4024","0.24316826903164457","0.24316826903164457","0.24316826903164457"
"4025","0.24316123188405905","0.24316123188405905","0.24316123188405905"
"4026","0.2431619602790208","0.2431619602790208","0.2431619602790208"
"4027","0.24316107162072786","0.24316107162072786","0.24316107162072786"
"4028","0.24316179969381108","0.24316179969381108","0.24316179969381108"
"4029","0.2431628505832724","0.2431628505832724","0.2431628505832724"
"4030","0.24316519334160572","0.24316519334160572","0.24316519334160572"
"4031","0.24315719837922875","0.24315719837922875","0.24315719837922875"
"4032","0.24314888444527225","0.24314888444527225","0.24314888444527225"
"4033","0.24314735463674791","0.24314735463674791","0.24314735463674791"
"4034","0.24314550280945407","0.24314550280945407","0.24314550280945407"
"4035","0.24314720156960043","0.24314720156960043","0.24314720156960043"
"4036","0.2431453506978868","0.2431453506978868","0.2431453506978868"
"4037","0.24314350074312718","0.24314350074312718","0.24314350074312718"
"4038","0.2431435864495636","0.2431435864495636","0.2431435864495636"
"4039","0.24314367211356058","0.24314367211356058","0.24314367211356058"
"4040","0.24314150165016613","0.24314150165016613","0.24314150165016613"
"4041","0.24313933226099263","0.24313933226099263","0.24313933226099263"
"4042","0.2431416738825675","0.2431416738825675","0.2431416738825675"
"4043","0.2431369290543337","0.2431369290543337","0.2431369290543337"
"4044","0.24313347448895595","0.24313347448895595","0.24313347448895595"
"4045","0.24313034353110946","0.24313034353110946","0.24313034353110946"
"4046","0.24313043231998793","0.24313043231998793","0.24313043231998793"
"4047","0.24312987758421986","0.24312987758421986","0.24312987758421986"
"4048","0.24313253973155577","0.24313253973155577","0.24313253973155577"
"4049","0.24313005526055925","0.24313005526055925","0.24313005526055925"
"4050","0.24312885802469245","0.24312885802469245","0.24312885802469245"
"4051","0.24313183987492912","0.24313183987492912","0.24313183987492912"
"4052","0.2431248586089185","0.2431248586089185","0.2431248586089185"
"4053","0.24312205722098967","0.24312205722098967","0.24312205722098967"
"4054","0.24312182669380147","0.24312182669380147","0.24312182669380147"
"4055","0.24311934854089712","0.24311934854089712","0.24311934854089712"
"4056","0.24311751366288736","0.24311751366288736","0.24311751366288736"
"4057","0.2431095816900841","0.2431095816900841","0.2431095816900841"
"4058","0.24310550404550793","0.24310550404550793","0.24310550404550793"
"4059","0.24310784419397335","0.24310784419397335","0.24310784419397335"
"4060","0.2431066553776694","0.2431066553776694","0.2431066553776694"
"4061","0.24310899409012668","0.24310899409012668","0.24310899409012668"
"4062","0.2431087672328913","0.2431087672328913","0.2431087672328913"
"4063","0.24311238616785735","0.24311238616785735","0.24311238616785735"
"4064","0.24310991582595254","0.24310991582595254","0.24310991582595254"
"4065","0.24310520448954598","0.24310520448954598","0.24310520448954598"
"4066","0.24310529902443134","0.24310529902443134","0.24310529902443134"
"4067","0.2430983500327853","0.2430983500327853","0.2430983500327853"
"4068","0.24308948398066318","0.24308948398066318","0.24308948398066318"
"4069","0.24309022231097022","0.24309022231097022","0.24309022231097022"
"4070","0.24308648136773248","0.24308648136773248","0.24308648136773248"
"4071","0.24308817960370208","0.24308817960370208","0.24308817960370208"
"4072","0.24308444099950996","0.24308444099950996","0.24308444099950996"
"4073","0.2430794254849017","0.2430794254849017","0.2430794254849017"
"4074","0.24307728890525393","0.24307728890525393","0.24307728890525393"
"4075","0.24308090490797657","0.24308090490797657","0.24308090490797657"
"4076","0.24307653285492423","0.24307653285492423","0.24307653285492423"
"4077","0.24307344043823184","0.24307344043823184","0.24307344043823184"
"4078","0.2430697109489957","0.2430697109489957","0.2430697109489957"
"4079","0.24306949466781186","0.24306949466781186","0.24306949466781186"
"4080","0.24306959763072009","0.24306959763072009","0.24306959763072009"
"4081","0.24306619088458822","0.24306619088458822","0.24306619088458822"
"4082","0.24306023395394527","0.24306023395394527","0.24306023395394527"
"4083","0.2430635281451558","0.2430635281451558","0.2430635281451558"
"4084","0.24306554542115685","0.24306554542115685","0.24306554542115685"
"4085","0.2430653304773573","0.2430653304773573","0.2430653304773573"
"4086","0.24306415963044653","0.24306415963044653","0.24306415963044653"
"4087","0.2430633079479662","0.2430633079479662","0.2430633079479662"
"4088","0.24306245668216028","0.24306245668216028","0.24306245668216028"
"4089","0.24305714773375836","0.24305714773375836","0.24305714773375836"
"4090","0.2430540698859017","0.2430540698859017","0.2430540698859017"
"4091","0.24305449462234283","0.24305449462234283","0.24305449462234283"
"4092","0.24305619195992292","0.24305619195992292","0.24305619195992292"
"4093","0.2430537528503961","0.2430537528503961","0.2430537528503961"
"4094","0.24305258711936276","0.24305258711936276","0.24305258711936276"
"4095","0.2430561914936926","0.2430561914936926","0.2430561914936926"
"4096","0.24305152893066517","0.24305152893066517","0.24305152893066517"
"4097","0.24304972896835195","0.24304972896835195","0.24304972896835195"
"4098","0.24304697667561526","0.24304697667561526","0.24304697667561526"
"4099","0.2430461316784593","0.2430461316784593","0.2430461316784593"
"4100","0.24304751016260276","0.24304751016260276","0.24304751016260276"
"4101","0.24304507792814872","0.24304507792814872","0.24304507792814872"
"4102","0.24304010746790294","0.24304010746790294","0.24304010746790294"
"4103","0.24303863027053488","0.24303863027053488","0.24303863027053488"
"4104","0.24304000923895497","0.24304000923895497","0.24304000923895497"
"4105","0.2430394843686572","0.2430394843686572","0.2430394843686572"
"4106","0.24303673993343186","0.24303673993343186","0.24303673993343186"
"4107","0.24303589907475154","0.24303589907475154","0.24303589907475154"
"4108","0.243030621145733","0.243030621145733","0.243030621145733"
"4109","0.24303326792812635","0.24303326792812635","0.24303326792812635"
"4110","0.24303527980535392","0.24303527980535392","0.24303527980535392"
"4111","0.24303444012000436","0.24303444012000436","0.24303444012000436"
"4112","0.24303075095249788","0.24303075095249788","0.24303075095249788"
"4113","0.24303339512926606","0.24303339512926606","0.24303339512926606"
"4114","0.24303287301490956","0.24303287301490956","0.24303287301490956"
"4115","0.2430314018833547","0.2430314018833547","0.2430314018833547"
"4116","0.24302581895853692","0.24302581895853692","0.24302581895853692"
"4117","0.24302023874585166","0.24302023874585166","0.24302023874585166"
"4118","0.24301466124332313","0.24301466124332313","0.24301466124332313"
"4119","0.24300845421623485","0.24300845421623485","0.24300845421623485"
"4120","0.24301173139158688","0.24301173139158688","0.24301173139158688"
"4121","0.24301247927283134","0.24301247927283134","0.24301247927283134"
"4122","0.24301164735969707","0.24301164735969707","0.24301164735969707"
"4123","0.24300765775325522","0.24300765775325522","0.24300765775325522"
"4124","0.2430061959464932","0.2430061959464932","0.2430061959464932"
"4125","0.24300757575757687","0.24300757575757687","0.24300757575757687"
"4126","0.2430026432985954","0.2430026432985954","0.2430026432985954"
"4127","0.24300023725870395","0.24300023725870395","0.24300023725870395"
"4128","0.24300224836482667","0.24300224836482667","0.24300224836482667"
"4129","0.24300236639218648","0.24300236639218648","0.24300236639218648"
"4130","0.24300059271590105","0.24300059271590105","0.24300059271590105"
"4131","0.24299692870975664","0.24299692870975664","0.24299692870975664"
"4132","0.24299862354791982","0.24299862354791982","0.24299862354791982"
"4133","0.24299874233809293","0.24299874233809293","0.24299874233809293"
"4134","0.24299539640783857","0.24299539640783857","0.24299539640783857"
"4135","0.24299173720274198","0.24299173720274198","0.24299173720274198"
"4136","0.24298745013297984","0.24298745013297984","0.24298745013297984"
"4137","0.2429847388405458","0.2429847388405458","0.2429847388405458"
"4138","0.2429848608425982","0.2429848608425982","0.2429848608425982"
"4139","0.24298278066360748","0.24298278066360748","0.24298278066360748"
"4140","0.242984790157006","0.242984790157006","0.242984790157006"
"4141","0.24298176768896518","0.24298176768896518","0.24298176768896518"
"4142","0.2429800041244177","0.2429800041244177","0.2429800041244177"
"4143","0.24297981283691483","0.24297981283691483","0.24297981283691483"
"4144","0.24297836480453783","0.24297836480453783","0.24297836480453783"
"4145","0.24297785987133205","0.24297785987133205","0.24297785987133205"
"4146","0.24296667721900742","0.24296667721900742","0.24296667721900742"
"4147","0.24296648932963702","0.24296648932963702","0.24296648932963702"
"4148","0.24296504590565848","0.24296504590565848","0.24296504590565848"
"4149","0.2429664276532509","0.2429664276532509","0.2429664276532509"
"4150","0.24296812248996097","0.24296812248996097","0.24296812248996097"
"4151","0.24296417028025488","0.24296417028025488","0.24296417028025488"
"4152","0.24296492403259587","0.24296492403259587","0.24296492403259587"
"4153","0.2429641097800798","0.2429641097800798","0.2429641097800798"
"4154","0.24296141520221587","0.24296141520221587","0.24296141520221587"
"4155","0.24295840854392414","0.24295840854392414","0.24295840854392414"
"4156","0.24295446342637267","0.24295446342637267","0.24295446342637267"
"4157","0.2429552186071698","0.2429552186071698","0.2429552186071698"
"4158","0.24295409451659566","0.24295409451659566","0.24295409451659566"
"4159","0.2429532840426396","0.2429532840426396","0.2429532840426396"
"4160","0.2429537259615396","0.2429537259615396","0.2429537259615396"
"4161","0.242955106444766","0.242955106444766","0.242955106444766"
"4162","0.2429549220126553","0.2429549220126553","0.2429549220126553"
"4163","0.24295786542157213","0.24295786542157213","0.24295786542157213"
"4164","0.24295799311559513","0.24295799311559513","0.24295799311559513"
"4165","0.24295280612245013","0.24295280612245013","0.24295280612245013"
"4166","0.24294887181949226","0.24294887181949226","0.24294887181949226"
"4167","0.24294712672986277","0.24294712672986277","0.24294712672986277"
"4168","0.24294944367802418","0.24294944367802418","0.24294944367802418"
"4169","0.2429461376629099","0.2429461376629099","0.2429461376629099"
"4170","0.2429434577338141","0.2429434577338141","0.2429434577338141"
"4171","0.24294171561576075","0.24294171561576075","0.24294171561576075"
"4172","0.242937165428253","0.242937165428253","0.242937165428253"
"4173","0.24293417755012497","0.24293417755012497","0.24293417755012497"
"4174","0.2429371181720184","0.2429371181720184","0.2429371181720184"
"4175","0.2429331961077856","0.2429331961077856","0.2429331961077856"
"4176","0.2429320821360165","0.2429320821360165","0.2429320821360165"
"4177","0.242934709420638","0.242934709420638","0.242934709420638"
"4178","0.24293640049066656","0.24293640049066656","0.24293640049066656"
"4179","0.24293933706229678","0.24293933706229678","0.24293933706229678"
"4180","0.2429372881778321","0.2429372881778321","0.2429372881778321"
"4181","0.2429371088455724","0.2429371088455724","0.2429371088455724"
"4182","0.24293817501594253","0.24293817501594253","0.24293817501594253"
"4183","0.24293426020001713","0.24293426020001713","0.24293426020001713"
"4184","0.24293563774697377","0.24293563774697377","0.24293563774697377"
"4185","0.24293732576662802","0.24293732576662802","0.24293732576662802"
"4186","0.24293434712932113","0.24293434712932113","0.24293434712932113"
"4187","0.24293385777406373","0.24293385777406373","0.24293385777406373"
"4188","0.24293367956065065","0.24293367956065065","0.24293367956065065"
"4189","0.24293225809660338","0.24293225809660338","0.24293225809660338"
"4190","0.24292897275258668","0.24292897275258668","0.24292897275258668"
"4191","0.24292786377555192","0.24292786377555192","0.24292786377555192"
"4192","0.24292333860130522","0.24292333860130522","0.24292333860130522"
"4193","0.24292161042213328","0.24292161042213328","0.24292161042213328"
"4194","0.24291895167700006","0.24291895167700006","0.24291895167700006"
"4195","0.24292095003973102","0.24292095003973102","0.24292095003973102"
"4196","0.2429192236653968","0.2429192236653968","0.2429192236653968"
"4197","0.24291656738940634","0.24291656738940634","0.24291656738940634"
"4198","0.24291794455693305","0.24291794455693305","0.24291794455693305"
"4199","0.24291777060014408","0.24291777060014408","0.24291777060014408"
"4200","0.24292286706349325","0.24292286706349325","0.24292286706349325"
"4201","0.24291773288106125","0.24291773288106125","0.24291773288106125"
"4202","0.2429150801205787","0.2429150801205787","0.2429150801205787"
"4203","0.24291707560076256","0.24291707560076256","0.24291707560076256"
"4204","0.2429131853591829","0.2429131853591829","0.2429131853591829"
"4205","0.24290774871185217","0.24290774871185217","0.24290774871185217"
"4206","0.24290819662387186","0.24290819662387186","0.24290819662387186"
"4207","0.24290307325093216","0.24290307325093216","0.24290307325093216"
"4208","0.24290104661755504","0.24290104661755504","0.24290104661755504"
"4209","0.24290180515957985","0.24290180515957985","0.24290180515957985"
"4210","0.2428942126880455","0.2428942126880455","0.2428942126880455"
"4211","0.24289930143275665","0.24289930143275665","0.24289930143275665"
"4212","0.2428966593463133","0.2428966593463133","0.2428966593463133"
"4213","0.24289896352559656","0.24289896352559656","0.24289896352559656"
"4214","0.24289539580367148","0.24289539580367148","0.24289539580367148"
"4215","0.24289677243970065","0.24289677243970065","0.24289677243970065"
"4216","0.2429018545422213","0.2429018545422213","0.2429018545422213"
"4217","0.24289890621294877","0.24289890621294877","0.24289890621294877"
"4218","0.24289750276592503","0.24289750276592503","0.24289750276592503"
"4219","0.24289949484475112","0.24289949484475112","0.24289949484475112"
"4220","0.24289840047393482","0.24289840047393482","0.24289840047393482"
"4221","0.2428985405314708","0.2428985405314708","0.2428985405314708"
"4222","0.24289960573582936","0.24289960573582936","0.24289960573582936"
"4223","0.24289666212803018","0.24289666212803018","0.24289666212803018"
"4224","0.24289711075599865","0.24289711075599865","0.24289711075599865"
"4225","0.24289293639053372","0.24289293639053372","0.24289293639053372"
"4226","0.24289246135037193","0.24289246135037193","0.24289246135037193"
"4227","0.24289106241621444","0.24289106241621444","0.24289106241621444"
"4228","0.24289366771129103","0.24289366771129103","0.24289366771129103"
"4229","0.24289565598644403","0.24289565598644403","0.24289565598644403"
"4230","0.24289425728920533","0.24289425728920533","0.24289425728920533"
"4231","0.24289070501457616","0.24289070501457616","0.24289070501457616"
"4232","0.24288961582388274","0.24288961582388274","0.24288961582388274"
"4233","0.24289129557445588","0.24289129557445588","0.24289129557445588"
"4234","0.24289420465281175","0.24289420465281175","0.24289420465281175"
"4235","0.24289311540732114","0.24289311540732114","0.24289311540732114"
"4236","0.2428926414463342","0.2428926414463342","0.2428926414463342"
"4237","0.2428894018959968","0.2428894018959968","0.2428894018959968"
"4238","0.242888621794873","0.242888621794873","0.242888621794873"
"4239","0.24288937789966306","0.24288937789966306","0.24288937789966306"
"4240","0.24288859817217098","0.24288859817217098","0.24288859817217098"
"4241","0.24288873988053247","0.24288873988053247","0.24288873988053247"
"4242","0.24288550506836515","0.24288550506836515","0.24288550506836515"
"4243","0.24288196490297861","0.24288196490297861","0.24288196490297861"
"4244","0.24287904001728045","0.24287904001728045","0.24287904001728045"
"4245","0.24287918384373888","0.24287918384373888","0.24287918384373888"
"4246","0.24287718097425143","0.24287718097425143","0.24287718097425143"
"4247","0.242873339514168","0.242873339514168","0.242873339514168"
"4248","0.24287593671531815","0.24287593671531815","0.24287593671531815"
"4249","0.24287577469208554","0.24287577469208554","0.24287577469208554"
"4250","0.24287224264705995","0.24287224264705995","0.24287224264705995"
"4251","0.24286932486473883","0.24286932486473883","0.24286932486473883"
"4252","0.24286885828237806","0.24286885828237806","0.24286885828237806"
"4253","0.2428631872599745","0.2428631872599745","0.2428631872599745"
"4254","0.24286578318445498","0.24286578318445498","0.24286578318445498"
"4255","0.2428671538386224","0.2428671538386224","0.2428671538386224"
"4256","0.24287035949248237","0.24287035949248237","0.24287035949248237"
"4257","0.242866528658681","0.242866528658681","0.242866528658681"
"4258","0.24286728657820691","0.24286728657820691","0.24286728657820691"
"4259","0.24286773841668743","0.24286773841668743","0.24286773841668743"
"4260","0.24286696742957864","0.24286696742957864","0.24286696742957864"
"4261","0.24286222424313658","0.24286222424313658","0.24286222424313658"
"4262","0.24285901083216135","0.24285901083216135","0.24285901083216135"
"4263","0.24285793699663893","0.24285793699663893","0.24285793699663893"
"4264","0.2428547260983439","0.2428547260983439","0.2428547260983439"
"4265","0.24285426436107976","0.24285426436107976","0.24285426436107976"
"4266","0.24285288716987152","0.24285288716987152","0.24285288716987152"
"4267","0.24285120547222996","0.24285120547222996","0.24285120547222996"
"4268","0.24285135504529956","0.24285135504529956","0.24285135504529956"
"4269","0.24284662440462368","0.24284662440462368","0.24284662440462368"
"4270","0.24284768979313157","0.24284768979313157","0.24284768979313157"
"4271","0.24284509628892648","0.24284509628892648","0.24284509628892648"
"4272","0.24284433276763537","0.24284433276763537","0.24284433276763537"
"4273","0.24284356960371437","0.24284356960371437","0.24284356960371437"
"4274","0.24284433005771444","0.24284433005771444","0.24284433005771444"
"4275","0.24284173976608298","0.24284173976608298","0.24284173976608298"
"4276","0.24284006421499954","0.24284006421499954","0.24284006421499954"
"4277","0.24283625837814776","0.24283625837814776","0.24283625837814776"
"4278","0.24284036787050134","0.24284036787050134","0.24284036787050134"
"4279","0.2428365637415295","0.2428365637415295","0.2428365637415295"
"4280","0.24283367406542167","0.24283367406542167","0.24283367406542167"
"4281","0.24282774419917577","0.24282774419917577","0.24282774419917577"
"4282","0.2428282028452448","0.2428282028452448","0.2428282028452448"
"4283","0.24283139738501167","0.24283139738501167","0.24283139738501167"
"4284","0.2428285116129797","0.2428285116129797","0.2428285116129797"
"4285","0.24282836201867095","0.24282836201867095","0.24282836201867095"
"4286","0.24282456690387424","0.24282456690387424","0.24282456690387424"
"4287","0.24282502575616322","0.24282502575616322","0.24282502575616322"
"4288","0.2428200185595472","0.2428200185595472","0.2428200185595472"
"4289","0.24282169260511505","0.24282169260511505","0.24282169260511505"
"4290","0.24282427641802762","0.24282427641802762","0.24282427641802762"
"4291","0.2428250383554739","0.2428250383554739","0.2428250383554739"
"4292","0.2428218560694327","0.2428218560694327","0.2428218560694327"
"4293","0.24281382240469102","0.24281382240469102","0.24281382240469102"
"4294","0.2428142830111796","0.2428142830111796","0.2428142830111796"
"4295","0.2428141370779989","0.2428141370779989","0.2428141370779989"
"4296","0.24281611285692237","0.24281611285692237","0.24281611285692237"
"4297","0.24281384541540732","0.24281384541540732","0.24281384541540732"
"4298","0.24281430558787157","0.24281430558787157","0.24281430558787157"
"4299","0.24281143386058895","0.24281143386058895","0.24281143386058895"
"4300","0.2428106831395361","0.2428106831395361","0.2428106831395361"
"4301","0.2428117492056123","0.2428117492056123","0.2428117492056123"
"4302","0.24280888007516005","0.24280888007516005","0.24280888007516005"
"4303","0.24280782787202845","0.24280782787202845","0.24280782787202845"
"4304","0.24280556604321682","0.24280556604321682","0.24280556604321682"
"4305","0.2428042126403419","0.2428042126403419","0.2428042126403419"
"4306","0.2428001383728144","0.2428001383728144","0.2428001383728144"
"4307","0.24280150771999198","0.24280150771999198","0.24280150771999198"
"4308","0.2427968314763244","0.2427968314763244","0.2427968314763244"
"4309","0.242793366113562","0.242793366113562","0.242793366113562"
"4310","0.24279564240139337","0.24279564240139337","0.24279564240139337"
"4311","0.24279580337122217","0.24279580337122217","0.24279580337122217"
"4312","0.2427923406578553","0.2427923406578553","0.2427923406578553"
"4313","0.24279099283175024","0.24279099283175024","0.24279099283175024"
"4314","0.24278632552928575","0.24278632552928575","0.24278632552928575"
"4315","0.2427822639049839","0.2427822639049839","0.2427822639049839"
"4316","0.24278212610055733","0.24278212610055733","0.24278212610055733"
"4317","0.24278168674233777","0.24278168674233777","0.24278168674233777"
"4318","0.2427833584221103","0.2427833584221103","0.2427833584221103"
"4319","0.24278382341591548","0.24278382341591548","0.24278382341591548"
"4320","0.24278368537808773","0.24278368537808773","0.24278368537808773"
"4321","0.24277932866620508","0.24277932866620508","0.24277932866620508"
"4322","0.2427800955383323","0.2427800955383323","0.2427800955383323"
"4323","0.2427802596576464","0.2427802596576464","0.2427802596576464"
"4324","0.242778918054272","0.242778918054272","0.242778918054272"
"4325","0.24277637283237122","0.24277637283237122","0.24277637283237122"
"4326","0.24277834363923687","0.24277834363923687","0.24277834363923687"
"4327","0.24277640156767707","0.24277640156767707","0.24277640156767707"
"4328","0.24277656635089465","0.24277656635089465","0.24277656635089465"
"4329","0.2427746255871268","0.2427746255871268","0.2427746255871268"
"4330","0.24277268571978566","0.24277268571978566","0.24277268571978566"
"4331","0.2427650345378293","0.2427650345378293","0.2427650345378293"
"4332","0.24276760637888706","0.24276760637888706","0.24276760637888706"
"4333","0.24276987652896503","0.24276987652896503","0.24276987652896503"
"4334","0.242771244327797","0.242771244327797","0.242771244327797"
"4335","0.24276810601691787","0.24276810601691787","0.24276810601691787"
"4336","0.24276857270525962","0.24276857270525962","0.24276857270525962"
"4337","0.2427675380447327","0.2427675380447327","0.2427675380447327"
"4338","0.24276440275856903","0.24276440275856903","0.24276440275856903"
"4339","0.2427627693593007","0.2427627693593007","0.2427627693593007"
"4340","0.24276233678955586","0.24276233678955586","0.24276233678955586"
"4341","0.2427571052176931","0.2427571052176931","0.2427571052176931"
"4342","0.24275007676953914","0.24275007676953914","0.24275007676953914"
"4343","0.24275114648092844","0.24275114648092844","0.24275114648092844"
"4344","0.2427468203268889","0.2427468203268889","0.2427468203268889"
"4345","0.24274699127349567","0.24274699127349567","0.24274699127349567"
"4346","0.24274266806642245","0.24274266806642245","0.24274266806642245"
"4347","0.24274463710605135","0.24274463710605135","0.24274463710605135"
"4348","0.24274540737120637","0.24274540737120637","0.24274540737120637"
"4349","0.24274318329884387","0.24274318329884387","0.24274318329884387"
"4350","0.24274335488505866","0.24274335488505866","0.24274335488505866"
"4351","0.24273843896039346","0.24273843896039346","0.24273843896039346"
"4352","0.24274130428538723","0.24274130428538723","0.24274130428538723"
"4353","0.2427441682938981","0.2427441682938981","0.2427441682938981"
"4354","0.242742246114685","0.242742246114685","0.242742246114685"
"4355","0.2427367369881374","0.2427367369881374","0.2427367369881374"
"4356","0.24273720873507926","0.24273720873507926","0.24273720873507926"
"4357","0.2427397722056473","0.2427397722056473","0.2427397722056473"
"4358","0.24273516377925775","0.24273516377925775","0.24273516377925775"
"4359","0.24272996004435388","0.24272996004435388","0.24272996004435388"
"4360","0.2427253559824171","0.2427253559824171","0.2427253559824171"
"4361","0.24272463550026868","0.24272463550026868","0.24272463550026868"
"4362","0.2427254078786501","0.2427254078786501","0.2427254078786501"
"4363","0.24272797052868939","0.24272797052868939","0.24272797052868939"
"4364","0.24272695157348115","0.24272695157348115","0.24272695157348115"
"4365","0.24272682798778275","0.24272682798778275","0.24272682798778275"
"4366","0.24272730092380634","0.24272730092380634","0.24272730092380634"
"4367","0.24272270485077593","0.24272270485077593","0.24272270485077593"
"4368","0.24272317851419534","0.24272317851419534","0.24272317851419534"
"4369","0.24271828746089996","0.24271828746089996","0.24271828746089996"
"4370","0.24271697416094706","0.24271697416094706","0.24271697416094706"
"4371","0.24271744881034213","0.24271744881034213","0.24271744881034213"
"4372","0.24272000800549073","0.24272000800549073","0.24272000800549073"
"4373","0.24272077949920087","0.24272077949920087","0.24272077949920087"
"4374","0.24272184832723792","0.24272184832723792","0.24272184832723792"
"4375","0.24272351190476313","0.24272351190476313","0.24272351190476313"
"4376","0.24272130655850216","0.24272130655850216","0.24272130655850216"
"4377","0.24272207705049245","0.24272207705049245","0.24272207705049245"
"4378","0.24272165753007588","0.24272165753007588","0.24272165753007588"
"4379","0.24272540106188753","0.24272540106188753","0.24272540106188753"
"4380","0.2427252782534259","0.2427252782534259","0.2427252782534259"
"4381","0.24272099454082144","0.24272099454082144","0.24272099454082144"
"4382","0.24271611849612174","0.24271611849612174","0.24271611849612174"
"4383","0.24271243297969552","0.24271243297969552","0.24271243297969552"
"4384","0.24271528332192946","0.24271528332192946","0.24271528332192946"
"4385","0.242716647662487","0.242716647662487","0.242716647662487"
"4386","0.2427165270177851","0.2427165270177851","0.2427165270177851"
"4387","0.24271343837854392","0.24271343837854392","0.24271343837854392"
"4388","0.24271035114706904","0.24271035114706904","0.24271035114706904"
"4389","0.2427090453406256","0.2427090453406256","0.2427090453406256"
"4390","0.2427083333333346","0.2427083333333346","0.2427083333333346"
"4391","0.24271147659986464","0.24271147659986464","0.24271147659986464"
"4392","0.2427069102914403","0.2427069102914403","0.2427069102914403"
"4393","0.24270590285681895","0.24270590285681895","0.24270590285681895"
"4394","0.2427025252237913","0.2427025252237913","0.2427025252237913"
"4395","0.24269944539249277","0.24269944539249277","0.24269944539249277"
"4396","0.2426978479488942","0.2426978479488942","0.2426978479488942"
"4397","0.24269447445227932","0.24269447445227932","0.24269447445227932"
"4398","0.24269199067758196","0.24269199067758196","0.24269199067758196"
"4399","0.24268921203682778","0.24268921203682778","0.24268921203682778"
"4400","0.2426917613636376","0.2426917613636376","0.2426917613636376"
"4401","0.24268898403771993","0.24268898403771993","0.24268898403771993"
"4402","0.2426850247993349","0.2426850247993349","0.2426850247993349"
"4403","0.24268905197214147","0.24268905197214147","0.24268905197214147"
"4404","0.24268213792385834","0.24268213792385834","0.24268213792385834"
"4405","0.2426778873439286","0.2426778873439286","0.2426778873439286"
"4406","0.24267895814419851","0.24267895814419851","0.24267895814419851"
"4407","0.2426794375425472","0.2426794375425472","0.2426794375425472"
"4408","0.24268287063294133","0.24268287063294133","0.24268287063294133"
"4409","0.24267980503893677","0.24267980503893677","0.24267980503893677"
"4410","0.24268087443310782","0.24268087443310782","0.24268087443310782"
"4411","0.2426801722020718","0.2426801722020718","0.2426801722020718"
"4412","0.2426738629495328","0.2426738629495328","0.2426738629495328"
"4413","0.24266873678148015","0.24266873678148015","0.24266873678148015"
"4414","0.24266508788325147","0.24266508788325147","0.24266508788325147"
"4415","0.24266380001887627","0.24266380001887627","0.24266380001887627"
"4416","0.24266162817029108","0.24266162817029108","0.24266162817029108"
"4417","0.24266299477398057","0.24266299477398057","0.24266299477398057"
"4418","0.24265876103440595","0.24265876103440595","0.24265876103440595"
"4419","0.24265688645621306","0.24265688645621306","0.24265688645621306"
"4420","0.2426544235482667","0.2426544235482667","0.2426544235482667"
"4421","0.242658735768681","0.242658735768681","0.242658735768681"
"4422","0.2426583347467222","0.2426583347467222","0.2426583347467222"
"4423","0.24265705073856483","0.24265705073856483","0.24265705073856483"
"4424","0.24266047647302716","0.24266047647302716","0.24266047647302716"
"4425","0.2426559557438807","0.2426559557438807","0.2426559557438807"
"4426","0.242653790574636","0.242653790574636","0.242653790574636"
"4427","0.2426542734922082","0.2426542734922082","0.2426542734922082"
"4428","0.24265269779434032","0.24265269779434032","0.24265269779434032"
"4429","0.24264935886580993","0.24264935886580993","0.24264935886580993"
"4430","0.24264896068472663","0.24264896068472663","0.24264896068472663"
"4431","0.24264503639133506","0.24264503639133506","0.24264503639133506"
"4432","0.24264170145156563","0.24264170145156563","0.24264170145156563"
"4433","0.2426404240920383","0.2426404240920383","0.2426404240920383"
"4434","0.24264179023831134","0.24264179023831134","0.24264179023831134"
"4435","0.24263875187899417","0.24263875187899417","0.24263875187899417"
"4436","0.2426365954688922","0.2426365954688922","0.2426365954688922"
"4437","0.24263678771317088","0.24263678771317088","0.24263678771317088"
"4438","0.24263668647664244","0.24263668647664244","0.24263668647664244"
"4439","0.242637465269957","0.242637465269957","0.242637465269957"
"4440","0.2426320852102115","0.2426320852102115","0.2426320852102115"
"4441","0.24263315788486206","0.24263315788486206","0.24263315788486206"
"4442","0.24263657511631526","0.24263657511631526","0.24263657511631526"
"4443","0.24263471565759","0.24263471565759","0.24263471565759"
"4444","0.24263402902790407","0.24263402902790407","0.24263402902790407"
"4445","0.2426330497750294","0.2426330497750294","0.2426330497750294"
"4446","0.24263382816014523","0.24263382816014523","0.24263382816014523"
"4447","0.24263197099168107","0.24263197099168107","0.24263197099168107"
"4448","0.24263011465827466","0.24263011465827466","0.24263011465827466"
"4449","0.24262679581554034","0.24262679581554034","0.24262679581554034"
"4450","0.24262523408239825","0.24262523408239825","0.24262523408239825"
"4451","0.24262542827454628","0.24262542827454628","0.24262542827454628"
"4452","0.24262416002171433","0.24262416002171433","0.24262416002171433"
"4453","0.24262318474436834","0.24262318474436834","0.24262318474436834"
"4454","0.24261957884298882","0.24261957884298882","0.24261957884298882"
"4455","0.2426203586793877","0.2426203586793877","0.2426203586793877"
"4456","0.2426179238666978","0.2426179238666978","0.2426179238666978"
"4457","0.24261928801136912","0.24261928801136912","0.24261928801136912"
"4458","0.24262211193360372","0.24262211193360372","0.24262211193360372"
"4459","0.2426193863534437","0.2426193863534437","0.2426193863534437"
"4460","0.24261695394245264","0.24261695394245264","0.24261695394245264"
"4461","0.2426171495554073","0.2426171495554073","0.2426171495554073"
"4462","0.24261355147168803","0.24261355147168803","0.24261355147168803"
"4463","0.24261112200313809","0.24261112200313809","0.24261112200313809"
"4464","0.24261190216173953","0.24261190216173953","0.24261190216173953"
"4465","0.2426077244307589","0.2426077244307589","0.2426077244307589"
"4466","0.24260646411777995","0.24260646411777995","0.24260646411777995"
"4467","0.24260287245354942","0.24260287245354942","0.24260287245354942"
"4468","0.24259724242763472","0.24259724242763472","0.24259724242763472"
"4469","0.24259860753710868","0.24259860753710868","0.24259860753710868"
"4470","0.24259880686055302","0.24259880686055302","0.24259880686055302"
"4471","0.24259143414970671","0.24259143414970671","0.24259143414970671"
"4472","0.24258697637149793","0.24258697637149793","0.24258697637149793"
"4473","0.2425883425553332","0.2425883425553332","0.2425883425553332"
"4474","0.24258359642750832","0.24258359642750832","0.24258359642750832"
"4475","0.24258612662942394","0.24258612662942394","0.24258612662942394"
"4476","0.24258196492404055","0.24258196492404055","0.24258196492404055"
"4477","0.2425859485518589","0.2425859485518589","0.2425859485518589"
"4478","0.2425829518386197","0.2425829518386197","0.2425829518386197"
"4479","0.24258024717198906","0.24258024717198906","0.24258024717198906"
"4480","0.2425760904947929","0.2425760904947929","0.2425760904947929"
"4481","0.2425736791452813","0.2425736791452813","0.2425736791452813"
"4482","0.2425706878439697","0.2425706878439697","0.2425706878439697"
"4483","0.24256944057179097","0.24256944057179097","0.24256944057179097"
"4484","0.24256703231861557","0.24256703231861557","0.24256703231861557"
"4485","0.24256956057227919","0.24256956057227919","0.24256956057227919"
"4486","0.24256425081735894","0.24256425081735894","0.24256425081735894"
"4487","0.2425624257113154","0.2425624257113154","0.2425624257113154"
"4488","0.24255741003788","0.24255741003788","0.24255741003788"
"4489","0.24256109842578275","0.24256109842578275","0.24256109842578275"
"4490","0.2425566652746857","0.2425566652746857","0.2425566652746857"
"4491","0.2425536837564029","0.2425536837564029","0.2425536837564029"
"4492","0.2425562110418534","0.2425562110418534","0.2425562110418534"
"4493","0.24255467996513214","0.24255467996513214","0.24255467996513214"
"4494","0.24255314956979795","0.24255314956979795","0.24255314956979795"
"4495","0.24255046116054993","0.24255046116054993","0.24255046116054993"
"4496","0.2425489323843428","0.2425489323843428","0.2425489323843428"
"4497","0.24255058928174456","0.24255058928174456","0.24255058928174456"
"4498","0.2425496401178313","0.2425496401178313","0.2425496401178313"
"4499","0.24254724429502966","0.24254724429502966","0.24254724429502966"
"4500","0.2425460069444456","0.2425460069444456","0.2425460069444456"
"4501","0.24254361299341","0.24254361299341","0.24254361299341"
"4502","0.24254642612542687","0.24254642612542687","0.24254642612542687"
"4503","0.24254143071285922","0.24254143071285922","0.24254143071285922"
"4504","0.24253730480313904","0.24253730480313904","0.24253730480313904"
"4505","0.24254387486126638","0.24254387486126638","0.24254387486126638"
"4506","0.242541773006363","0.242541773006363","0.242541773006363"
"4507","0.24254227220619892","0.24254227220619892","0.24254227220619892"
"4508","0.24254190466947764","0.24254190466947764","0.24254190466947764"
"4509","0.24254009342426375","0.24254009342426375","0.24254009342426375"
"4510","0.24254145879527095","0.24254145879527095","0.24254145879527095"
"4511","0.24254051439074972","0.24254051439074972","0.24254051439074972"
"4512","0.2425384160756513","0.2425384160756513","0.2425384160756513"
"4513","0.24253343350690715","0.24253343350690715","0.24253343350690715"
"4514","0.24252874160020796","0.24252874160020796","0.24252874160020796"
"4515","0.24253010797342314","0.24253010797342314","0.24253010797342314"
"4516","0.24252686051446828","0.24252686051446828","0.24252686051446828"
"4517","0.24252620885912596","0.24252620885912596","0.24252620885912596"
"4518","0.2425238282979206","0.2425238282979206","0.2425238282979206"
"4519","0.24252000811389068","0.24252000811389068","0.24252000811389068"
"4520","0.24251791804941122","0.24251791804941122","0.24251791804941122"
"4521","0.24251237281574994","0.24251237281574994","0.24251237281574994"
"4522","0.24250395059339644","0.24250395059339644","0.24250395059339644"
"4523","0.24250388062864","0.24250388062864","0.24250388062864"
"4524","0.24250381069481403","0.24250381069481403","0.24250381069481403"
"4525","0.24250460405156657","0.24250460405156657","0.24250460405156657"
"4526","0.2425016570923565","0.2425016570923565","0.2425016570923565"
"4527","0.2424975609307132","0.2424975609307132","0.2424975609307132"
"4528","0.24249432926604947","0.24249432926604947","0.24249432926604947"
"4529","0.24249196152572428","0.24249196152572428","0.24249196152572428"
"4530","0.2424950561074331","0.2424950561074331","0.2424950561074331"
"4531","0.24249872406753592","0.24249872406753592","0.24249872406753592"
"4532","0.2424998046300394","0.2424998046300394","0.2424998046300394"
"4533","0.2425023209427175","0.2425023209427175","0.2425023209427175"
"4534","0.242499954050876","0.242499954050876","0.242499954050876"
"4535","0.24249787532157407","0.24249787532157407","0.24249787532157407"
"4536","0.24249206578850788","0.24249206578850788","0.24249206578850788"
"4537","0.24248970272206413","0.24248970272206413","0.24248970272206413"
"4538","0.2424904969149416","0.2424904969149416","0.2424904969149416"
"4539","0.2424846928471774","0.2424846928471774","0.2424846928471774"
"4540","0.24248319337371618","0.24248319337371618","0.24248319337371618"
"4541","0.24248341499669782","0.24248341499669782","0.24248341499669782"
"4542","0.24248506990312743","0.24248506990312743","0.24248506990312743"
"4543","0.24248271149754305","0.24248271149754305","0.24248271149754305"
"4544","0.2424837927303414","0.2424837927303414","0.2424837927303414"
"4545","0.24248573294829584","0.24248573294829584","0.24248573294829584"
"4546","0.2424776474739708","0.2424776474739708","0.2424776474739708"
"4547","0.24247586549739858","0.24247586549739858","0.24247586549739858"
"4548","0.24246835834432817","0.24246835834432817","0.24246835834432817"
"4549","0.24246772413351017","0.24246772413351017","0.24246772413351017"
"4550","0.24246852106227204","0.24246852106227204","0.24246852106227204"
"4551","0.24247046207793255","0.24247046207793255","0.24247046207793255"
"4552","0.2424715441014948","0.2424715441014948","0.2424715441014948"
"4553","0.24246862187934792","0.24246862187934792","0.24246862187934792"
"4554","0.24246684462377494","0.24246684462377494","0.24246684462377494"
"4555","0.24246706915477592","0.24246706915477592","0.24246706915477592"
"4556","0.24246843676836502","0.24246843676836502","0.24246843676836502"
"4557","0.24246666072343012","0.24246666072343012","0.24246666072343012"
"4558","0.2424648854578041","0.2424648854578041","0.2424648854578041"
"4559","0.24246425339986935","0.24246425339986935","0.24246425339986935"
"4560","0.2424681903326033","0.2424681903326033","0.2424681903326033"
"4561","0.24246127722356306","0.24246127722356306","0.24246127722356306"
"4562","0.24246321514686636","0.24246321514686636","0.24246321514686636"
"4563","0.24245973044050062","0.24245973044050062","0.24245973044050062"
"4564","0.24246081197049466","0.24246081197049466","0.24246081197049466"
"4565","0.24245732931727002","0.24245732931727002","0.24245732931727002"
"4566","0.24245185200394312","0.24245185200394312","0.24245185200394312"
"4567","0.24245550051091255","0.24245550051091255","0.24245550051091255"
"4568","0.24245458670826128","0.24245458670826128","0.24245458670826128"
"4569","0.24244996853797424","0.24244996853797424","0.24244996853797424"
"4570","0.242447631746901","0.242447631746901","0.242447631746901"
"4571","0.2424455808357043","0.2424455808357043","0.2424455808357043"
"4572","0.24244637877296682","0.24244637877296682","0.24244637877296682"
"4573","0.24244375956702477","0.24244375956702477","0.24244375956702477"
"4574","0.24244655024777823","0.24244655024777823","0.24244655024777823"
"4575","0.24243852459016488","0.24243852459016488","0.24243852459016488"
"4576","0.24243733154866062","0.24243733154866062","0.24243733154866062"
"4577","0.24243869938460516","0.24243869938460516","0.24243869938460516"
"4578","0.24243665356050775","0.24243665356050775","0.24243665356050775"
"4579","0.24243375555070348","0.24243375555070348","0.24243375555070348"
"4580","0.24243341748544497","0.24243341748544497","0.24243341748544497"
"4581","0.24243108991850498","0.24243108991850498","0.24243108991850498"
"4582","0.2424279108467928","0.2424279108467928","0.2424279108467928"
"4583","0.24242586960869983","0.24242586960869983","0.24242586960869983"
"4584","0.2424209887652715","0.2424209887652715","0.2424209887652715"
"4585","0.24242292575427216","0.24242292575427216","0.24242292575427216"
"4586","0.2424186155327819","0.2424186155327819","0.2424186155327819"
"4587","0.24241742969261054","0.24241742969261054","0.24241742969261054"
"4588","0.24241596056742323","0.24241596056742323","0.24241596056742323"
"4589","0.24241307338200144","0.24241307338200144","0.24241307338200144"
"4590","0.24240593228032054","0.24240593228032054","0.24240593228032054"
"4591","0.24240560108545808","0.24240560108545808","0.24240560108545808"
"4592","0.24240867269163868","0.24240867269163868","0.24240867269163868"
"4593","0.24240550611437797","0.24240550611437797","0.24240550611437797"
"4594","0.2424029077782625","0.2424029077782625","0.2424029077782625"
"4595","0.24240144405150627","0.24240144405150627","0.24240144405150627"
"4596","0.24239658126631952","0.24239658126631952","0.24239658126631952"
"4597","0.2423948363062877","0.2423948363062877","0.2423948363062877"
"4598","0.24239705669131606","0.24239705669131606","0.24239705669131606"
"4599","0.2423984267413216","0.2423984267413216","0.2423984267413216"
"4600","0.2424029098731894","0.2424029098731894","0.2424029098731894"
"4601","0.2424059760559309","0.2424059760559309","0.2424059760559309"
"4602","0.24240592858177706","0.24240592858177706","0.24240592858177706"
"4603","0.24240616400535983","0.24240616400535983","0.24240616400535983"
"4604","0.2424041368013332","0.2424041368013332","0.2424041368013332"
"4605","0.24240126221498476","0.24240126221498476","0.24240126221498476"
"4606","0.24240008503401467","0.24240008503401467","0.24240008503401467"
"4607","0.24239410362853733","0.24239410362853733","0.24239410362853733"
"4608","0.24239518907335172","0.24239518907335172","0.24239518907335172"
"4609","0.24239147139654404","0.24239147139654404","0.24239147139654404"
"4610","0.24239170959869952","0.24239170959869952","0.24239170959869952"
"4611","0.2423978778103097","0.2423978778103097","0.2423978778103097"
"4612","0.24239980847065726","0.24239980847065726","0.24239980847065726"
"4613","0.2423969398077906","0.2423969398077906","0.2423969398077906"
"4614","0.24239407238838423","0.24239407238838423","0.24239407238838423"
"4615","0.24239318120260125","0.24239318120260125","0.24239318120260125"
"4616","0.24239144416161282","0.24239144416161282","0.24239144416161282"
"4617","0.24238829777633486","0.24238829777633486","0.24238829777633486"
"4618","0.24238628058683517","0.24238628058683517","0.24238628058683517"
"4619","0.2423837004762946","0.2423837004762946","0.2423837004762946"
"4620","0.242381121482685","0.242381121482685","0.242381121482685"
"4621","0.2423779800548232","0.2423779800548232","0.2423779800548232"
"4622","0.2423748399862984","0.2423748399862984","0.2423748399862984"
"4623","0.24236803978297022","0.24236803978297022","0.24236803978297022"
"4624","0.24236518481473573","0.24236518481473573","0.24236518481473573"
"4625","0.2423640202702713","0.2423640202702713","0.2423640202702713"
"4626","0.2423628562292848","0.2423628562292848","0.2423628562292848"
"4627","0.24235944141272348","0.24235944141272348","0.24235944141272348"
"4628","0.24236137370354469","0.24236137370354469","0.24236137370354469"
"4629","0.2423616174299715","0.2423616174299715","0.2423616174299715"
"4630","0.24235989245860431","0.24235989245860431","0.24235989245860431"
"4631","0.2423581682322043","0.2423581682322043","0.2423581682322043"
"4632","0.24235700696243626","0.24235700696243626","0.24235700696243626"
"4633","0.2423513494675886","0.2423513494675886","0.2423513494675886"
"4634","0.2423496282009793","0.2423496282009793","0.2423496282009793"
"4635","0.2423501550701197","0.2423501550701197","0.2423501550701197"
"4636","0.24234759221311578","0.24234759221311578","0.24234759221311578"
"4637","0.24234587287039136","0.24234587287039136","0.24234587287039136"
"4638","0.24234611946600648","0.24234611946600648","0.24234611946600648"
"4639","0.24234552390960795","0.24234552390960795","0.24234552390960795"
"4640","0.2423438061242826","0.2423438061242826","0.2423438061242826"
"4641","0.24234321132299172","0.24234321132299172","0.24234321132299172"
"4642","0.24233953127244104","0.24233953127244104","0.24233953127244104"
"4643","0.2423369745674502","0.2423369745674502","0.2423369745674502"
"4644","0.2423321759259269","0.2423321759259269","0.2423321759259269"
"4645","0.24233298573735296","0.24233298573735296","0.24233298573735296"
"4646","0.24233183338714406","0.24233183338714406","0.24233183338714406"
"4647","0.24232563795638865","0.24232563795638865","0.24232563795638865"
"4648","0.24232476782128615","0.24232476782128615","0.24232476782128615"
"4649","0.24232361798236282","0.24232361798236282","0.24232361798236282"
"4650","0.24232610887096878","0.24232610887096878","0.24232610887096878"
"4651","0.24232551915358805","0.24232551915358805","0.24232551915358805"
"4652","0.2423224106119242","0.2423224106119242","0.2423224106119242"
"4653","0.24231678486997735","0.24231678486997735","0.24231678486997735"
"4654","0.2423150784271604","0.2423150784271604","0.2423150784271604"
"4655","0.24231700904045925","0.24231700904045925","0.24231700904045925"
"4656","0.2423180998532369","0.2423180998532369","0.2423180998532369"
"4657","0.2423108022868809","0.2423108022868809","0.2423108022868809"
"4658","0.24231133488979628","0.24231133488979628","0.24231133488979628"
"4659","0.2423110288330839","0.2423110288330839","0.2423110288330839"
"4660","0.24230904640558037","0.24230904640558037","0.24230904640558037"
"4661","0.24230734418579802","0.24230734418579802","0.24230734418579802"
"4662","0.24230592199342296","0.24230592199342296","0.24230592199342296"
"4663","0.24230533812281171","0.24230533812281171","0.24230533812281171"
"4664","0.24230838380860587","0.24230838380860587","0.24230838380860587"
"4665","0.24230612495534212","0.24230612495534212","0.24230612495534212"
"4666","0.24230721576296707","0.24230721576296707","0.24230721576296707"
"4667","0.24230523712592053","0.24230523712592053","0.24230523712592053"
"4668","0.2423060487182243","0.2423060487182243","0.2423060487182243"
"4669","0.24230853323338425","0.24230853323338425","0.24230853323338425"
"4670","0.24230432503568974","0.24230432503568974","0.24230432503568974"
"4671","0.24230625133804418","0.24230625133804418","0.24230625133804418"
"4672","0.24230650461972122","0.24230650461972122","0.24230650461972122"
"4673","0.2423006277195244","0.2423006277195244","0.2423006277195244"
"4674","0.24229865345528548","0.24229865345528548","0.24229865345528548"
"4675","0.24229612299465333","0.24229612299465333","0.24229612299465333"
"4676","0.24229916283504513","0.24229916283504513","0.24229916283504513"
"4677","0.2423002525657482","0.2423002525657482","0.2423002525657482"
"4678","0.24230356856562726","0.24230356856562726","0.24230356856562726"
"4679","0.24229964780579988","0.24229964780579988","0.24229964780579988"
"4680","0.2422976762820522","0.2422976762820522","0.2422976762820522"
"4681","0.24229570560065608","0.24229570560065608","0.24229570560065608"
"4682","0.24229623869785089","0.24229623869785089","0.24229623869785089"
"4683","0.24229621547797092","0.24229621547797092","0.24229621547797092"
"4684","0.24229674823868586","0.24229674823868586","0.24229674823868586"
"4685","0.2422964469939533","0.2422964469939533","0.2422964469939533"
"4686","0.24229559014440274","0.24229559014440274","0.24229559014440274"
"4687","0.24229334462342747","0.24229334462342747","0.24229334462342747"
"4688","0.24229498853455728","0.24229498853455728","0.24229498853455728"
"4689","0.24229385485533617","0.24229385485533617","0.24229385485533617"
"4690","0.24229827425373232","0.24229827425373232","0.24229827425373232"
"4691","0.24229436465217177","0.24229436465217177","0.24229436465217177"
"4692","0.24228934667164062","0.24228934667164062","0.24228934667164062"
"4693","0.2422887700653465","0.2422887700653465","0.2422887700653465"
"4694","0.2422893032772343","0.2422893032772343","0.2422893032772343"
"4695","0.24228872692580852","0.24228872692580852","0.24228872692580852"
"4696","0.24228454624503218","0.24228454624503218","0.24228454624503218"
"4697","0.2422792584805914","0.2422792584805914","0.2422792584805914"
"4698","0.2422792389491992","0.2422792389491992","0.2422792389491992"
"4699","0.24227644844647894","0.24227644844647894","0.24227644844647894"
"4700","0.24227670656028463","0.24227670656028463","0.24227670656028463"
"4701","0.2422744717436016","0.2422744717436016","0.2422744717436016"
"4702","0.2422702994293218","0.2422702994293218","0.2422702994293218"
"4703","0.24227000496137313","0.24227000496137313","0.24227000496137313"
"4704","0.24227054102891254","0.24227054102891254","0.24227054102891254"
"4705","0.24226720244420927","0.24226720244420927","0.24226720244420927"
"4706","0.2422658020789073","0.2422658020789073","0.2422658020789073"
"4707","0.24226440230861931","0.24226440230861931","0.24226440230861931"
"4708","0.24226687508850278","0.24226687508850278","0.24226687508850278"
"4709","0.24226271058965196","0.24226271058965196","0.24226271058965196"
"4710","0.2422591007607936","0.2422591007607936","0.2422591007607936"
"4711","0.24225825638576476","0.24225825638576476","0.24225825638576476"
"4712","0.24225078036573383","0.24225078036573383","0.24225078036573383"
"4713","0.24224855674022303","0.24224855674022303","0.24224855674022303"
"4714","0.24224992486918495","0.24224992486918495","0.24224992486918495"
"4715","0.2422485308412876","0.2422485308412876","0.2422485308412876"
"4716","0.24224078712538968","0.24224078712538968","0.24224078712538968"
"4717","0.24224215603137683","0.24224215603137683","0.24224215603137683"
"4718","0.24223579685954597","0.24223579685954597","0.24223579685954597"
"4719","0.24223661439570626","0.24223661439570626","0.24223661439570626"
"4720","0.2422388109110179","0.2422388109110179","0.2422388109110179"
"4721","0.24223328390877732","0.24223328390877732","0.24223328390877732"
"4722","0.2422296894853885","0.2422296894853885","0.2422296894853885"
"4723","0.24222664796386573","0.24222664796386573","0.24222664796386573"
"4724","0.2422277422029363","0.2422277422029363","0.2422277422029363"
"4725","0.24222828483245246","0.24222828483245246","0.24222828483245246"
"4726","0.2422257965686284","0.2422257965686284","0.2422257965686284"
"4727","0.2422274412065449","0.2422274412065449","0.2422274412065449"
"4728","0.24222715736040706","0.24222715736040706","0.24222715736040706"
"4729","0.2422254969338136","0.2422254969338136","0.2422254969338136"
"4730","0.24222246079986","0.24222246079986","0.24222246079986"
"4731","0.24222107729162357","0.24222107729162357","0.24222107729162357"
"4732","0.24222382185122662","0.24222382185122662","0.24222382185122662"
"4733","0.24222353906965371","0.24222353906965371","0.24222353906965371"
"4734","0.2422177554217725","0.2422177554217725","0.2422177554217725"
"4735","0.24221637407603047","0.24221637407603047","0.24221637407603047"
"4736","0.2422166429124446","0.2422166429124446","0.2422166429124446"
"4737","0.24221718651045057","0.24221718651045057","0.24221718651045057"
"4738","0.24221388243984895","0.24221388243984895","0.24221388243984895"
"4739","0.24221717398185363","0.24221717398185363","0.24221717398185363"
"4740","0.24221744242264506","0.24221744242264506","0.24221744242264506"
"4741","0.24221771075019422","0.24221771075019422","0.24221771075019422"
"4742","0.2422102905771132","0.2422102905771132","0.2422102905771132"
"4743","0.24220973671726842","0.24220973671726842","0.24220973671726842"
"4744","0.24220753627389066","0.24220753627389066","0.24220753627389066"
"4745","0.24220094617140936","0.24220094617140936","0.24220094617140936"
"4746","0.24219929721519962","0.24219929721519962","0.24219929721519962"
"4747","0.24219902043395916","0.24219902043395916","0.24219902043395916"
"4748","0.24219956648413454","0.24219956648413454","0.24219956648413454"
"4749","0.24219846722117025","0.24219846722117025","0.24219846722117025"
"4750","0.24219956140350965","0.24219956140350965","0.24219956140350965"
"4751","0.2421976404090376","0.2421976404090376","0.2421976404090376"
"4752","0.24219873430485497","0.24219873430485497","0.24219873430485497"
"4753","0.24219626639315608","0.24219626639315608","0.24219626639315608"
"4754","0.24219270395105966","0.24219270395105966","0.24219270395105966"
"4755","0.24219188135296268","0.24219188135296268","0.24219188135296268"
"4756","0.2421913328777693","0.2421913328777693","0.2421913328777693"
"4757","0.24219023719431104","0.24219023719431104","0.24219023719431104"
"4758","0.24218585802858433","0.24218585802858433","0.24218585802858433"
"4759","0.24218503756041276","0.24218503756041276","0.24218503756041276"
"4760","0.24218202906162553","0.24218202906162553","0.24218202906162553"
"4761","0.24218148323181493","0.24218148323181493","0.24218148323181493"
"4762","0.24217492212655833","0.24217492212655833","0.24217492212655833"
"4763","0.24217082414794686","0.24217082414794686","0.24217082414794686"
"4764","0.24217055433109522","0.24217055433109522","0.24217055433109522"
"4765","0.2421694648478498","0.2421694648478498","0.2421694648478498"
"4766","0.24216864902434","0.24216864902434","0.24216864902434"
"4767","0.2421691992692828","0.2421691992692828","0.2421691992692828"
"4768","0.2421730263387873","0.2421730263387873","0.2421730263387873"
"4769","0.2421686608827856","0.2421686608827856","0.2421686608827856"
"4770","0.24216975672606664","0.24216975672606664","0.24216975672606664"
"4771","0.2421670312827509","0.2421670312827509","0.2421670312827509"
"4772","0.24217030988055419","0.24217030988055419","0.24217030988055419"
"4773","0.2421697678783444","0.2421697678783444","0.2421697678783444"
"4774","0.2421697715926556","0.2421697715926556","0.2421697715926556"
"4775","0.24216841186736568","0.24216841186736568","0.24216841186736568"
"4776","0.24216923375558438","0.24216923375558438","0.24216923375558438"
"4777","0.24216896500593213","0.24216896500593213","0.24216896500593213"
"4778","0.24217087649993116","0.24217087649993116","0.24217087649993116"
"4779","0.24216897276278254","0.24216897276278254","0.24216897276278254"
"4780","0.24216516300557972","0.24216516300557972","0.24216516300557972"
"4781","0.24216571236840365","0.24216571236840365","0.24216571236840365"
"4782","0.24216517234769366","0.24216517234769366","0.24216517234769366"
"4783","0.24216490478430647","0.24216490478430647","0.24216490478430647"
"4784","0.24216599820582588","0.24216599820582588","0.24216599820582588"
"4785","0.24216219305120257","0.24216219305120257","0.24216219305120257"
"4786","0.24216383070413797","0.24216383070413797","0.24216383070413797"
"4787","0.2421638356486326","0.2421638356486326","0.2421638356486326"
"4788","0.24215785775201987","0.24215785775201987","0.24215785775201987"
"4789","0.24215432936590892","0.24215432936590892","0.24215432936590892"
"4790","0.24215515179192856","0.24215515179192856","0.24215515179192856"
"4791","0.2421557020976841","0.2421557020976841","0.2421557020976841"
"4792","0.2421573390546754","0.2421573390546754","0.2421573390546754"
"4793","0.24214865211419526","0.24214865211419526","0.24214865211419526"
"4794","0.2421440429008492","0.2421440429008492","0.2421440429008492"
"4795","0.2421454097149818","0.2421454097149818","0.2421454097149818"
"4796","0.24214487550389305","0.24214487550389305","0.24214487550389305"
"4797","0.24214298433048526","0.24214298433048526","0.24214298433048526"
"4798","0.2421383801410319","0.2421383801410319","0.2421383801410319"
"4799","0.24213784772869437","0.24213784772869437","0.24213784772869437"
"4800","0.2421362304687509","0.2421362304687509","0.2421362304687509"
"4801","0.24213352903909","0.24213352903909","0.24213352903909"
"4802","0.24213109988893608","0.24213109988893608","0.24213109988893608"
"4803","0.24213056943577022","0.24213056943577022","0.24213056943577022"
"4804","0.24212678670552407","0.24212678670552407","0.24212678670552407"
"4805","0.24212950919181495","0.24212950919181495","0.24212950919181495"
"4806","0.24212897940074993","0.24212897940074993","0.24212897940074993"
"4807","0.24212492848970338","0.24212492848970338","0.24212492848970338"
"4808","0.24212548313574683","0.24212548313574683","0.24212548313574683"
"4809","0.24212495451237348","0.24212495451237348","0.24212495451237348"
"4810","0.24212253118503205","0.24212253118503205","0.24212253118503205"
"4811","0.24212037951222976","0.24212037951222976","0.24212037951222976"
"4812","0.24211660518841865","0.24211660518841865","0.24211660518841865"
"4813","0.2421158083142885","0.2421158083142885","0.2421158083142885"
"4814","0.24211447081429247","0.24211447081429247","0.24211447081429247"
"4815","0.24211529724818356","0.24211529724818356","0.24211529724818356"
"4816","0.24211450114202737","0.24211450114202737","0.24211450114202737"
"4817","0.24211262412635887","0.24211262412635887","0.24211262412635887"
"4818","0.24211345042894783","0.24211345042894783","0.24211345042894783"
"4819","0.24211076381683697","0.24211076381683697","0.24211076381683697"
"4820","0.2421099693118957","0.2421099693118957","0.2421099693118957"
"4821","0.24210701445066804","0.24210701445066804","0.24210701445066804"
"4822","0.24210433084474023","0.24210433084474023","0.24210433084474023"
"4823","0.24209948856175353","0.24209948856175353","0.24209948856175353"
"4824","0.24209815721738612","0.24209815721738612","0.24209815721738612"
"4825","0.24209574697754832","0.24209574697754832","0.24209574697754832"
"4826","0.24209468676612875","0.24209468676612875","0.24209468676612875"
"4827","0.24209659424418284","0.24209659424418284","0.24209659424418284"
"4828","0.24209445551988482","0.24209445551988482","0.24209445551988482"
"4829","0.24208746419203503","0.24208746419203503","0.24208746419203503"
"4830","0.24208451949620505","0.24208451949620505","0.24208451949620505"
"4831","0.24208454081280695","0.24208454081280695","0.24208454081280695"
"4832","0.242081058999035","0.242081058999035","0.242081058999035"
"4833","0.24207973394716953","0.24207973394716953","0.24207973394716953"
"4834","0.24207679328713355","0.24207679328713355","0.24207679328713355"
"4835","0.24207169941399595","0.24207169941399595","0.24207169941399595"
"4836","0.24207495433553977","0.24207495433553977","0.24207495433553977"
"4837","0.24207013214113507","0.24207013214113507","0.24207013214113507"
"4838","0.24206907985393492","0.24206907985393492","0.24206907985393492"
"4839","0.24206506810980308","0.24206506810980308","0.24206506810980308"
"4840","0.24206590048209445","0.24206590048209445","0.24206590048209445"
"4841","0.24206915323968956","0.24206915323968956","0.24206915323968956"
"4842","0.24206487505163235","0.24206487505163235","0.24206487505163235"
"4843","0.24206463151283722","0.24206463151283722","0.24206463151283722"
"4844","0.2420590120079832","0.2420590120079832","0.2420590120079832"
"4845","0.24205527605779234","0.24205527605779234","0.24205527605779234"
"4846","0.242054497265787","0.242054497265787","0.242054497265787"
"4847","0.24205506197991966","0.24205506197991966","0.24205506197991966"
"4848","0.2420526720640822","0.2420526720640822","0.2420526720640822"
"4849","0.24204813492472754","0.24204813492472754","0.24204813492472754"
"4850","0.2420468213058427","0.2420468213058427","0.2420468213058427"
"4851","0.2420441661513098","0.2420441661513098","0.2420441661513098"
"4852","0.24204124373110822","0.24204124373110822","0.24204124373110822"
"4853","0.24203966403942656","0.24203966403942656","0.24203966403942656"
"4854","0.24203996274550277","0.24203996274550277","0.24203996274550277"
"4855","0.24203650660830836","0.24203650660830836","0.24203650660830836"
"4856","0.24203385631178004","0.24203385631178004","0.24203385631178004"
"4857","0.24203147519044757","0.24203147519044757","0.24203147519044757"
"4858","0.24202695081995412","0.24202695081995412","0.24202695081995412"
"4859","0.24202350020580446","0.24202350020580446","0.24202350020580446"
"4860","0.24202112268518597","0.24202112268518597","0.24202112268518597"
"4861","0.24202088904889335","0.24202088904889335","0.24202088904889335"
"4862","0.24201744181064117","0.24201744181064117","0.24201744181064117"
"4863","0.2420139959901304","0.2420139959901304","0.2420139959901304"
"4864","0.2420134962650776","0.2420134962650776","0.2420134962650776"
"4865","0.24200898210003507","0.24200898210003507","0.24200898210003507"
"4866","0.24200634290656337","0.24200634290656337","0.24200634290656337"
"4867","0.24200638012807424","0.24200638012807424","0.24200638012807424"
"4868","0.2420069522904692","0.2420069522904692","0.2420069522904692"
"4869","0.24200484998630875","0.24200484998630875","0.24200484998630875"
"4870","0.24200729380561342","0.24200729380561342","0.24200729380561342"
"4871","0.2420041230411286","0.2420041230411286","0.2420041230411286"
"4872","0.24200442793856128","0.24200442793856128","0.24200442793856128"
"4873","0.24200446550721744","0.24200446550721744","0.24200446550721744"
"4874","0.24199889293530377","0.24199889293530377","0.24199889293530377"
"4875","0.24199813034188114","0.24199813034188114","0.24199813034188114"
"4876","0.24199816917897266","0.24199816917897266","0.24199816917897266"
"4877","0.24199393624837756","0.24199393624837756","0.24199393624837756"
"4878","0.24199557750785924","0.24199557750785924","0.24199557750785924"
"4879","0.2419918805937017","0.2419918805937017","0.2419918805937017"
"4880","0.24199485570355272","0.24199485570355272","0.24199485570355272"
"4881","0.24199569546882552","0.24199569546882552","0.24199569546882552"
"4882","0.24199680160112055","0.24199680160112055","0.24199680160112055"
"4883","0.24199817393678832","0.24199817393678832","0.24199817393678832"
"4884","0.2419931472665856","0.2419931472665856","0.2419931472665856"
"4885","0.2419883892016385","0.2419883892016385","0.2419883892016385"
"4886","0.24198736398212664","0.24198736398212664","0.24198736398212664"
"4887","0.24198607274401557","0.24198607274401557","0.24198607274401557"
"4888","0.2419829173486097","0.2419829173486097","0.2419829173486097"
"4889","0.24197550197722864","0.24197550197722864","0.24197550197722864"
"4890","0.2419728825835046","0.2419728825835046","0.2419728825835046"
"4891","0.24197372512437898","0.24197372512437898","0.24197372512437898"
"4892","0.2419727041598537","0.2419727041598537","0.2419727041598537"
"4893","0.24197434472716214","0.24197434472716214","0.24197434472716214"
"4894","0.24197571856695363","0.24197571856695363","0.24197571856695363"
"4895","0.2419744318181827","0.2419744318181827","0.2419744318181827"
"4896","0.2419763369757634","0.2419763369757634","0.2419763369757634"
"4897","0.24197372115581056","0.24197372115581056","0.24197372115581056"
"4898","0.24197270144276664","0.24197270144276664","0.24197270144276664"
"4899","0.241972213717086","0.241972213717086","0.241972213717086"
"4900","0.241970663265307","0.241970663265307","0.241970663265307"
"4901","0.24197070750867258","0.24197070750867258","0.24197070750867258"
"4902","0.24196729863661182","0.24196729863661182","0.24196729863661182"
"4903","0.24196575013597207","0.24196575013597207","0.24196575013597207"
"4904","0.2419642022668579","0.2419642022668579","0.2419642022668579"
"4905","0.24196238956846847","0.24196238956846847","0.24196238956846847"
"4906","0.2419621700468823","0.2419621700468823","0.2419621700468823"
"4907","0.24195903174037184","0.24195903174037184","0.24195903174037184"
"4908","0.2419580170979363","0.2419580170979363","0.2419580170979363"
"4909","0.24196098153052312","0.24196098153052312","0.24196098153052312"
"4910","0.2419589061439249","0.2419589061439249","0.2419589061439249"
"4911","0.2419544453777244","0.2419544453777244","0.2419544453777244"
"4912","0.24195104675624415","0.24195104675624415","0.24195104675624415"
"4913","0.24195295008141757","0.24195295008141757","0.24195295008141757"
"4914","0.24195273283815044","0.24195273283815044","0.24195273283815044"
"4915","0.24194933663953977","0.24194933663953977","0.24194933663953977"
"4916","0.24194885535326918","0.24194885535326918","0.24194885535326918"
"4917","0.241949168700428","0.241949168700428","0.241949168700428"
"4918","0.24194921716144865","0.24194921716144865","0.24194921716144865"
"4919","0.24194873619299406","0.24194873619299406","0.24194873619299406"
"4920","0.241945873560299","0.241945873560299","0.241945873560299"
"4921","0.24194221829912707","0.24194221829912707","0.24194221829912707"
"4922","0.2419401517845058","0.2419401517845058","0.2419401517845058"
"4923","0.24193729263999","0.24193729263999","0.24193729263999"
"4924","0.24193443465678394","0.24193443465678394","0.24193443465678394"
"4925","0.2419321065989856","0.2419321065989856","0.2419321065989856"
"4926","0.24193004381513142","0.24193004381513142","0.24193004381513142"
"4927","0.2419303603443618","0.2419303603443618","0.2419303603443618"
"4928","0.2419269776447519","0.2419269776447519","0.2419269776447519"
"4929","0.2419254454926633","0.2419254454926633","0.2419254454926633"
"4930","0.241922329276539","0.241922329276539","0.241922329276539"
"4931","0.24192027056716095","0.24192027056716095","0.24192027056716095"
"4932","0.24192006074276914","0.24192006074276914","0.24192006074276914"
"4933","0.24191773937428285","0.24191773937428285","0.24191773937428285"
"4934","0.24191700234765653","0.24191700234765653","0.24191700234765653"
"4935","0.24191864023978468","0.24191864023978468","0.24191864023978468"
"4936","0.2419189585021618","0.2419189585021618","0.2419189585021618"
"4937","0.24191769419688147","0.24191769419688147","0.24191769419688147"
"4938","0.24191511197178425","0.24191511197178425","0.24191511197178425"
"4939","0.24191701255314918","0.24191701255314918","0.24191701255314918"
"4940","0.24191759446693736","0.24191759446693736","0.24191759446693736"
"4941","0.2419150138298598","0.2419150138298598","0.2419150138298598"
"4942","0.2419179671691631","0.2419179671691631","0.2419179671691631"
"4943","0.24191828511700128","0.24191828511700128","0.24191828511700128"
"4944","0.24192387026362003","0.24192387026362003","0.24192387026362003"
"4945","0.2419202371924511","0.2419202371924511","0.2419202371924511"
"4946","0.24192318708720933","0.24192318708720933","0.24192318708720933"
"4947","0.24192087165622345","0.24192087165622345","0.24192087165622345"
"4948","0.24191566247305388","0.24191566247305388","0.24191566247305388"
"4949","0.24191466499966405","0.24191466499966405","0.24191466499966405"
"4950","0.24191603535353617","0.24191603535353617","0.24191603535353617"
"4951","0.24191319724971466","0.24191319724971466","0.24191319724971466"
"4952","0.24191535616922538","0.24191535616922538","0.24191535616922538"
"4953","0.241913045124168","0.241913045124168","0.241913045124168"
"4954","0.24191310052482926","0.24191310052482926","0.24191310052482926"
"4955","0.24191657206525477","0.24191657206525477","0.24191657206525477"
"4956","0.2419187285613406","0.2419187285613406","0.2419187285613406"
"4957","0.2419145799710855","0.2419145799710855","0.2419145799710855"
"4958","0.24190990780892918","0.24190990780892918","0.24190990780892918"
"4959","0.24191075149559807","0.24191075149559807","0.24191075149559807"
"4960","0.24190818212365678","0.24190818212365678","0.24190818212365678"
"4961","0.24190876335416334","0.24190876335416334","0.24190876335416334"
"4962","0.2419096067613874","0.2419096067613874","0.2419096067613874"
"4963","0.24190835096379965","0.24190835096379965","0.24190835096379965"
"4964","0.24190814489323215","0.24190814489323215","0.24190814489323215"
"4965","0.24190531638133686","0.24190531638133686","0.24190531638133686"
"4966","0.2419019646093444","0.2419019646093444","0.2419019646093444"
"4967","0.24189127407556626","0.24189127407556626","0.24189127407556626"
"4968","0.24189316836084357","0.24189316836084357","0.24189316836084357"
"4969","0.24189296555309672","0.24189296555309672","0.24189296555309672"
"4970","0.24189485873574865","0.24189485873574865","0.24189485873574865"
"4971","0.24189256018239205","0.24189256018239205","0.24189256018239205"
"4972","0.2418920957361231","0.2418920957361231","0.2418920957361231"
"4973","0.24189110781553808","0.24189110781553808","0.24189110781553808"
"4974","0.24189273807130496","0.24189273807130496","0.24189273807130496"
"4975","0.24189018006700252","0.24189018006700252","0.24189018006700252"
"4976","0.24188709974544564","0.24188709974544564","0.24188709974544564"
"4977","0.24188454390194983","0.24188454390194983","0.24188454390194983"
"4978","0.24188800513928035","0.24188800513928035","0.24188800513928035"
"4979","0.2418870192307701","0.2418870192307701","0.2418870192307701"
"4980","0.24188211178045604","0.24188211178045604","0.24188211178045604"
"4981","0.24188217309108032","0.24188217309108032","0.24188217309108032"
"4982","0.24188223437709175","0.24188223437709175","0.24188223437709175"
"4983","0.241880466502777","0.241880466502777","0.241880466502777"
"4984","0.24187530305310415","0.24187530305310415","0.24187530305310415"
"4985","0.2418722312771657","0.2418722312771657","0.2418722312771657"
"4986","0.24187333909947942","0.24187333909947942","0.24187333909947942"
"4987","0.24186974675823894","0.24186974675823894","0.24186974675823894"
"4988","0.2418661558573919","0.2418661558573919","0.2418661558573919"
"4989","0.2418651763045375","0.2418651763045375","0.2418651763045375"
"4990","0.24186628465263946","0.24186628465263946","0.24186628465263946"
"4991","0.24186426192145943","0.24186426192145943","0.24186426192145943"
"4992","0.24186171833266643","0.24186171833266643","0.24186171833266643"
"4993","0.24186152279858553","0.24186152279858553","0.24186152279858553"
"4994","0.2418610666132701","0.2418610666132701","0.2418610666132701"
"4995","0.2418598285785794","0.2418598285785794","0.2418598285785794"
"4996","0.24185937291499948","0.24185937291499948","0.24185937291499948"
"4997","0.24185969915282582","0.24185969915282582","0.24185969915282582"
"4998","0.241862630468855","0.241862630468855","0.241862630468855"
"4999","0.24186113264319611","0.24186113264319611","0.24186113264319611"
"5000","0.2418625000000008","0.2418625000000008","0.2418625000000008"
"5001","0.24186386680997218","0.24186386680997218","0.24186386680997218"
"5002","0.24186236963547997","0.24186236963547997","0.24186236963547997"
"5003","0.24186061279898813","0.24186061279898813","0.24186061279898813"
"5004","0.24186223937516738","0.24186223937516738","0.24186223937516738"
"5005","0.24185918248418334","0.24185918248418334","0.24185918248418334"
"5006","0.24185560660540767","0.24185560660540767","0.24185560660540767"
"5007","0.24185307236535603","0.24185307236535603","0.24185307236535603"
"5008","0.24185313914403705","0.24185313914403705","0.24185313914403705"
"5009","0.24185606533240253","0.24185606533240253","0.24185606533240253"
"5010","0.2418561314870268","0.2418561314870268","0.2418561314870268"
"5011","0.24185489839020904","0.24185489839020904","0.24185489839020904"
"5012","0.2418557441307537","0.2418557441307537","0.2418557441307537"
"5013","0.2418568492752186","0.2418568492752186","0.2418568492752186"
"5014","0.24185146174046088","0.24185146174046088","0.24185146174046088"
"5015","0.2418523076603531","0.2418523076603531","0.2418523076603531"
"5016","0.24185211489899075","0.24185211489899075","0.24185211489899075"
"5017","0.24185114361172103","0.24185114361172103","0.24185114361172103"
"5018","0.24184576150857","0.24184576150857","0.24184576150857"
"5019","0.2418447918742122","0.2418447918742122","0.2418447918742122"
"5020","0.24184174759296237","0.24184174759296237","0.24184174759296237"
"5021","0.24183974183429682","0.24183974183429682","0.24183974183429682"
"5022","0.2418400703570963","0.2418400703570963","0.2418400703570963"
"5023","0.2418380657309717","0.2418380657309717","0.2418380657309717"
"5024","0.24183761693869507","0.24183761693869507","0.24183761693869507"
"5025","0.2418358727197355","0.2418358727197355","0.2418358727197355"
"5026","0.24183361105584378","0.24183361105584378","0.24183361105584378"
"5027","0.24183264538160684","0.24183264538160684","0.24183264538160684"
"5028","0.24183323389021566","0.24183323389021566","0.24183323389021566"
"5029","0.2418260547159815","0.2418260547159815","0.2418260547159815"
"5030","0.2418227613485761","0.2418227613485761","0.2418227613485761"
"5031","0.24182309265884935","0.24182309265884935","0.24182309265884935"
"5032","0.24182264755564473","0.24182264755564473","0.24182264755564473"
"5033","0.24182142650175592","0.24182142650175592","0.24182142650175592"
"5034","0.24181994727519618","0.24181994727519618","0.24181994727519618"
"5035","0.2418197616683226","0.2418197616683226","0.2418197616683226"
"5036","0.24182112746558201","0.24182112746558201","0.24182112746558201"
"5037","0.2418196491794066","0.2418196491794066","0.2418196491794066"
"5038","0.24181817148008555","0.24181817148008555","0.24181817148008555"
"5039","0.2418161775649939","0.2418161775649939","0.2418161775649939"
"5040","0.24181237599206434","0.24181237599206434","0.24181237599206434"
"5041","0.2418103840177222","0.2418103840177222","0.2418103840177222"
"5042","0.2418096840704755","0.2418096840704755","0.2418096840704755"
"5043","0.24180691883138425","0.24180691883138425","0.24180691883138425"
"5044","0.24180647799365665","0.24180647799365665","0.24180647799365665"
"5045","0.24180965064420298","0.24180965064420298","0.24180965064420298"
"5046","0.24180611292773233","0.24180611292773233","0.24180611292773233"
"5047","0.24180360857935487","0.24180360857935487","0.24180360857935487"
"5048","0.24180549021064526","0.24180549021064526","0.24180549021064526"
"5049","0.24180247119891807","0.24180247119891807","0.24180247119891807"
"5050","0.24180177392739355","0.24180177392739355","0.24180177392739355"
"5051","0.2417987568468298","0.2417987568468298","0.2417987568468298"
"5052","0.2417990915314075","0.2417990915314075","0.2417990915314075"
"5053","0.2417960761758699","0.2417960761758699","0.2417960761758699"
"5054","0.241794350184673","0.241794350184673","0.241794350184673"
"5055","0.2417910793768554","0.2417910793768554","0.2417910793768554"
"5056","0.24178780986287002","0.24178780986287002","0.24178780986287002"
"5057","0.24178660149298084","0.24178660149298084","0.24178660149298084"
"5058","0.24178539360089707","0.24178539360089707","0.24178539360089707"
"5059","0.24178212714963512","0.24178212714963512","0.24178212714963512"
"5060","0.24178246459156866","0.24178246459156866","0.24178246459156866"
"5061","0.2417792000098803","0.2417792000098803","0.2417792000098803"
"5062","0.24178391075661876","0.24178391075661876","0.24178391075661876"
"5063","0.24178244741260202","0.24178244741260202","0.24178244741260202"
"5064","0.24178124177198604","0.24178124177198604","0.24178124177198604"
"5065","0.24177798000987247","0.24177798000987247","0.24177798000987247"
"5066","0.24177651870311964","0.24177651870311964","0.24177651870311964"
"5067","0.24177659981251315","0.24177659981251315","0.24177659981251315"
"5068","0.24177334089713315","0.24177334089713315","0.24177334089713315"
"5069","0.24177213824225766","0.24177213824225766","0.24177213824225766"
"5070","0.24177144970414283","0.24177144970414283","0.24177144970414283"
"5071","0.24177050466706188","0.24177050466706188","0.24177050466706188"
"5072","0.24176956000262964","0.24176956000262964","0.24176956000262964"
"5073","0.24176964238780554","0.24176964238780554","0.24176964238780554"
"5074","0.2417717776901861","0.2417717776901861","0.2417717776901861"
"5075","0.24177339901477918","0.24177339901477918","0.24177339901477918"
"5076","0.24177450666535413","0.24177450666535413","0.24177450666535413"
"5077","0.24177330567592492","0.24177330567592492","0.24177330567592492"
"5078","0.2417697974103986","0.2417697974103986","0.2417697974103986"
"5079","0.24176680325851627","0.24176680325851627","0.24176680325851627"
"5080","0.24176765501968583","0.24176765501968583","0.24176765501968583"
"5081","0.24176389367250622","0.24176389367250622","0.24176389367250622"
"5082","0.24176295216778254","0.24176295216778254","0.24176295216778254"
"5083","0.24176201103351122","0.24176201103351122","0.24176201103351122"
"5084","0.24176132638342596","0.24176132638342596","0.24176132638342596"
"5085","0.24176141019338004","0.24176141019338004","0.24176141019338004"
"5086","0.24175611769235894","0.24175611769235894","0.24175611769235894"
"5087","0.24175901808531636","0.24175901808531636","0.24175901808531636"
"5088","0.2417573109112954","0.2417573109112954","0.2417573109112954"
"5089","0.24175739544442348","0.24175739544442348","0.24175739544442348"
"5090","0.24175901481663478","0.24175901481663478","0.24175901481663478"
"5091","0.2417580759346568","0.2417580759346568","0.2417580759346568"
"5092","0.24175381317098804","0.24175381317098804","0.24175381317098804"
"5093","0.241753387001768","0.241753387001768","0.241753387001768"
"5094","0.24175602833398854","0.24175602833398854","0.24175602833398854"
"5095","0.24175866862937603","0.24175866862937603","0.24175866862937603"
"5096","0.2417597748233917","0.2417597748233917","0.2417597748233917"
"5097","0.24175577136877985","0.24175577136877985","0.24175577136877985"
"5098","0.24175330194847736","0.24175330194847736","0.24175330194847736"
"5099","0.24175211029940594","0.24175211029940594","0.24175211029940594"
"5100","0.24175040849673285","0.24175040849673285","0.24175040849673285"
"5101","0.24175100470496066","0.24175100470496066","0.24175100470496066"
"5102","0.24174828294459771","0.24174828294459771","0.24174828294459771"
"5103","0.24174938965641207","0.24174938965641207","0.24174938965641207"
"5104","0.24174743461011053","0.24174743461011053","0.24174743461011053"
"5105","0.2417449702089463","0.2417449702089463","0.2417449702089463"
"5106","0.24174378182530437","0.24174378182530437","0.24174378182530437"
"5107","0.24174361374910336","0.24174361374910336","0.24174361374910336"
"5108","0.24174217118572255","0.24174217118572255","0.24174217118572255"
"5109","0.241738945162133","0.241738945162133","0.241738945162133"
"5110","0.24173750407697409","0.24173750407697409","0.24173750407697409"
"5111","0.24174013973129932","0.24174013973129932","0.24174013973129932"
"5112","0.2417381895539914","0.2417381895539914","0.2417381895539914"
"5113","0.2417367494621561","0.2417367494621561","0.2417367494621561"
"5114","0.2417358191565645","0.2417358191565645","0.2417358191565645"
"5115","0.24173157991202426","0.24173157991202426","0.24173157991202426"
"5116","0.24172734232473364","0.24172734232473364","0.24172734232473364"
"5117","0.24172565101622123","0.24172565101622123","0.24172565101622123"
"5118","0.24172548684382","0.24172548684382","0.24172548684382"
"5119","0.2417271032753801","0.2417271032753801","0.2417271032753801"
"5120","0.2417266845703133","0.2417266845703133","0.2417266845703133"
"5121","0.24172601176528102","0.24172601176528102","0.24172601176528102"
"5122","0.24172508500911183","0.24172508500911183","0.24172508500911183"
"5123","0.24172441277897147","0.24172441277897147","0.24172441277897147"
"5124","0.24172196200884807","0.24172196200884807","0.24172196200884807"
"5125","0.24172052845528538","0.24172052845528538","0.24172052845528538"
"5126","0.24171909546104908","0.24171909546104908","0.24171909546104908"
"5127","0.24171918682140386","0.24171918682140386","0.24171918682140386"
"5128","0.24171978597894","0.24171978597894","0.24171978597894"
"5129","0.24171860783453647","0.24171860783453647","0.24171860783453647"
"5130","0.24171793778427633","0.24171793778427633","0.24171793778427633"
"5131","0.2417185368349258","0.2417185368349258","0.2417185368349258"
"5132","0.24171761334112843","0.24171761334112843","0.24171761334112843"
"5133","0.24171618286901833","0.24171618286901833","0.24171618286901833"
"5134","0.24171120227892565","0.24171120227892565","0.24171120227892565"
"5135","0.24170901290165614","0.24170901290165614","0.24170901290165614"
"5136","0.24170657085604966","0.24170657085604966","0.24170657085604966"
"5137","0.24170514364739557","0.24170514364739557","0.24170514364739557"
"5138","0.24170143619436962","0.24170143619436962","0.24170143619436962"
"5139","0.2417000105403135","0.2417000105403135","0.2417000105403135"
"5140","0.24169782547016946","0.24169782547016946","0.24169782547016946"
"5141","0.24169817399338733","0.24169817399338733","0.24169817399338733"
"5142","0.24169548368015123","0.24169548368015123","0.24169548368015123"
"5143","0.24169355394063208","0.24169355394063208","0.24169355394063208"
"5144","0.24169263745788055","0.24169263745788055","0.24169263745788055"
"5145","0.24169197440881196","0.24169197440881196","0.24169197440881196"
"5146","0.2416892873915023","0.2416892873915023","0.2416892873915023"
"5147","0.24168634843922107","0.24168634843922107","0.24168634843922107"
"5148","0.24168543406824738","0.24168543406824738","0.24168543406824738"
"5149","0.24168477293325646","0.24168477293325646","0.24168477293325646"
"5150","0.24168360639158656","0.24168360639158656","0.24168360639158656"
"5151","0.24168547369442905","0.24168547369442905","0.24168547369442905"
"5152","0.2416838020024594","0.2416838020024594","0.2416838020024594"
"5153","0.2416836470664346","0.2416836470664346","0.2416836470664346"
"5154","0.24168197637757166","0.24168197637757166","0.24168197637757166"
"5155","0.24167980116391935","0.24167980116391935","0.24167980116391935"
"5156","0.24167712171903366","0.24167712171903366","0.24167712171903366"
"5157","0.24167772566414666","0.24167772566414666","0.24167772566414666"
"5158","0.241679844012538","0.241679844012538","0.241679844012538"
"5159","0.24168044719583986","0.24168044719583986","0.24168044719583986"
"5160","0.24167802204457453","0.24167802204457453","0.24167802204457453"
"5161","0.24167534554027084","0.24167534554027084","0.24167534554027084"
"5162","0.24167418353674372","0.24167418353674372","0.24167418353674372"
"5163","0.24167302198334387","0.24167302198334387","0.24167302198334387"
"5164","0.24167160873354074","0.24167160873354074","0.24167160873354074"
"5165","0.24166868344627382","0.24166868344627382","0.24166868344627382"
"5166","0.24166651543747664","0.24166651543747664","0.24166651543747664"
"5167","0.24166384426811255","0.24166384426811255","0.24166384426811255"
"5168","0.24166268583913908","0.24166268583913908","0.24166268583913908"
"5169","0.2416640468820541","0.2416640468820541","0.2416640468820541"
"5170","0.24165961476466877","0.24165961476466877","0.24165961476466877"
"5171","0.24166122768001114","0.24166122768001114","0.24166122768001114"
"5172","0.2416580566028624","0.2416580566028624","0.2416580566028624"
"5173","0.24165992090340954","0.24165992090340954","0.24165992090340954"
"5174","0.2416600228707649","0.2416600228707649","0.2416600228707649"
"5175","0.24165962157810064","0.24165962157810064","0.24165962157810064"
"5176","0.24165922044049537","0.24165922044049537","0.24165922044049537"
"5177","0.2416565558399338","0.2416565558399338","0.2416565558399338"
"5178","0.2416546466621612","0.2416546466621612","0.2416546466621612"
"5179","0.2416557552133624","0.2416557552133624","0.2416557552133624"
"5180","0.2416498250482633","0.2416498250482633","0.2416498250482633"
"5181","0.24165018014540382","0.24165018014540382","0.24165018014540382"
"5182","0.2416507863759174","0.2416507863759174","0.2416507863759174"
"5183","0.24164812648723463","0.24164812648723463","0.24164812648723463"
"5184","0.24164873288001618","0.24164873288001618","0.24164873288001618"
"5185","0.24164682778849317","0.24164682778849317","0.24164682778849317"
"5186","0.24164642989137494","0.24164642989137494","0.24164642989137494"
"5187","0.2416477893451585","0.2416477893451585","0.2416477893451585"
"5188","0.24165015219416675","0.24165015219416675","0.24165015219416675"
"5189","0.2416542706526634","0.2416542706526634","0.2416542706526634"
"5190","0.24165512604367445","0.24165512604367445","0.24165512604367445"
"5191","0.24165472693122783","0.24165472693122783","0.24165472693122783"
"5192","0.24165131853492622","0.24165131853492622","0.24165131853492622"
"5193","0.24164816218948654","0.24164816218948654","0.24164816218948654"
"5194","0.24164751395841425","0.24164751395841425","0.24164751395841425"
"5195","0.24164962303497023","0.24164962303497023","0.24164962303497023"
"5196","0.24164847358545105","0.24164847358545105","0.24164847358545105"
"5197","0.24164632239753775","0.24164632239753775","0.24164632239753775"
"5198","0.24164417203732275","0.24164417203732275","0.24164417203732275"
"5199","0.24164577923639233","0.24164577923639233","0.24164577923639233"
"5200","0.24164713541666738","0.24164713541666738","0.24164713541666738"
"5201","0.24164548684547915","0.24164548684547915","0.24164548684547915"
"5202","0.2416443395168532","0.2416443395168532","0.2416443395168532"
"5203","0.24164669621692686","0.24164669621692686","0.24164669621692686"
"5204","0.2416470503458885","0.2416470503458885","0.2416470503458885"
"5205","0.24163989953570353","0.24163989953570353","0.24163989953570353"
"5206","0.2416400047221162","0.2416400047221162","0.2416400047221162"
"5207","0.2416363589078811","0.2416363589078811","0.2416363589078811"
"5208","0.24163371455773236","0.24163371455773236","0.24163371455773236"
"5209","0.24163132119088826","0.24163132119088826","0.24163132119088826"