"Step","sample_pretrain - train_loss","sample_pretrain - train_loss__MIN","sample_pretrain - train_loss__MAX"
"1","0.4348958333333333","0.4348958333333333","0.4348958333333333"
"2","0.4140625","0.4140625","0.4140625"
"3","0.4166666666666667","0.4166666666666667","0.4166666666666667"
"4","0.4036458333333333","0.4036458333333333","0.4036458333333333"
"5","0.4348958333333333","0.4348958333333333","0.4348958333333333"
"6","0.3984375","0.3984375","0.3984375"
"7","0.4036458333333333","0.4036458333333333","0.4036458333333333"
"8","0.4192708333333333","0.4192708333333333","0.4192708333333333"
"9","0.3854166666666667","0.3854166666666667","0.3854166666666667"
"10","0.3697916666666667","0.3697916666666667","0.3697916666666667"
"11","0.4010416666666667","0.4010416666666667","0.4010416666666667"
"12","0.359375","0.359375","0.359375"
"13","0.3671875","0.3671875","0.3671875"
"14","0.3697916666666667","0.3697916666666667","0.3697916666666667"
"15","0.3463541666666667","0.3463541666666667","0.3463541666666667"
"16","0.3567708333333333","0.3567708333333333","0.3567708333333333"
"17","0.3515625","0.3515625","0.3515625"
"18","0.3385416666666667","0.3385416666666667","0.3385416666666667"
"19","0.3294270833333333","0.3294270833333333","0.3294270833333333"
"20","0.3203125","0.3203125","0.3203125"
"21","0.3203125","0.3203125","0.3203125"
"22","0.3151041666666667","0.3151041666666667","0.3151041666666667"
"23","0.2877604166666667","0.2877604166666667","0.2877604166666667"
"24","0.2877604166666667","0.2877604166666667","0.2877604166666667"
"25","0.2916666666666667","0.2916666666666667","0.2916666666666667"
"26","0.3046875","0.3046875","0.3046875"
"27","0.3020833333333333","0.3020833333333333","0.3020833333333333"
"28","0.29296875","0.29296875","0.29296875"
"29","0.2799479166666667","0.2799479166666667","0.2799479166666667"
"30","0.2942708333333333","0.2942708333333333","0.2942708333333333"
"31","0.296875","0.296875","0.296875"
"32","0.2942708333333333","0.2942708333333333","0.2942708333333333"
"33","0.296875","0.296875","0.296875"
"34","0.2747395833333333","0.2747395833333333","0.2747395833333333"
"35","0.2747395833333333","0.2747395833333333","0.2747395833333333"
"36","0.2760416666666667","0.2760416666666667","0.2760416666666667"
"37","0.28125","0.28125","0.28125"
"38","0.28515625","0.28515625","0.28515625"
"39","0.2890625","0.2890625","0.2890625"
"40","0.28125","0.28125","0.28125"
"41","0.2864583333333333","0.2864583333333333","0.2864583333333333"
"42","0.2682291666666667","0.2682291666666667","0.2682291666666667"
"43","0.30078125","0.30078125","0.30078125"
"44","0.26171875","0.26171875","0.26171875"
"45","0.29296875","0.29296875","0.29296875"
"46","0.2630208333333333","0.2630208333333333","0.2630208333333333"
"47","0.28125","0.28125","0.28125"
"48","0.28515625","0.28515625","0.28515625"
"49","0.2682291666666667","0.2682291666666667","0.2682291666666667"
"50","0.2682291666666667","0.2682291666666667","0.2682291666666667"
"51","0.265625","0.265625","0.265625"
"52","0.26953125","0.26953125","0.26953125"
"53","0.2760416666666667","0.2760416666666667","0.2760416666666667"
"54","0.265625","0.265625","0.265625"
"55","0.26953125","0.26953125","0.26953125"
"56","0.2825520833333333","0.2825520833333333","0.2825520833333333"
"57","0.2669270833333333","0.2669270833333333","0.2669270833333333"
"58","0.2864583333333333","0.2864583333333333","0.2864583333333333"
"59","0.2734375","0.2734375","0.2734375"
"60","0.2669270833333333","0.2669270833333333","0.2669270833333333"
"61","0.2513020833333333","0.2513020833333333","0.2513020833333333"
"62","0.2747395833333333","0.2747395833333333","0.2747395833333333"
"63","0.25","0.25","0.25"
"64","0.2630208333333333","0.2630208333333333","0.2630208333333333"
"65","0.24739583333333334","0.24739583333333334","0.24739583333333334"
"66","0.25390625","0.25390625","0.25390625"
"67","0.23828125","0.23828125","0.23828125"
"68","0.2630208333333333","0.2630208333333333","0.2630208333333333"
"69","0.25390625","0.25390625","0.25390625"
"70","0.2526041666666667","0.2526041666666667","0.2526041666666667"
"71","0.25390625","0.25390625","0.25390625"
"72","0.2526041666666667","0.2526041666666667","0.2526041666666667"
"73","0.2604166666666667","0.2604166666666667","0.2604166666666667"
"74","0.26171875","0.26171875","0.26171875"
"75","0.2669270833333333","0.2669270833333333","0.2669270833333333"
"76","0.28125","0.28125","0.28125"
"77","0.26953125","0.26953125","0.26953125"
"78","0.25","0.25","0.25"
"79","0.2721354166666667","0.2721354166666667","0.2721354166666667"
"80","0.2604166666666667","0.2604166666666667","0.2604166666666667"
"81","0.2526041666666667","0.2526041666666667","0.2526041666666667"
"82","0.26171875","0.26171875","0.26171875"
"83","0.24348958333333334","0.24348958333333334","0.24348958333333334"
"84","0.2630208333333333","0.2630208333333333","0.2630208333333333"
"85","0.2604166666666667","0.2604166666666667","0.2604166666666667"
"86","0.265625","0.265625","0.265625"
"87","0.2721354166666667","0.2721354166666667","0.2721354166666667"
"88","0.26171875","0.26171875","0.26171875"
"89","0.2747395833333333","0.2747395833333333","0.2747395833333333"
"90","0.2630208333333333","0.2630208333333333","0.2630208333333333"
"91","0.265625","0.265625","0.265625"
"92","0.24609375","0.24609375","0.24609375"
"93","0.2552083333333333","0.2552083333333333","0.2552083333333333"
"94","0.2708333333333333","0.2708333333333333","0.2708333333333333"
"95","0.2643229166666667","0.2643229166666667","0.2643229166666667"
"96","0.24869791666666666","0.24869791666666666","0.24869791666666666"
"97","0.25","0.25","0.25"
"98","0.2643229166666667","0.2643229166666667","0.2643229166666667"
"99","0.2513020833333333","0.2513020833333333","0.2513020833333333"
"100","0.2604166666666667","0.2604166666666667","0.2604166666666667"
"101","0.24739583333333334","0.24739583333333334","0.24739583333333334"
"102","0.26953125","0.26953125","0.26953125"
"103","0.2552083333333333","0.2552083333333333","0.2552083333333333"
"104","0.24479166666666666","0.24479166666666666","0.24479166666666666"
"105","0.2578125","0.2578125","0.2578125"
"106","0.26171875","0.26171875","0.26171875"
"107","0.25","0.25","0.25"
"108","0.2552083333333333","0.2552083333333333","0.2552083333333333"
"109","0.24088541666666666","0.24088541666666666","0.24088541666666666"
"110","0.2747395833333333","0.2747395833333333","0.2747395833333333"
"111","0.2838541666666667","0.2838541666666667","0.2838541666666667"
"112","0.2552083333333333","0.2552083333333333","0.2552083333333333"
"113","0.25390625","0.25390625","0.25390625"
"114","0.2578125","0.2578125","0.2578125"
"115","0.25","0.25","0.25"
"116","0.2643229166666667","0.2643229166666667","0.2643229166666667"
"117","0.2643229166666667","0.2643229166666667","0.2643229166666667"
"118","0.25390625","0.25390625","0.25390625"
"119","0.24348958333333334","0.24348958333333334","0.24348958333333334"
"120","0.24348958333333334","0.24348958333333334","0.24348958333333334"
"121","0.2669270833333333","0.2669270833333333","0.2669270833333333"
"122","0.2552083333333333","0.2552083333333333","0.2552083333333333"
"123","0.2578125","0.2578125","0.2578125"
"124","0.24609375","0.24609375","0.24609375"
"125","0.24088541666666666","0.24088541666666666","0.24088541666666666"
"126","0.2526041666666667","0.2526041666666667","0.2526041666666667"
"127","0.2721354166666667","0.2721354166666667","0.2721354166666667"
"128","0.2591145833333333","0.2591145833333333","0.2591145833333333"
"129","0.24348958333333334","0.24348958333333334","0.24348958333333334"
"130","0.23958333333333334","0.23958333333333334","0.23958333333333334"
"131","0.25390625","0.25390625","0.25390625"
"132","0.23567708333333334","0.23567708333333334","0.23567708333333334"
"133","0.25390625","0.25390625","0.25390625"
"134","0.2682291666666667","0.2682291666666667","0.2682291666666667"
"135","0.2669270833333333","0.2669270833333333","0.2669270833333333"
"136","0.2565104166666667","0.2565104166666667","0.2565104166666667"
"137","0.2513020833333333","0.2513020833333333","0.2513020833333333"
"138","0.2578125","0.2578125","0.2578125"
"139","0.26171875","0.26171875","0.26171875"
"140","0.2565104166666667","0.2565104166666667","0.2565104166666667"
"141","0.2630208333333333","0.2630208333333333","0.2630208333333333"
"142","0.2721354166666667","0.2721354166666667","0.2721354166666667"
"143","0.24869791666666666","0.24869791666666666","0.24869791666666666"
"144","0.24348958333333334","0.24348958333333334","0.24348958333333334"
"145","0.265625","0.265625","0.265625"
"146","0.2734375","0.2734375","0.2734375"
"147","0.25390625","0.25390625","0.25390625"
"148","0.2734375","0.2734375","0.2734375"
"149","0.23567708333333334","0.23567708333333334","0.23567708333333334"
"150","0.2643229166666667","0.2643229166666667","0.2643229166666667"
"151","0.2643229166666667","0.2643229166666667","0.2643229166666667"
"152","0.24739583333333334","0.24739583333333334","0.24739583333333334"
"153","0.23567708333333334","0.23567708333333334","0.23567708333333334"
"154","0.23828125","0.23828125","0.23828125"
"155","0.2682291666666667","0.2682291666666667","0.2682291666666667"
"156","0.2643229166666667","0.2643229166666667","0.2643229166666667"
"157","0.2734375","0.2734375","0.2734375"
"158","0.23567708333333334","0.23567708333333334","0.23567708333333334"
"159","0.24869791666666666","0.24869791666666666","0.24869791666666666"
"160","0.2578125","0.2578125","0.2578125"
"161","0.2604166666666667","0.2604166666666667","0.2604166666666667"
"162","0.2721354166666667","0.2721354166666667","0.2721354166666667"
"163","0.2760416666666667","0.2760416666666667","0.2760416666666667"
"164","0.2513020833333333","0.2513020833333333","0.2513020833333333"
"165","0.2734375","0.2734375","0.2734375"
"166","0.24739583333333334","0.24739583333333334","0.24739583333333334"
"167","0.24088541666666666","0.24088541666666666","0.24088541666666666"
"168","0.26953125","0.26953125","0.26953125"
"169","0.2708333333333333","0.2708333333333333","0.2708333333333333"
"170","0.2708333333333333","0.2708333333333333","0.2708333333333333"
"171","0.2526041666666667","0.2526041666666667","0.2526041666666667"
"172","0.24609375","0.24609375","0.24609375"
"173","0.2669270833333333","0.2669270833333333","0.2669270833333333"
"174","0.2734375","0.2734375","0.2734375"
"175","0.24869791666666666","0.24869791666666666","0.24869791666666666"
"176","0.2552083333333333","0.2552083333333333","0.2552083333333333"
"177","0.2604166666666667","0.2604166666666667","0.2604166666666667"
"178","0.2669270833333333","0.2669270833333333","0.2669270833333333"
"179","0.2552083333333333","0.2552083333333333","0.2552083333333333"
"180","0.24869791666666666","0.24869791666666666","0.24869791666666666"
"181","0.2721354166666667","0.2721354166666667","0.2721354166666667"
"182","0.24348958333333334","0.24348958333333334","0.24348958333333334"
"183","0.2760416666666667","0.2760416666666667","0.2760416666666667"
"184","0.26171875","0.26171875","0.26171875"
"185","0.23828125","0.23828125","0.23828125"
"186","0.2513020833333333","0.2513020833333333","0.2513020833333333"
"187","0.24869791666666666","0.24869791666666666","0.24869791666666666"
"188","0.27734375","0.27734375","0.27734375"
"189","0.24479166666666666","0.24479166666666666","0.24479166666666666"
"190","0.2786458333333333","0.2786458333333333","0.2786458333333333"
"191","0.2578125","0.2578125","0.2578125"
"192","0.25390625","0.25390625","0.25390625"
"193","0.2552083333333333","0.2552083333333333","0.2552083333333333"
"194","0.2682291666666667","0.2682291666666667","0.2682291666666667"
"195","0.23828125","0.23828125","0.23828125"
"196","0.25","0.25","0.25"
"197","0.265625","0.265625","0.265625"
"198","0.2708333333333333","0.2708333333333333","0.2708333333333333"
"199","0.2591145833333333","0.2591145833333333","0.2591145833333333"
"200","0.2643229166666667","0.2643229166666667","0.2643229166666667"
"201","0.24088541666666666","0.24088541666666666","0.24088541666666666"
"202","0.2591145833333333","0.2591145833333333","0.2591145833333333"
"203","0.24348958333333334","0.24348958333333334","0.24348958333333334"
"204","0.265625","0.265625","0.265625"
"205","0.24609375","0.24609375","0.24609375"
"206","0.25390625","0.25390625","0.25390625"
"207","0.2513020833333333","0.2513020833333333","0.2513020833333333"
"208","0.23307291666666666","0.23307291666666666","0.23307291666666666"
"209","0.2669270833333333","0.2669270833333333","0.2669270833333333"
"210","0.2669270833333333","0.2669270833333333","0.2669270833333333"
"211","0.24479166666666666","0.24479166666666666","0.24479166666666666"
"212","0.2526041666666667","0.2526041666666667","0.2526041666666667"
"213","0.2578125","0.2578125","0.2578125"
"214","0.24348958333333334","0.24348958333333334","0.24348958333333334"
"215","0.21875","0.21875","0.21875"
"216","0.23567708333333334","0.23567708333333334","0.23567708333333334"
"217","0.24348958333333334","0.24348958333333334","0.24348958333333334"
"218","0.2552083333333333","0.2552083333333333","0.2552083333333333"
"219","0.24609375","0.24609375","0.24609375"
"220","0.2578125","0.2578125","0.2578125"
"221","0.2734375","0.2734375","0.2734375"
"222","0.2604166666666667","0.2604166666666667","0.2604166666666667"
"223","0.23177083333333334","0.23177083333333334","0.23177083333333334"
"224","0.26171875","0.26171875","0.26171875"
"225","0.2421875","0.2421875","0.2421875"
"226","0.2526041666666667","0.2526041666666667","0.2526041666666667"
"227","0.2421875","0.2421875","0.2421875"
"228","0.2552083333333333","0.2552083333333333","0.2552083333333333"
"229","0.2799479166666667","0.2799479166666667","0.2799479166666667"
"230","0.23828125","0.23828125","0.23828125"
"231","0.2526041666666667","0.2526041666666667","0.2526041666666667"
"232","0.25","0.25","0.25"
"233","0.23567708333333334","0.23567708333333334","0.23567708333333334"
"234","0.2669270833333333","0.2669270833333333","0.2669270833333333"
"235","0.2265625","0.2265625","0.2265625"
"236","0.2630208333333333","0.2630208333333333","0.2630208333333333"
"237","0.2578125","0.2578125","0.2578125"
"238","0.24869791666666666","0.24869791666666666","0.24869791666666666"
"239","0.2643229166666667","0.2643229166666667","0.2643229166666667"
"240","0.2630208333333333","0.2630208333333333","0.2630208333333333"
"241","0.24869791666666666","0.24869791666666666","0.24869791666666666"
"242","0.2513020833333333","0.2513020833333333","0.2513020833333333"
"243","0.2591145833333333","0.2591145833333333","0.2591145833333333"
"244","0.2421875","0.2421875","0.2421875"
"245","0.23958333333333334","0.23958333333333334","0.23958333333333334"
"246","0.24609375","0.24609375","0.24609375"
"247","0.2591145833333333","0.2591145833333333","0.2591145833333333"
"248","0.25390625","0.25390625","0.25390625"
"249","0.2513020833333333","0.2513020833333333","0.2513020833333333"
"250","0.22526041666666666","0.22526041666666666","0.22526041666666666"
"251","0.23046875","0.23046875","0.23046875"
"252","0.24609375","0.24609375","0.24609375"
"253","0.2591145833333333","0.2591145833333333","0.2591145833333333"
"254","0.23307291666666666","0.23307291666666666","0.23307291666666666"
"255","0.22916666666666666","0.22916666666666666","0.22916666666666666"
"256","0.24739583333333334","0.24739583333333334","0.24739583333333334"
"257","0.24348958333333334","0.24348958333333334","0.24348958333333334"
"258","0.25","0.25","0.25"
"259","0.23828125","0.23828125","0.23828125"
"260","0.23958333333333334","0.23958333333333334","0.23958333333333334"
"261","0.26171875","0.26171875","0.26171875"
"262","0.2682291666666667","0.2682291666666667","0.2682291666666667"
"263","0.24739583333333334","0.24739583333333334","0.24739583333333334"
"264","0.24739583333333334","0.24739583333333334","0.24739583333333334"
"265","0.234375","0.234375","0.234375"
"266","0.24348958333333334","0.24348958333333334","0.24348958333333334"
"267","0.24739583333333334","0.24739583333333334","0.24739583333333334"
"268","0.2526041666666667","0.2526041666666667","0.2526041666666667"
"269","0.23828125","0.23828125","0.23828125"
"270","0.2591145833333333","0.2591145833333333","0.2591145833333333"
"271","0.22916666666666666","0.22916666666666666","0.22916666666666666"
"272","0.2916666666666667","0.2916666666666667","0.2916666666666667"
"273","0.2578125","0.2578125","0.2578125"
"274","0.2421875","0.2421875","0.2421875"
"275","0.24088541666666666","0.24088541666666666","0.24088541666666666"
"276","0.24739583333333334","0.24739583333333334","0.24739583333333334"
"277","0.24088541666666666","0.24088541666666666","0.24088541666666666"
"278","0.22395833333333334","0.22395833333333334","0.22395833333333334"
"279","0.23697916666666666","0.23697916666666666","0.23697916666666666"
"280","0.24869791666666666","0.24869791666666666","0.24869791666666666"
"281","0.2565104166666667","0.2565104166666667","0.2565104166666667"
"282","0.23307291666666666","0.23307291666666666","0.23307291666666666"
"283","0.24739583333333334","0.24739583333333334","0.24739583333333334"
"284","0.23697916666666666","0.23697916666666666","0.23697916666666666"
"285","0.2643229166666667","0.2643229166666667","0.2643229166666667"
"286","0.24869791666666666","0.24869791666666666","0.24869791666666666"
"287","0.25","0.25","0.25"
"288","0.24348958333333334","0.24348958333333334","0.24348958333333334"
"289","0.24869791666666666","0.24869791666666666","0.24869791666666666"
"290","0.24609375","0.24609375","0.24609375"
"291","0.2825520833333333","0.2825520833333333","0.2825520833333333"
"292","0.23828125","0.23828125","0.23828125"
"293","0.2526041666666667","0.2526041666666667","0.2526041666666667"
"294","0.24609375","0.24609375","0.24609375"
"295","0.25","0.25","0.25"
"296","0.2591145833333333","0.2591145833333333","0.2591145833333333"
"297","0.24088541666666666","0.24088541666666666","0.24088541666666666"
"298","0.23697916666666666","0.23697916666666666","0.23697916666666666"
"299","0.23828125","0.23828125","0.23828125"
"300","0.24869791666666666","0.24869791666666666","0.24869791666666666"
"301","0.2747395833333333","0.2747395833333333","0.2747395833333333"
"302","0.2513020833333333","0.2513020833333333","0.2513020833333333"
"303","0.2513020833333333","0.2513020833333333","0.2513020833333333"
"304","0.265625","0.265625","0.265625"
"305","0.2591145833333333","0.2591145833333333","0.2591145833333333"
"306","0.24088541666666666","0.24088541666666666","0.24088541666666666"
"307","0.23307291666666666","0.23307291666666666","0.23307291666666666"
"308","0.2721354166666667","0.2721354166666667","0.2721354166666667"
"309","0.22786458333333334","0.22786458333333334","0.22786458333333334"
"310","0.25390625","0.25390625","0.25390625"
"311","0.2604166666666667","0.2604166666666667","0.2604166666666667"
"312","0.2513020833333333","0.2513020833333333","0.2513020833333333"
"313","0.26171875","0.26171875","0.26171875"
"314","0.24479166666666666","0.24479166666666666","0.24479166666666666"
"315","0.2591145833333333","0.2591145833333333","0.2591145833333333"
"316","0.2552083333333333","0.2552083333333333","0.2552083333333333"
"317","0.2513020833333333","0.2513020833333333","0.2513020833333333"
"318","0.23828125","0.23828125","0.23828125"
"319","0.2578125","0.2578125","0.2578125"
"320","0.23177083333333334","0.23177083333333334","0.23177083333333334"
"321","0.2578125","0.2578125","0.2578125"
"322","0.23046875","0.23046875","0.23046875"
"323","0.24479166666666666","0.24479166666666666","0.24479166666666666"
"324","0.23567708333333334","0.23567708333333334","0.23567708333333334"
"325","0.2421875","0.2421875","0.2421875"
"326","0.2578125","0.2578125","0.2578125"
"327","0.24869791666666666","0.24869791666666666","0.24869791666666666"
"328","0.24479166666666666","0.24479166666666666","0.24479166666666666"
"329","0.24348958333333334","0.24348958333333334","0.24348958333333334"
"330","0.2526041666666667","0.2526041666666667","0.2526041666666667"
"331","0.23567708333333334","0.23567708333333334","0.23567708333333334"
"332","0.2578125","0.2578125","0.2578125"
"333","0.23697916666666666","0.23697916666666666","0.23697916666666666"
"334","0.2513020833333333","0.2513020833333333","0.2513020833333333"
"335","0.22395833333333334","0.22395833333333334","0.22395833333333334"
"336","0.2630208333333333","0.2630208333333333","0.2630208333333333"
"337","0.24869791666666666","0.24869791666666666","0.24869791666666666"
"338","0.2643229166666667","0.2643229166666667","0.2643229166666667"
"339","0.2565104166666667","0.2565104166666667","0.2565104166666667"
"340","0.2669270833333333","0.2669270833333333","0.2669270833333333"
"341","0.25390625","0.25390625","0.25390625"
"342","0.2513020833333333","0.2513020833333333","0.2513020833333333"
"343","0.23046875","0.23046875","0.23046875"
"344","0.24739583333333334","0.24739583333333334","0.24739583333333334"
"345","0.24479166666666666","0.24479166666666666","0.24479166666666666"
"346","0.24739583333333334","0.24739583333333334","0.24739583333333334"
"347","0.2643229166666667","0.2643229166666667","0.2643229166666667"
"348","0.2643229166666667","0.2643229166666667","0.2643229166666667"
"349","0.2630208333333333","0.2630208333333333","0.2630208333333333"
"350","0.25","0.25","0.25"
"351","0.2565104166666667","0.2565104166666667","0.2565104166666667"
"352","0.2565104166666667","0.2565104166666667","0.2565104166666667"
"353","0.23177083333333334","0.23177083333333334","0.23177083333333334"
"354","0.2669270833333333","0.2669270833333333","0.2669270833333333"
"355","0.24739583333333334","0.24739583333333334","0.24739583333333334"
"356","0.24739583333333334","0.24739583333333334","0.24739583333333334"
"357","0.24739583333333334","0.24739583333333334","0.24739583333333334"
"358","0.23177083333333334","0.23177083333333334","0.23177083333333334"
"359","0.2565104166666667","0.2565104166666667","0.2565104166666667"
"360","0.2591145833333333","0.2591145833333333","0.2591145833333333"
"361","0.2421875","0.2421875","0.2421875"
"362","0.2421875","0.2421875","0.2421875"
"363","0.26171875","0.26171875","0.26171875"
"364","0.25390625","0.25390625","0.25390625"
"365","0.2630208333333333","0.2630208333333333","0.2630208333333333"
"366","0.24739583333333334","0.24739583333333334","0.24739583333333334"
"367","0.24869791666666666","0.24869791666666666","0.24869791666666666"
"368","0.2421875","0.2421875","0.2421875"
"369","0.23828125","0.23828125","0.23828125"
"370","0.2604166666666667","0.2604166666666667","0.2604166666666667"
"371","0.2591145833333333","0.2591145833333333","0.2591145833333333"
"372","0.23958333333333334","0.23958333333333334","0.23958333333333334"
"373","0.2552083333333333","0.2552083333333333","0.2552083333333333"
"374","0.24739583333333334","0.24739583333333334","0.24739583333333334"
"375","0.23307291666666666","0.23307291666666666","0.23307291666666666"
"376","0.24739583333333334","0.24739583333333334","0.24739583333333334"
"377","0.2578125","0.2578125","0.2578125"
"378","0.23828125","0.23828125","0.23828125"
"379","0.2526041666666667","0.2526041666666667","0.2526041666666667"
"380","0.2552083333333333","0.2552083333333333","0.2552083333333333"
"381","0.23177083333333334","0.23177083333333334","0.23177083333333334"
"382","0.24088541666666666","0.24088541666666666","0.24088541666666666"
"383","0.2721354166666667","0.2721354166666667","0.2721354166666667"
"384","0.25","0.25","0.25"
"385","0.2513020833333333","0.2513020833333333","0.2513020833333333"
"386","0.2760416666666667","0.2760416666666667","0.2760416666666667"
"387","0.2552083333333333","0.2552083333333333","0.2552083333333333"
"388","0.23958333333333334","0.23958333333333334","0.23958333333333334"
"389","0.2565104166666667","0.2565104166666667","0.2565104166666667"
"390","0.2565104166666667","0.2565104166666667","0.2565104166666667"
"391","0.2421875","0.2421875","0.2421875"
"392","0.26171875","0.26171875","0.26171875"
"393","0.2265625","0.2265625","0.2265625"
"394","0.25390625","0.25390625","0.25390625"
"395","0.265625","0.265625","0.265625"
"396","0.26171875","0.26171875","0.26171875"
"397","0.23958333333333334","0.23958333333333334","0.23958333333333334"
"398","0.24869791666666666","0.24869791666666666","0.24869791666666666"
"399","0.24739583333333334","0.24739583333333334","0.24739583333333334"
"400","0.22526041666666666","0.22526041666666666","0.22526041666666666"
"401","0.24088541666666666","0.24088541666666666","0.24088541666666666"
"402","0.23958333333333334","0.23958333333333334","0.23958333333333334"
"403","0.2643229166666667","0.2643229166666667","0.2643229166666667"
"404","0.2513020833333333","0.2513020833333333","0.2513020833333333"
"405","0.26171875","0.26171875","0.26171875"
"406","0.22786458333333334","0.22786458333333334","0.22786458333333334"
"407","0.24479166666666666","0.24479166666666666","0.24479166666666666"
"408","0.24609375","0.24609375","0.24609375"
"409","0.24609375","0.24609375","0.24609375"
"410","0.25","0.25","0.25"
"411","0.23567708333333334","0.23567708333333334","0.23567708333333334"
"412","0.2513020833333333","0.2513020833333333","0.2513020833333333"
"413","0.2421875","0.2421875","0.2421875"
"414","0.23958333333333334","0.23958333333333334","0.23958333333333334"
"415","0.2604166666666667","0.2604166666666667","0.2604166666666667"
"416","0.2421875","0.2421875","0.2421875"
"417","0.2526041666666667","0.2526041666666667","0.2526041666666667"
"418","0.24609375","0.24609375","0.24609375"
"419","0.22786458333333334","0.22786458333333334","0.22786458333333334"
"420","0.24348958333333334","0.24348958333333334","0.24348958333333334"
"421","0.23958333333333334","0.23958333333333334","0.23958333333333334"
"422","0.2565104166666667","0.2565104166666667","0.2565104166666667"
"423","0.25390625","0.25390625","0.25390625"
"424","0.2513020833333333","0.2513020833333333","0.2513020833333333"
"425","0.24739583333333334","0.24739583333333334","0.24739583333333334"
"426","0.2526041666666667","0.2526041666666667","0.2526041666666667"
"427","0.25","0.25","0.25"
"428","0.26953125","0.26953125","0.26953125"
"429","0.25390625","0.25390625","0.25390625"
"430","0.25390625","0.25390625","0.25390625"
"431","0.2526041666666667","0.2526041666666667","0.2526041666666667"
"432","0.2591145833333333","0.2591145833333333","0.2591145833333333"
"433","0.2421875","0.2421875","0.2421875"
"434","0.2578125","0.2578125","0.2578125"
"435","0.24739583333333334","0.24739583333333334","0.24739583333333334"
"436","0.24739583333333334","0.24739583333333334","0.24739583333333334"
"437","0.24088541666666666","0.24088541666666666","0.24088541666666666"
"438","0.2421875","0.2421875","0.2421875"
"439","0.2526041666666667","0.2526041666666667","0.2526041666666667"
"440","0.2421875","0.2421875","0.2421875"
"441","0.2591145833333333","0.2591145833333333","0.2591145833333333"
"442","0.24869791666666666","0.24869791666666666","0.24869791666666666"
"443","0.25","0.25","0.25"
"444","0.2604166666666667","0.2604166666666667","0.2604166666666667"
"445","0.24088541666666666","0.24088541666666666","0.24088541666666666"
"446","0.2565104166666667","0.2565104166666667","0.2565104166666667"
"447","0.2552083333333333","0.2552083333333333","0.2552083333333333"
"448","0.26171875","0.26171875","0.26171875"
"449","0.24348958333333334","0.24348958333333334","0.24348958333333334"
"450","0.24739583333333334","0.24739583333333334","0.24739583333333334"
"451","0.2565104166666667","0.2565104166666667","0.2565104166666667"
"452","0.25","0.25","0.25"
"453","0.2513020833333333","0.2513020833333333","0.2513020833333333"
"454","0.24088541666666666","0.24088541666666666","0.24088541666666666"
"455","0.23697916666666666","0.23697916666666666","0.23697916666666666"
"456","0.2630208333333333","0.2630208333333333","0.2630208333333333"
"457","0.2578125","0.2578125","0.2578125"
"458","0.2630208333333333","0.2630208333333333","0.2630208333333333"
"459","0.2578125","0.2578125","0.2578125"
"460","0.22526041666666666","0.22526041666666666","0.22526041666666666"
"461","0.2669270833333333","0.2669270833333333","0.2669270833333333"
"462","0.23697916666666666","0.23697916666666666","0.23697916666666666"
"463","0.24479166666666666","0.24479166666666666","0.24479166666666666"
"464","0.24348958333333334","0.24348958333333334","0.24348958333333334"
"465","0.2552083333333333","0.2552083333333333","0.2552083333333333"
"466","0.23307291666666666","0.23307291666666666","0.23307291666666666"
"467","0.2669270833333333","0.2669270833333333","0.2669270833333333"
"468","0.2604166666666667","0.2604166666666667","0.2604166666666667"
"469","0.2552083333333333","0.2552083333333333","0.2552083333333333"
"470","0.23567708333333334","0.23567708333333334","0.23567708333333334"
"471","0.2526041666666667","0.2526041666666667","0.2526041666666667"
"472","0.26953125","0.26953125","0.26953125"
"473","0.22526041666666666","0.22526041666666666","0.22526041666666666"
"474","0.2513020833333333","0.2513020833333333","0.2513020833333333"
"475","0.26171875","0.26171875","0.26171875"
"476","0.22916666666666666","0.22916666666666666","0.22916666666666666"
"477","0.25","0.25","0.25"
"478","0.24088541666666666","0.24088541666666666","0.24088541666666666"
"479","0.2526041666666667","0.2526041666666667","0.2526041666666667"
"480","0.2565104166666667","0.2565104166666667","0.2565104166666667"
"481","0.24869791666666666","0.24869791666666666","0.24869791666666666"
"482","0.24609375","0.24609375","0.24609375"
"483","0.24739583333333334","0.24739583333333334","0.24739583333333334"
"484","0.23828125","0.23828125","0.23828125"
"485","0.25","0.25","0.25"
"486","0.24869791666666666","0.24869791666666666","0.24869791666666666"
"487","0.24088541666666666","0.24088541666666666","0.24088541666666666"
"488","0.24869791666666666","0.24869791666666666","0.24869791666666666"
"489","0.2552083333333333","0.2552083333333333","0.2552083333333333"
"490","0.26171875","0.26171875","0.26171875"
"491","0.25390625","0.25390625","0.25390625"
"492","0.23958333333333334","0.23958333333333334","0.23958333333333334"
"493","0.2604166666666667","0.2604166666666667","0.2604166666666667"
"494","0.24088541666666666","0.24088541666666666","0.24088541666666666"
"495","0.24348958333333334","0.24348958333333334","0.24348958333333334"
"496","0.2513020833333333","0.2513020833333333","0.2513020833333333"
"497","0.23046875","0.23046875","0.23046875"
"498","0.25390625","0.25390625","0.25390625"
"499","0.2513020833333333","0.2513020833333333","0.2513020833333333"
"500","0.24739583333333334","0.24739583333333334","0.24739583333333334"
"501","0.2421875","0.2421875","0.2421875"
"502","0.24479166666666666","0.24479166666666666","0.24479166666666666"
"503","0.2591145833333333","0.2591145833333333","0.2591145833333333"
"504","0.2721354166666667","0.2721354166666667","0.2721354166666667"
"505","0.2604166666666667","0.2604166666666667","0.2604166666666667"
"506","0.23958333333333334","0.23958333333333334","0.23958333333333334"
"507","0.24479166666666666","0.24479166666666666","0.24479166666666666"
"508","0.2578125","0.2578125","0.2578125"
"509","0.23828125","0.23828125","0.23828125"
"510","0.2578125","0.2578125","0.2578125"
"511","0.23958333333333334","0.23958333333333334","0.23958333333333334"
"512","0.22526041666666666","0.22526041666666666","0.22526041666666666"
"513","0.23958333333333334","0.23958333333333334","0.23958333333333334"
"514","0.2786458333333333","0.2786458333333333","0.2786458333333333"
"515","0.25","0.25","0.25"
"516","0.2630208333333333","0.2630208333333333","0.2630208333333333"
"517","0.22135416666666666","0.22135416666666666","0.22135416666666666"
"518","0.2513020833333333","0.2513020833333333","0.2513020833333333"
"519","0.25","0.25","0.25"
"520","0.21223958333333334","0.21223958333333334","0.21223958333333334"
"521","0.24869791666666666","0.24869791666666666","0.24869791666666666"
"522","0.24869791666666666","0.24869791666666666","0.24869791666666666"
"523","0.24348958333333334","0.24348958333333334","0.24348958333333334"
"524","0.24088541666666666","0.24088541666666666","0.24088541666666666"
"525","0.24869791666666666","0.24869791666666666","0.24869791666666666"
"526","0.2708333333333333","0.2708333333333333","0.2708333333333333"
"527","0.2643229166666667","0.2643229166666667","0.2643229166666667"
"528","0.2552083333333333","0.2552083333333333","0.2552083333333333"
"529","0.2721354166666667","0.2721354166666667","0.2721354166666667"
"530","0.2526041666666667","0.2526041666666667","0.2526041666666667"
"531","0.2513020833333333","0.2513020833333333","0.2513020833333333"
"532","0.23958333333333334","0.23958333333333334","0.23958333333333334"
"533","0.23567708333333334","0.23567708333333334","0.23567708333333334"
"534","0.24479166666666666","0.24479166666666666","0.24479166666666666"
"535","0.23307291666666666","0.23307291666666666","0.23307291666666666"
"536","0.2421875","0.2421875","0.2421875"
"537","0.22916666666666666","0.22916666666666666","0.22916666666666666"
"538","0.2630208333333333","0.2630208333333333","0.2630208333333333"
"539","0.2786458333333333","0.2786458333333333","0.2786458333333333"
"540","0.2265625","0.2265625","0.2265625"
"541","0.24088541666666666","0.24088541666666666","0.24088541666666666"
"542","0.24609375","0.24609375","0.24609375"
"543","0.2552083333333333","0.2552083333333333","0.2552083333333333"
"544","0.24739583333333334","0.24739583333333334","0.24739583333333334"
"545","0.2513020833333333","0.2513020833333333","0.2513020833333333"
"546","0.24609375","0.24609375","0.24609375"
"547","0.23828125","0.23828125","0.23828125"
"548","0.24479166666666666","0.24479166666666666","0.24479166666666666"
"549","0.25390625","0.25390625","0.25390625"
"550","0.25","0.25","0.25"
"551","0.22526041666666666","0.22526041666666666","0.22526041666666666"
"552","0.2526041666666667","0.2526041666666667","0.2526041666666667"
"553","0.24869791666666666","0.24869791666666666","0.24869791666666666"
"554","0.22916666666666666","0.22916666666666666","0.22916666666666666"
"555","0.2578125","0.2578125","0.2578125"
"556","0.24348958333333334","0.24348958333333334","0.24348958333333334"
"557","0.26953125","0.26953125","0.26953125"
"558","0.23828125","0.23828125","0.23828125"
"559","0.25","0.25","0.25"
"560","0.2643229166666667","0.2643229166666667","0.2643229166666667"
"561","0.24869791666666666","0.24869791666666666","0.24869791666666666"
"562","0.2565104166666667","0.2565104166666667","0.2565104166666667"
"563","0.23828125","0.23828125","0.23828125"
"564","0.2565104166666667","0.2565104166666667","0.2565104166666667"
"565","0.2591145833333333","0.2591145833333333","0.2591145833333333"
"566","0.2552083333333333","0.2552083333333333","0.2552083333333333"
"567","0.2421875","0.2421875","0.2421875"
"568","0.22916666666666666","0.22916666666666666","0.22916666666666666"
"569","0.2421875","0.2421875","0.2421875"
"570","0.2630208333333333","0.2630208333333333","0.2630208333333333"
"571","0.24348958333333334","0.24348958333333334","0.24348958333333334"
"572","0.23177083333333334","0.23177083333333334","0.23177083333333334"
"573","0.2552083333333333","0.2552083333333333","0.2552083333333333"
"574","0.2109375","0.2109375","0.2109375"
"575","0.24088541666666666","0.24088541666666666","0.24088541666666666"
"576","0.2578125","0.2578125","0.2578125"
"577","0.2682291666666667","0.2682291666666667","0.2682291666666667"
"578","0.2552083333333333","0.2552083333333333","0.2552083333333333"
"579","0.2669270833333333","0.2669270833333333","0.2669270833333333"
"580","0.25390625","0.25390625","0.25390625"
"581","0.23958333333333334","0.23958333333333334","0.23958333333333334"
"582","0.2669270833333333","0.2669270833333333","0.2669270833333333"
"583","0.24479166666666666","0.24479166666666666","0.24479166666666666"
"584","0.24739583333333334","0.24739583333333334","0.24739583333333334"
"585","0.23828125","0.23828125","0.23828125"
"586","0.23958333333333334","0.23958333333333334","0.23958333333333334"
"587","0.25390625","0.25390625","0.25390625"
"588","0.2421875","0.2421875","0.2421875"
"589","0.2565104166666667","0.2565104166666667","0.2565104166666667"
"590","0.24609375","0.24609375","0.24609375"
"591","0.25390625","0.25390625","0.25390625"
"592","0.2513020833333333","0.2513020833333333","0.2513020833333333"
"593","0.25","0.25","0.25"
"594","0.2578125","0.2578125","0.2578125"
"595","0.26953125","0.26953125","0.26953125"
"596","0.2643229166666667","0.2643229166666667","0.2643229166666667"
"597","0.23567708333333334","0.23567708333333334","0.23567708333333334"
"598","0.2630208333333333","0.2630208333333333","0.2630208333333333"
"599","0.24739583333333334","0.24739583333333334","0.24739583333333334"
"600","0.25390625","0.25390625","0.25390625"
"601","0.2526041666666667","0.2526041666666667","0.2526041666666667"
"602","0.2526041666666667","0.2526041666666667","0.2526041666666667"
"603","0.23567708333333334","0.23567708333333334","0.23567708333333334"
"604","0.234375","0.234375","0.234375"
"605","0.24479166666666666","0.24479166666666666","0.24479166666666666"
"606","0.23828125","0.23828125","0.23828125"
"607","0.24609375","0.24609375","0.24609375"
"608","0.24609375","0.24609375","0.24609375"
"609","0.22786458333333334","0.22786458333333334","0.22786458333333334"
"610","0.2669270833333333","0.2669270833333333","0.2669270833333333"
"611","0.2604166666666667","0.2604166666666667","0.2604166666666667"
"612","0.2565104166666667","0.2565104166666667","0.2565104166666667"
"613","0.23046875","0.23046875","0.23046875"
"614","0.23828125","0.23828125","0.23828125"
"615","0.25","0.25","0.25"
"616","0.23567708333333334","0.23567708333333334","0.23567708333333334"
"617","0.24348958333333334","0.24348958333333334","0.24348958333333334"
"618","0.25390625","0.25390625","0.25390625"
"619","0.24479166666666666","0.24479166666666666","0.24479166666666666"
"620","0.2565104166666667","0.2565104166666667","0.2565104166666667"
"621","0.2747395833333333","0.2747395833333333","0.2747395833333333"
"622","0.2578125","0.2578125","0.2578125"
"623","0.25","0.25","0.25"
"624","0.2421875","0.2421875","0.2421875"
"625","0.24088541666666666","0.24088541666666666","0.24088541666666666"
"626","0.2604166666666667","0.2604166666666667","0.2604166666666667"
"627","0.23828125","0.23828125","0.23828125"
"628","0.2526041666666667","0.2526041666666667","0.2526041666666667"
"629","0.23697916666666666","0.23697916666666666","0.23697916666666666"
"630","0.2591145833333333","0.2591145833333333","0.2591145833333333"
"631","0.2578125","0.2578125","0.2578125"
"632","0.26953125","0.26953125","0.26953125"
"633","0.24609375","0.24609375","0.24609375"
"634","0.23046875","0.23046875","0.23046875"
"635","0.2526041666666667","0.2526041666666667","0.2526041666666667"
"636","0.24609375","0.24609375","0.24609375"
"637","0.26171875","0.26171875","0.26171875"
"638","0.24088541666666666","0.24088541666666666","0.24088541666666666"
"639","0.25","0.25","0.25"
"640","0.22786458333333334","0.22786458333333334","0.22786458333333334"
"641","0.2682291666666667","0.2682291666666667","0.2682291666666667"
"642","0.22526041666666666","0.22526041666666666","0.22526041666666666"
"643","0.2591145833333333","0.2591145833333333","0.2591145833333333"
"644","0.22135416666666666","0.22135416666666666","0.22135416666666666"
"645","0.23046875","0.23046875","0.23046875"
"646","0.2578125","0.2578125","0.2578125"
"647","0.24348958333333334","0.24348958333333334","0.24348958333333334"
"648","0.2565104166666667","0.2565104166666667","0.2565104166666667"
"649","0.2552083333333333","0.2552083333333333","0.2552083333333333"
"650","0.24609375","0.24609375","0.24609375"
"651","0.25","0.25","0.25"
"652","0.2265625","0.2265625","0.2265625"
"653","0.2265625","0.2265625","0.2265625"
"654","0.24479166666666666","0.24479166666666666","0.24479166666666666"
"655","0.234375","0.234375","0.234375"
"656","0.2578125","0.2578125","0.2578125"
"657","0.22395833333333334","0.22395833333333334","0.22395833333333334"
"658","0.26171875","0.26171875","0.26171875"
"659","0.2565104166666667","0.2565104166666667","0.2565104166666667"
"660","0.2747395833333333","0.2747395833333333","0.2747395833333333"
"661","0.2513020833333333","0.2513020833333333","0.2513020833333333"
"662","0.24479166666666666","0.24479166666666666","0.24479166666666666"
"663","0.23046875","0.23046875","0.23046875"
"664","0.23697916666666666","0.23697916666666666","0.23697916666666666"
"665","0.26171875","0.26171875","0.26171875"
"666","0.24479166666666666","0.24479166666666666","0.24479166666666666"
"667","0.2578125","0.2578125","0.2578125"
"668","0.25390625","0.25390625","0.25390625"
"669","0.26953125","0.26953125","0.26953125"
"670","0.25390625","0.25390625","0.25390625"
"671","0.2682291666666667","0.2682291666666667","0.2682291666666667"
"672","0.23307291666666666","0.23307291666666666","0.23307291666666666"
"673","0.23958333333333334","0.23958333333333334","0.23958333333333334"
"674","0.2669270833333333","0.2669270833333333","0.2669270833333333"
"675","0.24348958333333334","0.24348958333333334","0.24348958333333334"
"676","0.2565104166666667","0.2565104166666667","0.2565104166666667"
"677","0.22786458333333334","0.22786458333333334","0.22786458333333334"
"678","0.24479166666666666","0.24479166666666666","0.24479166666666666"
"679","0.25","0.25","0.25"
"680","0.2708333333333333","0.2708333333333333","0.2708333333333333"
"681","0.265625","0.265625","0.265625"
"682","0.2591145833333333","0.2591145833333333","0.2591145833333333"
"683","0.22526041666666666","0.22526041666666666","0.22526041666666666"
"684","0.23307291666666666","0.23307291666666666","0.23307291666666666"
"685","0.24869791666666666","0.24869791666666666","0.24869791666666666"
"686","0.2421875","0.2421875","0.2421875"
"687","0.22526041666666666","0.22526041666666666","0.22526041666666666"
"688","0.23307291666666666","0.23307291666666666","0.23307291666666666"
"689","0.24088541666666666","0.24088541666666666","0.24088541666666666"
"690","0.24348958333333334","0.24348958333333334","0.24348958333333334"
"691","0.23828125","0.23828125","0.23828125"
"692","0.25","0.25","0.25"
"693","0.24609375","0.24609375","0.24609375"
"694","0.2526041666666667","0.2526041666666667","0.2526041666666667"
"695","0.2421875","0.2421875","0.2421875"
"696","0.24479166666666666","0.24479166666666666","0.24479166666666666"
"697","0.2565104166666667","0.2565104166666667","0.2565104166666667"
"698","0.2591145833333333","0.2591145833333333","0.2591145833333333"
"699","0.24479166666666666","0.24479166666666666","0.24479166666666666"
"700","0.26171875","0.26171875","0.26171875"
"701","0.26953125","0.26953125","0.26953125"
"702","0.2513020833333333","0.2513020833333333","0.2513020833333333"
"703","0.24739583333333334","0.24739583333333334","0.24739583333333334"
"704","0.24869791666666666","0.24869791666666666","0.24869791666666666"
"705","0.2604166666666667","0.2604166666666667","0.2604166666666667"
"706","0.25390625","0.25390625","0.25390625"
"707","0.23828125","0.23828125","0.23828125"
"708","0.24869791666666666","0.24869791666666666","0.24869791666666666"
"709","0.23697916666666666","0.23697916666666666","0.23697916666666666"
"710","0.2565104166666667","0.2565104166666667","0.2565104166666667"
"711","0.24739583333333334","0.24739583333333334","0.24739583333333334"
"712","0.24348958333333334","0.24348958333333334","0.24348958333333334"
"713","0.2591145833333333","0.2591145833333333","0.2591145833333333"
"714","0.24479166666666666","0.24479166666666666","0.24479166666666666"
"715","0.24348958333333334","0.24348958333333334","0.24348958333333334"
"716","0.2591145833333333","0.2591145833333333","0.2591145833333333"
"717","0.234375","0.234375","0.234375"
"718","0.2578125","0.2578125","0.2578125"
"719","0.24739583333333334","0.24739583333333334","0.24739583333333334"
"720","0.2513020833333333","0.2513020833333333","0.2513020833333333"
"721","0.25","0.25","0.25"
"722","0.2565104166666667","0.2565104166666667","0.2565104166666667"
"723","0.23046875","0.23046875","0.23046875"
"724","0.24869791666666666","0.24869791666666666","0.24869791666666666"
"725","0.23697916666666666","0.23697916666666666","0.23697916666666666"
"726","0.23958333333333334","0.23958333333333334","0.23958333333333334"
"727","0.2421875","0.2421875","0.2421875"
"728","0.23958333333333334","0.23958333333333334","0.23958333333333334"
"729","0.24348958333333334","0.24348958333333334","0.24348958333333334"
"730","0.24739583333333334","0.24739583333333334","0.24739583333333334"
"731","0.2630208333333333","0.2630208333333333","0.2630208333333333"
"732","0.25","0.25","0.25"
"733","0.25390625","0.25390625","0.25390625"
"734","0.25","0.25","0.25"
"735","0.23958333333333334","0.23958333333333334","0.23958333333333334"
"736","0.2526041666666667","0.2526041666666667","0.2526041666666667"
"737","0.22786458333333334","0.22786458333333334","0.22786458333333334"
"738","0.2421875","0.2421875","0.2421875"
"739","0.25","0.25","0.25"
"740","0.23958333333333334","0.23958333333333334","0.23958333333333334"
"741","0.2591145833333333","0.2591145833333333","0.2591145833333333"
"742","0.23177083333333334","0.23177083333333334","0.23177083333333334"
"743","0.23828125","0.23828125","0.23828125"
"744","0.2604166666666667","0.2604166666666667","0.2604166666666667"
"745","0.2421875","0.2421875","0.2421875"
"746","0.24348958333333334","0.24348958333333334","0.24348958333333334"
"747","0.24739583333333334","0.24739583333333334","0.24739583333333334"
"748","0.23958333333333334","0.23958333333333334","0.23958333333333334"
"749","0.24088541666666666","0.24088541666666666","0.24088541666666666"
"750","0.24869791666666666","0.24869791666666666","0.24869791666666666"
"751","0.24348958333333334","0.24348958333333334","0.24348958333333334"
"752","0.2421875","0.2421875","0.2421875"
"753","0.23697916666666666","0.23697916666666666","0.23697916666666666"
"754","0.2513020833333333","0.2513020833333333","0.2513020833333333"
"755","0.24869791666666666","0.24869791666666666","0.24869791666666666"
"756","0.24088541666666666","0.24088541666666666","0.24088541666666666"
"757","0.24739583333333334","0.24739583333333334","0.24739583333333334"
"758","0.24088541666666666","0.24088541666666666","0.24088541666666666"
"759","0.2421875","0.2421875","0.2421875"
"760","0.24609375","0.24609375","0.24609375"
"761","0.2421875","0.2421875","0.2421875"
"762","0.24869791666666666","0.24869791666666666","0.24869791666666666"
"763","0.23828125","0.23828125","0.23828125"
"764","0.25","0.25","0.25"
"765","0.24869791666666666","0.24869791666666666","0.24869791666666666"
"766","0.24609375","0.24609375","0.24609375"
"767","0.2630208333333333","0.2630208333333333","0.2630208333333333"
"768","0.2526041666666667","0.2526041666666667","0.2526041666666667"
"769","0.2643229166666667","0.2643229166666667","0.2643229166666667"
"770","0.22526041666666666","0.22526041666666666","0.22526041666666666"
"771","0.2552083333333333","0.2552083333333333","0.2552083333333333"
"772","0.2578125","0.2578125","0.2578125"
"773","0.24479166666666666","0.24479166666666666","0.24479166666666666"
"774","0.2421875","0.2421875","0.2421875"
"775","0.24609375","0.24609375","0.24609375"
"776","0.22526041666666666","0.22526041666666666","0.22526041666666666"
"777","0.2565104166666667","0.2565104166666667","0.2565104166666667"
"778","0.2565104166666667","0.2565104166666667","0.2565104166666667"
"779","0.2513020833333333","0.2513020833333333","0.2513020833333333"
"780","0.2421875","0.2421875","0.2421875"
"781","0.25","0.25","0.25"
"782","0.24088541666666666","0.24088541666666666","0.24088541666666666"
"783","0.24609375","0.24609375","0.24609375"
"784","0.265625","0.265625","0.265625"
"785","0.2565104166666667","0.2565104166666667","0.2565104166666667"
"786","0.24088541666666666","0.24088541666666666","0.24088541666666666"
"787","0.23177083333333334","0.23177083333333334","0.23177083333333334"
"788","0.24869791666666666","0.24869791666666666","0.24869791666666666"
"789","0.265625","0.265625","0.265625"
"790","0.24479166666666666","0.24479166666666666","0.24479166666666666"
"791","0.23177083333333334","0.23177083333333334","0.23177083333333334"
"792","0.23828125","0.23828125","0.23828125"
"793","0.2552083333333333","0.2552083333333333","0.2552083333333333"
"794","0.2421875","0.2421875","0.2421875"
"795","0.22916666666666666","0.22916666666666666","0.22916666666666666"
"796","0.2565104166666667","0.2565104166666667","0.2565104166666667"
"797","0.24609375","0.24609375","0.24609375"
"798","0.25","0.25","0.25"
"799","0.23828125","0.23828125","0.23828125"
"800","0.2513020833333333","0.2513020833333333","0.2513020833333333"
"801","0.2421875","0.2421875","0.2421875"
"802","0.2526041666666667","0.2526041666666667","0.2526041666666667"
"803","0.22526041666666666","0.22526041666666666","0.22526041666666666"
"804","0.2578125","0.2578125","0.2578125"
"805","0.2669270833333333","0.2669270833333333","0.2669270833333333"
"806","0.2604166666666667","0.2604166666666667","0.2604166666666667"
"807","0.21614583333333334","0.21614583333333334","0.21614583333333334"
"808","0.2565104166666667","0.2565104166666667","0.2565104166666667"
"809","0.23177083333333334","0.23177083333333334","0.23177083333333334"
"810","0.27734375","0.27734375","0.27734375"
"811","0.23567708333333334","0.23567708333333334","0.23567708333333334"
"812","0.23177083333333334","0.23177083333333334","0.23177083333333334"
"813","0.2421875","0.2421875","0.2421875"
"814","0.24869791666666666","0.24869791666666666","0.24869791666666666"
"815","0.25390625","0.25390625","0.25390625"
"816","0.24739583333333334","0.24739583333333334","0.24739583333333334"
"817","0.2513020833333333","0.2513020833333333","0.2513020833333333"
"818","0.24609375","0.24609375","0.24609375"
"819","0.2591145833333333","0.2591145833333333","0.2591145833333333"
"820","0.24088541666666666","0.24088541666666666","0.24088541666666666"
"821","0.2265625","0.2265625","0.2265625"
"822","0.2513020833333333","0.2513020833333333","0.2513020833333333"
"823","0.22916666666666666","0.22916666666666666","0.22916666666666666"
"824","0.23567708333333334","0.23567708333333334","0.23567708333333334"
"825","0.24479166666666666","0.24479166666666666","0.24479166666666666"
"826","0.22005208333333334","0.22005208333333334","0.22005208333333334"
"827","0.24869791666666666","0.24869791666666666","0.24869791666666666"
"828","0.23828125","0.23828125","0.23828125"
"829","0.2421875","0.2421875","0.2421875"
"830","0.2421875","0.2421875","0.2421875"
"831","0.23177083333333334","0.23177083333333334","0.23177083333333334"
"832","0.23567708333333334","0.23567708333333334","0.23567708333333334"
"833","0.23697916666666666","0.23697916666666666","0.23697916666666666"
"834","0.23697916666666666","0.23697916666666666","0.23697916666666666"
"835","0.2565104166666667","0.2565104166666667","0.2565104166666667"
"836","0.24869791666666666","0.24869791666666666","0.24869791666666666"
"837","0.23697916666666666","0.23697916666666666","0.23697916666666666"
"838","0.2513020833333333","0.2513020833333333","0.2513020833333333"
"839","0.23828125","0.23828125","0.23828125"
"840","0.2565104166666667","0.2565104166666667","0.2565104166666667"
"841","0.2265625","0.2265625","0.2265625"
"842","0.24088541666666666","0.24088541666666666","0.24088541666666666"
"843","0.23828125","0.23828125","0.23828125"
"844","0.2421875","0.2421875","0.2421875"
"845","0.24088541666666666","0.24088541666666666","0.24088541666666666"
"846","0.2734375","0.2734375","0.2734375"
"847","0.24479166666666666","0.24479166666666666","0.24479166666666666"
"848","0.24609375","0.24609375","0.24609375"
"849","0.24869791666666666","0.24869791666666666","0.24869791666666666"
"850","0.23567708333333334","0.23567708333333334","0.23567708333333334"
"851","0.22916666666666666","0.22916666666666666","0.22916666666666666"
"852","0.2513020833333333","0.2513020833333333","0.2513020833333333"
"853","0.23046875","0.23046875","0.23046875"
"854","0.23177083333333334","0.23177083333333334","0.23177083333333334"
"855","0.24609375","0.24609375","0.24609375"
"856","0.24348958333333334","0.24348958333333334","0.24348958333333334"
"857","0.24609375","0.24609375","0.24609375"
"858","0.23177083333333334","0.23177083333333334","0.23177083333333334"
"859","0.23697916666666666","0.23697916666666666","0.23697916666666666"
"860","0.24479166666666666","0.24479166666666666","0.24479166666666666"
"861","0.2526041666666667","0.2526041666666667","0.2526041666666667"
"862","0.21875","0.21875","0.21875"
"863","0.23177083333333334","0.23177083333333334","0.23177083333333334"
"864","0.23828125","0.23828125","0.23828125"
"865","0.24739583333333334","0.24739583333333334","0.24739583333333334"
"866","0.25390625","0.25390625","0.25390625"
"867","0.26171875","0.26171875","0.26171875"
"868","0.2565104166666667","0.2565104166666667","0.2565104166666667"
"869","0.24088541666666666","0.24088541666666666","0.24088541666666666"
"870","0.24739583333333334","0.24739583333333334","0.24739583333333334"
"871","0.23177083333333334","0.23177083333333334","0.23177083333333334"
"872","0.24869791666666666","0.24869791666666666","0.24869791666666666"
"873","0.23828125","0.23828125","0.23828125"
"874","0.23828125","0.23828125","0.23828125"
"875","0.22786458333333334","0.22786458333333334","0.22786458333333334"
"876","0.2552083333333333","0.2552083333333333","0.2552083333333333"
"877","0.2526041666666667","0.2526041666666667","0.2526041666666667"
"878","0.2552083333333333","0.2552083333333333","0.2552083333333333"
"879","0.22916666666666666","0.22916666666666666","0.22916666666666666"
"880","0.2591145833333333","0.2591145833333333","0.2591145833333333"
"881","0.2513020833333333","0.2513020833333333","0.2513020833333333"
"882","0.2513020833333333","0.2513020833333333","0.2513020833333333"
"883","0.24869791666666666","0.24869791666666666","0.24869791666666666"
"884","0.24739583333333334","0.24739583333333334","0.24739583333333334"
"885","0.24869791666666666","0.24869791666666666","0.24869791666666666"
"886","0.23697916666666666","0.23697916666666666","0.23697916666666666"
"887","0.234375","0.234375","0.234375"
"888","0.2643229166666667","0.2643229166666667","0.2643229166666667"
"889","0.23567708333333334","0.23567708333333334","0.23567708333333334"
"890","0.25390625","0.25390625","0.25390625"
"891","0.23958333333333334","0.23958333333333334","0.23958333333333334"
"892","0.24869791666666666","0.24869791666666666","0.24869791666666666"
"893","0.23697916666666666","0.23697916666666666","0.23697916666666666"
"894","0.24088541666666666","0.24088541666666666","0.24088541666666666"
"895","0.24088541666666666","0.24088541666666666","0.24088541666666666"
"896","0.2669270833333333","0.2669270833333333","0.2669270833333333"
"897","0.2734375","0.2734375","0.2734375"
"898","0.23958333333333334","0.23958333333333334","0.23958333333333334"
"899","0.2643229166666667","0.2643229166666667","0.2643229166666667"
"900","0.2526041666666667","0.2526041666666667","0.2526041666666667"
"901","0.23177083333333334","0.23177083333333334","0.23177083333333334"
"902","0.25390625","0.25390625","0.25390625"
"903","0.2513020833333333","0.2513020833333333","0.2513020833333333"
"904","0.23958333333333334","0.23958333333333334","0.23958333333333334"
"905","0.24348958333333334","0.24348958333333334","0.24348958333333334"
"906","0.23958333333333334","0.23958333333333334","0.23958333333333334"
"907","0.2513020833333333","0.2513020833333333","0.2513020833333333"
"908","0.2513020833333333","0.2513020833333333","0.2513020833333333"
"909","0.24479166666666666","0.24479166666666666","0.24479166666666666"
"910","0.24609375","0.24609375","0.24609375"
"911","0.2265625","0.2265625","0.2265625"
"912","0.23958333333333334","0.23958333333333334","0.23958333333333334"
"913","0.23958333333333334","0.23958333333333334","0.23958333333333334"
"914","0.2565104166666667","0.2565104166666667","0.2565104166666667"
"915","0.24088541666666666","0.24088541666666666","0.24088541666666666"
"916","0.25390625","0.25390625","0.25390625"
"917","0.2526041666666667","0.2526041666666667","0.2526041666666667"
"918","0.2513020833333333","0.2513020833333333","0.2513020833333333"
"919","0.24479166666666666","0.24479166666666666","0.24479166666666666"
"920","0.2421875","0.2421875","0.2421875"
"921","0.21614583333333334","0.21614583333333334","0.21614583333333334"
"922","0.24869791666666666","0.24869791666666666","0.24869791666666666"
"923","0.23567708333333334","0.23567708333333334","0.23567708333333334"
"924","0.24479166666666666","0.24479166666666666","0.24479166666666666"
"925","0.2513020833333333","0.2513020833333333","0.2513020833333333"
"926","0.24088541666666666","0.24088541666666666","0.24088541666666666"
"927","0.24869791666666666","0.24869791666666666","0.24869791666666666"
"928","0.2526041666666667","0.2526041666666667","0.2526041666666667"
"929","0.2591145833333333","0.2591145833333333","0.2591145833333333"
"930","0.2643229166666667","0.2643229166666667","0.2643229166666667"
"931","0.25","0.25","0.25"
"932","0.234375","0.234375","0.234375"
"933","0.2643229166666667","0.2643229166666667","0.2643229166666667"
"934","0.23177083333333334","0.23177083333333334","0.23177083333333334"
"935","0.24088541666666666","0.24088541666666666","0.24088541666666666"
"936","0.2421875","0.2421875","0.2421875"
"937","0.2552083333333333","0.2552083333333333","0.2552083333333333"
"938","0.23567708333333334","0.23567708333333334","0.23567708333333334"
"939","0.23697916666666666","0.23697916666666666","0.23697916666666666"
"940","0.22265625","0.22265625","0.22265625"
"941","0.24088541666666666","0.24088541666666666","0.24088541666666666"
"942","0.2421875","0.2421875","0.2421875"
"943","0.23958333333333334","0.23958333333333334","0.23958333333333334"
"944","0.24479166666666666","0.24479166666666666","0.24479166666666666"
"945","0.23958333333333334","0.23958333333333334","0.23958333333333334"
"946","0.23828125","0.23828125","0.23828125"
"947","0.24348958333333334","0.24348958333333334","0.24348958333333334"
"948","0.2604166666666667","0.2604166666666667","0.2604166666666667"
"949","0.234375","0.234375","0.234375"
"950","0.2630208333333333","0.2630208333333333","0.2630208333333333"
"951","0.24348958333333334","0.24348958333333334","0.24348958333333334"
"952","0.23828125","0.23828125","0.23828125"
"953","0.234375","0.234375","0.234375"
"954","0.23828125","0.23828125","0.23828125"
"955","0.25390625","0.25390625","0.25390625"
"956","0.24869791666666666","0.24869791666666666","0.24869791666666666"
"957","0.25","0.25","0.25"
"958","0.24609375","0.24609375","0.24609375"
"959","0.2513020833333333","0.2513020833333333","0.2513020833333333"
"960","0.23828125","0.23828125","0.23828125"
"961","0.24348958333333334","0.24348958333333334","0.24348958333333334"
"962","0.2513020833333333","0.2513020833333333","0.2513020833333333"
"963","0.22916666666666666","0.22916666666666666","0.22916666666666666"
"964","0.23697916666666666","0.23697916666666666","0.23697916666666666"
"965","0.23828125","0.23828125","0.23828125"
"966","0.23828125","0.23828125","0.23828125"
"967","0.2630208333333333","0.2630208333333333","0.2630208333333333"
"968","0.23177083333333334","0.23177083333333334","0.23177083333333334"
"969","0.2552083333333333","0.2552083333333333","0.2552083333333333"
"970","0.24348958333333334","0.24348958333333334","0.24348958333333334"
"971","0.23697916666666666","0.23697916666666666","0.23697916666666666"
"972","0.23697916666666666","0.23697916666666666","0.23697916666666666"
"973","0.25","0.25","0.25"
"974","0.23177083333333334","0.23177083333333334","0.23177083333333334"
"975","0.2669270833333333","0.2669270833333333","0.2669270833333333"
"976","0.2552083333333333","0.2552083333333333","0.2552083333333333"
"977","0.23828125","0.23828125","0.23828125"
"978","0.2513020833333333","0.2513020833333333","0.2513020833333333"
"979","0.2630208333333333","0.2630208333333333","0.2630208333333333"
"980","0.23567708333333334","0.23567708333333334","0.23567708333333334"
"981","0.23697916666666666","0.23697916666666666","0.23697916666666666"
"982","0.2578125","0.2578125","0.2578125"
"983","0.24088541666666666","0.24088541666666666","0.24088541666666666"
"984","0.22265625","0.22265625","0.22265625"
"985","0.23697916666666666","0.23697916666666666","0.23697916666666666"
"986","0.25","0.25","0.25"
"987","0.23307291666666666","0.23307291666666666","0.23307291666666666"
"988","0.24088541666666666","0.24088541666666666","0.24088541666666666"
"989","0.2265625","0.2265625","0.2265625"
"990","0.24479166666666666","0.24479166666666666","0.24479166666666666"
"991","0.2565104166666667","0.2565104166666667","0.2565104166666667"
"992","0.23697916666666666","0.23697916666666666","0.23697916666666666"
"993","0.24479166666666666","0.24479166666666666","0.24479166666666666"
"994","0.21614583333333334","0.21614583333333334","0.21614583333333334"
"995","0.22786458333333334","0.22786458333333334","0.22786458333333334"
"996","0.23307291666666666","0.23307291666666666","0.23307291666666666"
"997","0.2421875","0.2421875","0.2421875"
"998","0.23697916666666666","0.23697916666666666","0.23697916666666666"
"999","0.24348958333333334","0.24348958333333334","0.24348958333333334"
"1000","0.23828125","0.23828125","0.23828125"
"1001","0.24869791666666666","0.24869791666666666","0.24869791666666666"
"1002","0.24479166666666666","0.24479166666666666","0.24479166666666666"
"1003","0.2421875","0.2421875","0.2421875"
"1004","0.23046875","0.23046875","0.23046875"
"1005","0.2552083333333333","0.2552083333333333","0.2552083333333333"
"1006","0.2721354166666667","0.2721354166666667","0.2721354166666667"
"1007","0.2513020833333333","0.2513020833333333","0.2513020833333333"
"1008","0.2421875","0.2421875","0.2421875"
"1009","0.24479166666666666","0.24479166666666666","0.24479166666666666"
"1010","0.24739583333333334","0.24739583333333334","0.24739583333333334"
"1011","0.23177083333333334","0.23177083333333334","0.23177083333333334"
"1012","0.24479166666666666","0.24479166666666666","0.24479166666666666"
"1013","0.2265625","0.2265625","0.2265625"
"1014","0.23307291666666666","0.23307291666666666","0.23307291666666666"
"1015","0.234375","0.234375","0.234375"
"1016","0.24739583333333334","0.24739583333333334","0.24739583333333334"
"1017","0.2552083333333333","0.2552083333333333","0.2552083333333333"
"1018","0.23958333333333334","0.23958333333333334","0.23958333333333334"
"1019","0.2643229166666667","0.2643229166666667","0.2643229166666667"
"1020","0.24869791666666666","0.24869791666666666","0.24869791666666666"
"1021","0.24739583333333334","0.24739583333333334","0.24739583333333334"
"1022","0.22526041666666666","0.22526041666666666","0.22526041666666666"
"1023","0.23307291666666666","0.23307291666666666","0.23307291666666666"
"1024","0.23958333333333334","0.23958333333333334","0.23958333333333334"
"1025","0.24479166666666666","0.24479166666666666","0.24479166666666666"
"1026","0.265625","0.265625","0.265625"
"1027","0.22786458333333334","0.22786458333333334","0.22786458333333334"
"1028","0.2565104166666667","0.2565104166666667","0.2565104166666667"
"1029","0.24869791666666666","0.24869791666666666","0.24869791666666666"
"1030","0.2682291666666667","0.2682291666666667","0.2682291666666667"
"1031","0.2591145833333333","0.2591145833333333","0.2591145833333333"
"1032","0.25390625","0.25390625","0.25390625"
"1033","0.2630208333333333","0.2630208333333333","0.2630208333333333"
"1034","0.2526041666666667","0.2526041666666667","0.2526041666666667"
"1035","0.25390625","0.25390625","0.25390625"
"1036","0.24479166666666666","0.24479166666666666","0.24479166666666666"
"1037","0.26953125","0.26953125","0.26953125"
"1038","0.24739583333333334","0.24739583333333334","0.24739583333333334"
"1039","0.2708333333333333","0.2708333333333333","0.2708333333333333"
"1040","0.2526041666666667","0.2526041666666667","0.2526041666666667"
"1041","0.22786458333333334","0.22786458333333334","0.22786458333333334"
"1042","0.23828125","0.23828125","0.23828125"
"1043","0.2591145833333333","0.2591145833333333","0.2591145833333333"
"1044","0.24479166666666666","0.24479166666666666","0.24479166666666666"
"1045","0.23307291666666666","0.23307291666666666","0.23307291666666666"
"1046","0.234375","0.234375","0.234375"
"1047","0.25","0.25","0.25"
"1048","0.24739583333333334","0.24739583333333334","0.24739583333333334"
"1049","0.24348958333333334","0.24348958333333334","0.24348958333333334"
"1050","0.24479166666666666","0.24479166666666666","0.24479166666666666"
"1051","0.23958333333333334","0.23958333333333334","0.23958333333333334"
"1052","0.265625","0.265625","0.265625"
"1053","0.24869791666666666","0.24869791666666666","0.24869791666666666"
"1054","0.24479166666666666","0.24479166666666666","0.24479166666666666"
"1055","0.2526041666666667","0.2526041666666667","0.2526041666666667"
"1056","0.24869791666666666","0.24869791666666666","0.24869791666666666"
"1057","0.22786458333333334","0.22786458333333334","0.22786458333333334"
"1058","0.23307291666666666","0.23307291666666666","0.23307291666666666"
"1059","0.2591145833333333","0.2591145833333333","0.2591145833333333"
"1060","0.23828125","0.23828125","0.23828125"
"1061","0.22786458333333334","0.22786458333333334","0.22786458333333334"
"1062","0.2565104166666667","0.2565104166666667","0.2565104166666667"
"1063","0.21875","0.21875","0.21875"
"1064","0.23828125","0.23828125","0.23828125"
"1065","0.2513020833333333","0.2513020833333333","0.2513020833333333"
"1066","0.26171875","0.26171875","0.26171875"
"1067","0.2578125","0.2578125","0.2578125"
"1068","0.24088541666666666","0.24088541666666666","0.24088541666666666"
"1069","0.24479166666666666","0.24479166666666666","0.24479166666666666"
"1070","0.24088541666666666","0.24088541666666666","0.24088541666666666"
"1071","0.2604166666666667","0.2604166666666667","0.2604166666666667"
"1072","0.24348958333333334","0.24348958333333334","0.24348958333333334"
"1073","0.2591145833333333","0.2591145833333333","0.2591145833333333"
"1074","0.24348958333333334","0.24348958333333334","0.24348958333333334"
"1075","0.24609375","0.24609375","0.24609375"
"1076","0.2552083333333333","0.2552083333333333","0.2552083333333333"
"1077","0.24348958333333334","0.24348958333333334","0.24348958333333334"
"1078","0.22786458333333334","0.22786458333333334","0.22786458333333334"
"1079","0.234375","0.234375","0.234375"
"1080","0.234375","0.234375","0.234375"
"1081","0.23828125","0.23828125","0.23828125"
"1082","0.24348958333333334","0.24348958333333334","0.24348958333333334"
"1083","0.25390625","0.25390625","0.25390625"
"1084","0.24609375","0.24609375","0.24609375"
"1085","0.23177083333333334","0.23177083333333334","0.23177083333333334"
"1086","0.24348958333333334","0.24348958333333334","0.24348958333333334"
"1087","0.24609375","0.24609375","0.24609375"
"1088","0.25390625","0.25390625","0.25390625"
"1089","0.24739583333333334","0.24739583333333334","0.24739583333333334"
"1090","0.24739583333333334","0.24739583333333334","0.24739583333333334"
"1091","0.2421875","0.2421875","0.2421875"
"1092","0.24609375","0.24609375","0.24609375"
"1093","0.24088541666666666","0.24088541666666666","0.24088541666666666"
"1094","0.22916666666666666","0.22916666666666666","0.22916666666666666"
"1095","0.23177083333333334","0.23177083333333334","0.23177083333333334"
"1096","0.2552083333333333","0.2552083333333333","0.2552083333333333"
"1097","0.24609375","0.24609375","0.24609375"
"1098","0.23307291666666666","0.23307291666666666","0.23307291666666666"
"1099","0.24479166666666666","0.24479166666666666","0.24479166666666666"
"1100","0.24609375","0.24609375","0.24609375"
"1101","0.2526041666666667","0.2526041666666667","0.2526041666666667"
"1102","0.23828125","0.23828125","0.23828125"
"1103","0.2526041666666667","0.2526041666666667","0.2526041666666667"
"1104","0.24609375","0.24609375","0.24609375"
"1105","0.2552083333333333","0.2552083333333333","0.2552083333333333"
"1106","0.2513020833333333","0.2513020833333333","0.2513020833333333"
"1107","0.25390625","0.25390625","0.25390625"
"1108","0.24869791666666666","0.24869791666666666","0.24869791666666666"
"1109","0.2526041666666667","0.2526041666666667","0.2526041666666667"
"1110","0.2421875","0.2421875","0.2421875"
"1111","0.2421875","0.2421875","0.2421875"
"1112","0.24609375","0.24609375","0.24609375"
"1113","0.24479166666666666","0.24479166666666666","0.24479166666666666"
"1114","0.24088541666666666","0.24088541666666666","0.24088541666666666"
"1115","0.24088541666666666","0.24088541666666666","0.24088541666666666"
"1116","0.2513020833333333","0.2513020833333333","0.2513020833333333"
"1117","0.2513020833333333","0.2513020833333333","0.2513020833333333"
"1118","0.22916666666666666","0.22916666666666666","0.22916666666666666"
"1119","0.24869791666666666","0.24869791666666666","0.24869791666666666"
"1120","0.25","0.25","0.25"
"1121","0.2513020833333333","0.2513020833333333","0.2513020833333333"
"1122","0.234375","0.234375","0.234375"
"1123","0.22916666666666666","0.22916666666666666","0.22916666666666666"
"1124","0.24869791666666666","0.24869791666666666","0.24869791666666666"
"1125","0.22916666666666666","0.22916666666666666","0.22916666666666666"
"1126","0.25","0.25","0.25"
"1127","0.25390625","0.25390625","0.25390625"
"1128","0.23958333333333334","0.23958333333333334","0.23958333333333334"
"1129","0.25390625","0.25390625","0.25390625"
"1130","0.24479166666666666","0.24479166666666666","0.24479166666666666"
"1131","0.24739583333333334","0.24739583333333334","0.24739583333333334"
"1132","0.2421875","0.2421875","0.2421875"
"1133","0.23307291666666666","0.23307291666666666","0.23307291666666666"
"1134","0.24479166666666666","0.24479166666666666","0.24479166666666666"
"1135","0.2565104166666667","0.2565104166666667","0.2565104166666667"
"1136","0.2669270833333333","0.2669270833333333","0.2669270833333333"
"1137","0.25390625","0.25390625","0.25390625"
"1138","0.2526041666666667","0.2526041666666667","0.2526041666666667"
"1139","0.25","0.25","0.25"
"1140","0.23567708333333334","0.23567708333333334","0.23567708333333334"
"1141","0.2604166666666667","0.2604166666666667","0.2604166666666667"
"1142","0.2526041666666667","0.2526041666666667","0.2526041666666667"
"1143","0.24479166666666666","0.24479166666666666","0.24479166666666666"
"1144","0.2591145833333333","0.2591145833333333","0.2591145833333333"
"1145","0.23828125","0.23828125","0.23828125"
"1146","0.24479166666666666","0.24479166666666666","0.24479166666666666"
"1147","0.24869791666666666","0.24869791666666666","0.24869791666666666"
"1148","0.24869791666666666","0.24869791666666666","0.24869791666666666"
"1149","0.2421875","0.2421875","0.2421875"
"1150","0.23828125","0.23828125","0.23828125"
"1151","0.2526041666666667","0.2526041666666667","0.2526041666666667"
"1152","0.24609375","0.24609375","0.24609375"
"1153","0.23567708333333334","0.23567708333333334","0.23567708333333334"
"1154","0.2421875","0.2421875","0.2421875"
"1155","0.25","0.25","0.25"
"1156","0.23307291666666666","0.23307291666666666","0.23307291666666666"
"1157","0.2513020833333333","0.2513020833333333","0.2513020833333333"
"1158","0.24869791666666666","0.24869791666666666","0.24869791666666666"
"1159","0.25","0.25","0.25"
"1160","0.23828125","0.23828125","0.23828125"
"1161","0.24609375","0.24609375","0.24609375"
"1162","0.24739583333333334","0.24739583333333334","0.24739583333333334"
"1163","0.22526041666666666","0.22526041666666666","0.22526041666666666"
"1164","0.24348958333333334","0.24348958333333334","0.24348958333333334"
"1165","0.2552083333333333","0.2552083333333333","0.2552083333333333"
"1166","0.24348958333333334","0.24348958333333334","0.24348958333333334"
"1167","0.2565104166666667","0.2565104166666667","0.2565104166666667"
"1168","0.2565104166666667","0.2565104166666667","0.2565104166666667"
"1169","0.22786458333333334","0.22786458333333334","0.22786458333333334"
"1170","0.22916666666666666","0.22916666666666666","0.22916666666666666"
"1171","0.23697916666666666","0.23697916666666666","0.23697916666666666"
"1172","0.24609375","0.24609375","0.24609375"
"1173","0.2421875","0.2421875","0.2421875"
"1174","0.23958333333333334","0.23958333333333334","0.23958333333333334"
"1175","0.23828125","0.23828125","0.23828125"
"1176","0.23567708333333334","0.23567708333333334","0.23567708333333334"
"1177","0.22526041666666666","0.22526041666666666","0.22526041666666666"
"1178","0.23958333333333334","0.23958333333333334","0.23958333333333334"
"1179","0.24609375","0.24609375","0.24609375"
"1180","0.2526041666666667","0.2526041666666667","0.2526041666666667"
"1181","0.22265625","0.22265625","0.22265625"
"1182","0.23958333333333334","0.23958333333333334","0.23958333333333334"
"1183","0.24088541666666666","0.24088541666666666","0.24088541666666666"
"1184","0.23958333333333334","0.23958333333333334","0.23958333333333334"
"1185","0.2421875","0.2421875","0.2421875"
"1186","0.23958333333333334","0.23958333333333334","0.23958333333333334"
"1187","0.25390625","0.25390625","0.25390625"
"1188","0.2513020833333333","0.2513020833333333","0.2513020833333333"
"1189","0.24739583333333334","0.24739583333333334","0.24739583333333334"
"1190","0.25390625","0.25390625","0.25390625"
"1191","0.22916666666666666","0.22916666666666666","0.22916666666666666"
"1192","0.2578125","0.2578125","0.2578125"
"1193","0.2526041666666667","0.2526041666666667","0.2526041666666667"
"1194","0.2526041666666667","0.2526041666666667","0.2526041666666667"
"1195","0.23307291666666666","0.23307291666666666","0.23307291666666666"
"1196","0.24869791666666666","0.24869791666666666","0.24869791666666666"
"1197","0.24869791666666666","0.24869791666666666","0.24869791666666666"
"1198","0.23697916666666666","0.23697916666666666","0.23697916666666666"
"1199","0.25390625","0.25390625","0.25390625"
"1200","0.24479166666666666","0.24479166666666666","0.24479166666666666"
"1201","0.24088541666666666","0.24088541666666666","0.24088541666666666"
"1202","0.24609375","0.24609375","0.24609375"
"1203","0.24479166666666666","0.24479166666666666","0.24479166666666666"
"1204","0.25390625","0.25390625","0.25390625"
"1205","0.23307291666666666","0.23307291666666666","0.23307291666666666"
"1206","0.2643229166666667","0.2643229166666667","0.2643229166666667"
"1207","0.2526041666666667","0.2526041666666667","0.2526041666666667"
"1208","0.24348958333333334","0.24348958333333334","0.24348958333333334"
"1209","0.2578125","0.2578125","0.2578125"
"1210","0.24348958333333334","0.24348958333333334","0.24348958333333334"
"1211","0.20833333333333334","0.20833333333333334","0.20833333333333334"
"1212","0.2526041666666667","0.2526041666666667","0.2526041666666667"
"1213","0.24088541666666666","0.24088541666666666","0.24088541666666666"
"1214","0.24869791666666666","0.24869791666666666","0.24869791666666666"
"1215","0.2265625","0.2265625","0.2265625"
"1216","0.22786458333333334","0.22786458333333334","0.22786458333333334"
"1217","0.23828125","0.23828125","0.23828125"
"1218","0.24739583333333334","0.24739583333333334","0.24739583333333334"
"1219","0.22135416666666666","0.22135416666666666","0.22135416666666666"
"1220","0.23307291666666666","0.23307291666666666","0.23307291666666666"
"1221","0.2526041666666667","0.2526041666666667","0.2526041666666667"
"1222","0.24348958333333334","0.24348958333333334","0.24348958333333334"
"1223","0.22005208333333334","0.22005208333333334","0.22005208333333334"
"1224","0.2526041666666667","0.2526041666666667","0.2526041666666667"
"1225","0.234375","0.234375","0.234375"
"1226","0.24479166666666666","0.24479166666666666","0.24479166666666666"
"1227","0.2265625","0.2265625","0.2265625"
"1228","0.2421875","0.2421875","0.2421875"
"1229","0.23307291666666666","0.23307291666666666","0.23307291666666666"
"1230","0.23307291666666666","0.23307291666666666","0.23307291666666666"
"1231","0.24609375","0.24609375","0.24609375"
"1232","0.24869791666666666","0.24869791666666666","0.24869791666666666"
"1233","0.22526041666666666","0.22526041666666666","0.22526041666666666"
"1234","0.24869791666666666","0.24869791666666666","0.24869791666666666"
"1235","0.25","0.25","0.25"
"1236","0.24088541666666666","0.24088541666666666","0.24088541666666666"
"1237","0.24609375","0.24609375","0.24609375"
"1238","0.24739583333333334","0.24739583333333334","0.24739583333333334"
"1239","0.24088541666666666","0.24088541666666666","0.24088541666666666"
"1240","0.22916666666666666","0.22916666666666666","0.22916666666666666"
"1241","0.24739583333333334","0.24739583333333334","0.24739583333333334"
"1242","0.22265625","0.22265625","0.22265625"
"1243","0.23177083333333334","0.23177083333333334","0.23177083333333334"
"1244","0.24609375","0.24609375","0.24609375"
"1245","0.22526041666666666","0.22526041666666666","0.22526041666666666"
"1246","0.24088541666666666","0.24088541666666666","0.24088541666666666"
"1247","0.23828125","0.23828125","0.23828125"
"1248","0.23307291666666666","0.23307291666666666","0.23307291666666666"
"1249","0.2565104166666667","0.2565104166666667","0.2565104166666667"
"1250","0.23828125","0.23828125","0.23828125"
"1251","0.24088541666666666","0.24088541666666666","0.24088541666666666"
"1252","0.23958333333333334","0.23958333333333334","0.23958333333333334"
"1253","0.23567708333333334","0.23567708333333334","0.23567708333333334"
"1254","0.23567708333333334","0.23567708333333334","0.23567708333333334"
"1255","0.23177083333333334","0.23177083333333334","0.23177083333333334"
"1256","0.23697916666666666","0.23697916666666666","0.23697916666666666"
"1257","0.25390625","0.25390625","0.25390625"
"1258","0.2421875","0.2421875","0.2421875"
"1259","0.22526041666666666","0.22526041666666666","0.22526041666666666"
"1260","0.24739583333333334","0.24739583333333334","0.24739583333333334"
"1261","0.23958333333333334","0.23958333333333334","0.23958333333333334"
"1262","0.24869791666666666","0.24869791666666666","0.24869791666666666"
"1263","0.24609375","0.24609375","0.24609375"
"1264","0.22916666666666666","0.22916666666666666","0.22916666666666666"
"1265","0.23697916666666666","0.23697916666666666","0.23697916666666666"
"1266","0.22786458333333334","0.22786458333333334","0.22786458333333334"
"1267","0.24088541666666666","0.24088541666666666","0.24088541666666666"
"1268","0.21875","0.21875","0.21875"
"1269","0.24869791666666666","0.24869791666666666","0.24869791666666666"
"1270","0.2526041666666667","0.2526041666666667","0.2526041666666667"
"1271","0.2421875","0.2421875","0.2421875"
"1272","0.22265625","0.22265625","0.22265625"
"1273","0.23828125","0.23828125","0.23828125"
"1274","0.23567708333333334","0.23567708333333334","0.23567708333333334"
"1275","0.24739583333333334","0.24739583333333334","0.24739583333333334"
"1276","0.24088541666666666","0.24088541666666666","0.24088541666666666"
"1277","0.24088541666666666","0.24088541666666666","0.24088541666666666"
"1278","0.24869791666666666","0.24869791666666666","0.24869791666666666"
"1279","0.25","0.25","0.25"
"1280","0.22526041666666666","0.22526041666666666","0.22526041666666666"
"1281","0.2513020833333333","0.2513020833333333","0.2513020833333333"
"1282","0.25","0.25","0.25"
"1283","0.2630208333333333","0.2630208333333333","0.2630208333333333"
"1284","0.2421875","0.2421875","0.2421875"
"1285","0.2552083333333333","0.2552083333333333","0.2552083333333333"
"1286","0.23958333333333334","0.23958333333333334","0.23958333333333334"
"1287","0.23958333333333334","0.23958333333333334","0.23958333333333334"
"1288","0.23177083333333334","0.23177083333333334","0.23177083333333334"
"1289","0.2526041666666667","0.2526041666666667","0.2526041666666667"
"1290","0.2265625","0.2265625","0.2265625"
"1291","0.23697916666666666","0.23697916666666666","0.23697916666666666"
"1292","0.2630208333333333","0.2630208333333333","0.2630208333333333"
"1293","0.23697916666666666","0.23697916666666666","0.23697916666666666"
"1294","0.24869791666666666","0.24869791666666666","0.24869791666666666"
"1295","0.24479166666666666","0.24479166666666666","0.24479166666666666"
"1296","0.2630208333333333","0.2630208333333333","0.2630208333333333"
"1297","0.2421875","0.2421875","0.2421875"
"1298","0.22786458333333334","0.22786458333333334","0.22786458333333334"
"1299","0.23046875","0.23046875","0.23046875"
"1300","0.20442708333333334","0.20442708333333334","0.20442708333333334"
"1301","0.23697916666666666","0.23697916666666666","0.23697916666666666"
"1302","0.25","0.25","0.25"
"1303","0.23828125","0.23828125","0.23828125"
"1304","0.24609375","0.24609375","0.24609375"
"1305","0.234375","0.234375","0.234375"
"1306","0.24348958333333334","0.24348958333333334","0.24348958333333334"
"1307","0.2526041666666667","0.2526041666666667","0.2526041666666667"
"1308","0.24348958333333334","0.24348958333333334","0.24348958333333334"
"1309","0.24088541666666666","0.24088541666666666","0.24088541666666666"
"1310","0.24348958333333334","0.24348958333333334","0.24348958333333334"
"1311","0.234375","0.234375","0.234375"
"1312","0.23958333333333334","0.23958333333333334","0.23958333333333334"
"1313","0.22005208333333334","0.22005208333333334","0.22005208333333334"
"1314","0.24869791666666666","0.24869791666666666","0.24869791666666666"
"1315","0.25","0.25","0.25"
"1316","0.22786458333333334","0.22786458333333334","0.22786458333333334"
"1317","0.2591145833333333","0.2591145833333333","0.2591145833333333"
"1318","0.25","0.25","0.25"
"1319","0.2513020833333333","0.2513020833333333","0.2513020833333333"
"1320","0.25390625","0.25390625","0.25390625"
"1321","0.23958333333333334","0.23958333333333334","0.23958333333333334"
"1322","0.22526041666666666","0.22526041666666666","0.22526041666666666"
"1323","0.20963541666666666","0.20963541666666666","0.20963541666666666"
"1324","0.24348958333333334","0.24348958333333334","0.24348958333333334"
"1325","0.24869791666666666","0.24869791666666666","0.24869791666666666"
"1326","0.24479166666666666","0.24479166666666666","0.24479166666666666"
"1327","0.24609375","0.24609375","0.24609375"
"1328","0.22265625","0.22265625","0.22265625"
"1329","0.22786458333333334","0.22786458333333334","0.22786458333333334"
"1330","0.23958333333333334","0.23958333333333334","0.23958333333333334"
"1331","0.24088541666666666","0.24088541666666666","0.24088541666666666"
"1332","0.24869791666666666","0.24869791666666666","0.24869791666666666"
"1333","0.23828125","0.23828125","0.23828125"
"1334","0.22916666666666666","0.22916666666666666","0.22916666666666666"
"1335","0.23697916666666666","0.23697916666666666","0.23697916666666666"
"1336","0.22265625","0.22265625","0.22265625"
"1337","0.22916666666666666","0.22916666666666666","0.22916666666666666"
"1338","0.2526041666666667","0.2526041666666667","0.2526041666666667"
"1339","0.23958333333333334","0.23958333333333334","0.23958333333333334"
"1340","0.2421875","0.2421875","0.2421875"
"1341","0.24088541666666666","0.24088541666666666","0.24088541666666666"
"1342","0.24869791666666666","0.24869791666666666","0.24869791666666666"
"1343","0.24479166666666666","0.24479166666666666","0.24479166666666666"
"1344","0.23046875","0.23046875","0.23046875"
"1345","0.234375","0.234375","0.234375"
"1346","0.2578125","0.2578125","0.2578125"
"1347","0.25","0.25","0.25"
"1348","0.23958333333333334","0.23958333333333334","0.23958333333333334"
"1349","0.24088541666666666","0.24088541666666666","0.24088541666666666"
"1350","0.25","0.25","0.25"
"1351","0.23046875","0.23046875","0.23046875"
"1352","0.2421875","0.2421875","0.2421875"
"1353","0.24869791666666666","0.24869791666666666","0.24869791666666666"
"1354","0.24739583333333334","0.24739583333333334","0.24739583333333334"
"1355","0.2552083333333333","0.2552083333333333","0.2552083333333333"
"1356","0.25390625","0.25390625","0.25390625"
"1357","0.2578125","0.2578125","0.2578125"
"1358","0.23697916666666666","0.23697916666666666","0.23697916666666666"
"1359","0.2265625","0.2265625","0.2265625"
"1360","0.23697916666666666","0.23697916666666666","0.23697916666666666"
"1361","0.23828125","0.23828125","0.23828125"
"1362","0.25","0.25","0.25"
"1363","0.23177083333333334","0.23177083333333334","0.23177083333333334"
"1364","0.23177083333333334","0.23177083333333334","0.23177083333333334"
"1365","0.234375","0.234375","0.234375"
"1366","0.23177083333333334","0.23177083333333334","0.23177083333333334"
"1367","0.22786458333333334","0.22786458333333334","0.22786458333333334"
"1368","0.23046875","0.23046875","0.23046875"
"1369","0.24348958333333334","0.24348958333333334","0.24348958333333334"
"1370","0.21744791666666666","0.21744791666666666","0.21744791666666666"
"1371","0.24609375","0.24609375","0.24609375"
"1372","0.24739583333333334","0.24739583333333334","0.24739583333333334"
"1373","0.24739583333333334","0.24739583333333334","0.24739583333333334"
"1374","0.23958333333333334","0.23958333333333334","0.23958333333333334"
"1375","0.2682291666666667","0.2682291666666667","0.2682291666666667"
"1376","0.2421875","0.2421875","0.2421875"
"1377","0.23177083333333334","0.23177083333333334","0.23177083333333334"
"1378","0.22395833333333334","0.22395833333333334","0.22395833333333334"
"1379","0.24609375","0.24609375","0.24609375"
"1380","0.24088541666666666","0.24088541666666666","0.24088541666666666"
"1381","0.23177083333333334","0.23177083333333334","0.23177083333333334"
"1382","0.2604166666666667","0.2604166666666667","0.2604166666666667"
"1383","0.23046875","0.23046875","0.23046875"
"1384","0.23307291666666666","0.23307291666666666","0.23307291666666666"
"1385","0.25","0.25","0.25"
"1386","0.2421875","0.2421875","0.2421875"
"1387","0.2513020833333333","0.2513020833333333","0.2513020833333333"
"1388","0.24739583333333334","0.24739583333333334","0.24739583333333334"
"1389","0.23177083333333334","0.23177083333333334","0.23177083333333334"
"1390","0.24088541666666666","0.24088541666666666","0.24088541666666666"
"1391","0.2669270833333333","0.2669270833333333","0.2669270833333333"
"1392","0.24739583333333334","0.24739583333333334","0.24739583333333334"
"1393","0.23307291666666666","0.23307291666666666","0.23307291666666666"
"1394","0.23828125","0.23828125","0.23828125"
"1395","0.2578125","0.2578125","0.2578125"
"1396","0.2565104166666667","0.2565104166666667","0.2565104166666667"
"1397","0.2591145833333333","0.2591145833333333","0.2591145833333333"
"1398","0.24088541666666666","0.24088541666666666","0.24088541666666666"
"1399","0.24348958333333334","0.24348958333333334","0.24348958333333334"
"1400","0.25390625","0.25390625","0.25390625"
"1401","0.2526041666666667","0.2526041666666667","0.2526041666666667"
"1402","0.23177083333333334","0.23177083333333334","0.23177083333333334"
"1403","0.23046875","0.23046875","0.23046875"
"1404","0.26171875","0.26171875","0.26171875"
"1405","0.23697916666666666","0.23697916666666666","0.23697916666666666"
"1406","0.2552083333333333","0.2552083333333333","0.2552083333333333"
"1407","0.24479166666666666","0.24479166666666666","0.24479166666666666"
"1408","0.24088541666666666","0.24088541666666666","0.24088541666666666"
"1409","0.25","0.25","0.25"
"1410","0.24479166666666666","0.24479166666666666","0.24479166666666666"
"1411","0.234375","0.234375","0.234375"
"1412","0.22786458333333334","0.22786458333333334","0.22786458333333334"
"1413","0.2669270833333333","0.2669270833333333","0.2669270833333333"
"1414","0.2421875","0.2421875","0.2421875"
"1415","0.23828125","0.23828125","0.23828125"
"1416","0.24609375","0.24609375","0.24609375"
"1417","0.25","0.25","0.25"
"1418","0.23567708333333334","0.23567708333333334","0.23567708333333334"
"1419","0.24479166666666666","0.24479166666666666","0.24479166666666666"
"1420","0.2578125","0.2578125","0.2578125"
"1421","0.23307291666666666","0.23307291666666666","0.23307291666666666"
"1422","0.23958333333333334","0.23958333333333334","0.23958333333333334"
"1423","0.21875","0.21875","0.21875"
"1424","0.24609375","0.24609375","0.24609375"
"1425","0.2591145833333333","0.2591145833333333","0.2591145833333333"
"1426","0.24348958333333334","0.24348958333333334","0.24348958333333334"
"1427","0.22786458333333334","0.22786458333333334","0.22786458333333334"
"1428","0.23828125","0.23828125","0.23828125"
"1429","0.24739583333333334","0.24739583333333334","0.24739583333333334"
"1430","0.234375","0.234375","0.234375"
"1431","0.2630208333333333","0.2630208333333333","0.2630208333333333"
"1432","0.24609375","0.24609375","0.24609375"
"1433","0.22135416666666666","0.22135416666666666","0.22135416666666666"
"1434","0.23828125","0.23828125","0.23828125"
"1435","0.2513020833333333","0.2513020833333333","0.2513020833333333"
"1436","0.23958333333333334","0.23958333333333334","0.23958333333333334"
"1437","0.24088541666666666","0.24088541666666666","0.24088541666666666"
"1438","0.22135416666666666","0.22135416666666666","0.22135416666666666"
"1439","0.23958333333333334","0.23958333333333334","0.23958333333333334"
"1440","0.24739583333333334","0.24739583333333334","0.24739583333333334"
"1441","0.2526041666666667","0.2526041666666667","0.2526041666666667"
"1442","0.23697916666666666","0.23697916666666666","0.23697916666666666"
"1443","0.23697916666666666","0.23697916666666666","0.23697916666666666"
"1444","0.2526041666666667","0.2526041666666667","0.2526041666666667"
"1445","0.25","0.25","0.25"
"1446","0.2421875","0.2421875","0.2421875"
"1447","0.22916666666666666","0.22916666666666666","0.22916666666666666"
"1448","0.2265625","0.2265625","0.2265625"
"1449","0.23697916666666666","0.23697916666666666","0.23697916666666666"
"1450","0.22395833333333334","0.22395833333333334","0.22395833333333334"
"1451","0.24609375","0.24609375","0.24609375"
"1452","0.2643229166666667","0.2643229166666667","0.2643229166666667"
"1453","0.24088541666666666","0.24088541666666666","0.24088541666666666"
"1454","0.23958333333333334","0.23958333333333334","0.23958333333333334"
"1455","0.2265625","0.2265625","0.2265625"
"1456","0.22526041666666666","0.22526041666666666","0.22526041666666666"
"1457","0.2421875","0.2421875","0.2421875"
"1458","0.2513020833333333","0.2513020833333333","0.2513020833333333"
"1459","0.23177083333333334","0.23177083333333334","0.23177083333333334"
"1460","0.24348958333333334","0.24348958333333334","0.24348958333333334"
"1461","0.21354166666666666","0.21354166666666666","0.21354166666666666"
"1462","0.2265625","0.2265625","0.2265625"
"1463","0.23307291666666666","0.23307291666666666","0.23307291666666666"
"1464","0.2604166666666667","0.2604166666666667","0.2604166666666667"
"1465","0.23828125","0.23828125","0.23828125"
"1466","0.2526041666666667","0.2526041666666667","0.2526041666666667"
"1467","0.24479166666666666","0.24479166666666666","0.24479166666666666"
"1468","0.265625","0.265625","0.265625"
"1469","0.22916666666666666","0.22916666666666666","0.22916666666666666"
"1470","0.2265625","0.2265625","0.2265625"
"1471","0.2552083333333333","0.2552083333333333","0.2552083333333333"
"1472","0.25390625","0.25390625","0.25390625"
"1473","0.25390625","0.25390625","0.25390625"
"1474","0.23828125","0.23828125","0.23828125"
"1475","0.24739583333333334","0.24739583333333334","0.24739583333333334"
"1476","0.25","0.25","0.25"
"1477","0.23958333333333334","0.23958333333333334","0.23958333333333334"
"1478","0.22526041666666666","0.22526041666666666","0.22526041666666666"
"1479","0.23697916666666666","0.23697916666666666","0.23697916666666666"
"1480","0.23697916666666666","0.23697916666666666","0.23697916666666666"
"1481","0.23567708333333334","0.23567708333333334","0.23567708333333334"
"1482","0.24479166666666666","0.24479166666666666","0.24479166666666666"
"1483","0.24609375","0.24609375","0.24609375"
"1484","0.234375","0.234375","0.234375"
"1485","0.23958333333333334","0.23958333333333334","0.23958333333333334"
"1486","0.23958333333333334","0.23958333333333334","0.23958333333333334"
"1487","0.23177083333333334","0.23177083333333334","0.23177083333333334"
"1488","0.2526041666666667","0.2526041666666667","0.2526041666666667"
"1489","0.2552083333333333","0.2552083333333333","0.2552083333333333"
"1490","0.24479166666666666","0.24479166666666666","0.24479166666666666"
"1491","0.22916666666666666","0.22916666666666666","0.22916666666666666"
"1492","0.2578125","0.2578125","0.2578125"
"1493","0.24609375","0.24609375","0.24609375"
"1494","0.25","0.25","0.25"
"1495","0.2565104166666667","0.2565104166666667","0.2565104166666667"
"1496","0.2552083333333333","0.2552083333333333","0.2552083333333333"
"1497","0.2421875","0.2421875","0.2421875"
"1498","0.24479166666666666","0.24479166666666666","0.24479166666666666"
"1499","0.23958333333333334","0.23958333333333334","0.23958333333333334"
"1500","0.23958333333333334","0.23958333333333334","0.23958333333333334"
"1501","0.2421875","0.2421875","0.2421875"
"1502","0.24479166666666666","0.24479166666666666","0.24479166666666666"
"1503","0.23177083333333334","0.23177083333333334","0.23177083333333334"
"1504","0.24739583333333334","0.24739583333333334","0.24739583333333334"
"1505","0.24088541666666666","0.24088541666666666","0.24088541666666666"
"1506","0.24609375","0.24609375","0.24609375"
"1507","0.23828125","0.23828125","0.23828125"
"1508","0.23046875","0.23046875","0.23046875"
"1509","0.234375","0.234375","0.234375"
"1510","0.2604166666666667","0.2604166666666667","0.2604166666666667"
"1511","0.24869791666666666","0.24869791666666666","0.24869791666666666"
"1512","0.24869791666666666","0.24869791666666666","0.24869791666666666"
"1513","0.21484375","0.21484375","0.21484375"
"1514","0.2421875","0.2421875","0.2421875"
"1515","0.2578125","0.2578125","0.2578125"
"1516","0.25","0.25","0.25"
"1517","0.25390625","0.25390625","0.25390625"
"1518","0.234375","0.234375","0.234375"
"1519","0.2669270833333333","0.2669270833333333","0.2669270833333333"
"1520","0.2604166666666667","0.2604166666666667","0.2604166666666667"
"1521","0.23828125","0.23828125","0.23828125"
"1522","0.22395833333333334","0.22395833333333334","0.22395833333333334"
"1523","0.24348958333333334","0.24348958333333334","0.24348958333333334"
"1524","0.24088541666666666","0.24088541666666666","0.24088541666666666"
"1525","0.24869791666666666","0.24869791666666666","0.24869791666666666"
"1526","0.24088541666666666","0.24088541666666666","0.24088541666666666"
"1527","0.23828125","0.23828125","0.23828125"
"1528","0.2421875","0.2421875","0.2421875"
"1529","0.24739583333333334","0.24739583333333334","0.24739583333333334"
"1530","0.23828125","0.23828125","0.23828125"
"1531","0.26171875","0.26171875","0.26171875"
"1532","0.24479166666666666","0.24479166666666666","0.24479166666666666"
"1533","0.24348958333333334","0.24348958333333334","0.24348958333333334"
"1534","0.23046875","0.23046875","0.23046875"
"1535","0.23567708333333334","0.23567708333333334","0.23567708333333334"
"1536","0.24869791666666666","0.24869791666666666","0.24869791666666666"
"1537","0.24479166666666666","0.24479166666666666","0.24479166666666666"
"1538","0.24348958333333334","0.24348958333333334","0.24348958333333334"
"1539","0.22005208333333334","0.22005208333333334","0.22005208333333334"
"1540","0.24869791666666666","0.24869791666666666","0.24869791666666666"
"1541","0.234375","0.234375","0.234375"
"1542","0.24088541666666666","0.24088541666666666","0.24088541666666666"
"1543","0.24869791666666666","0.24869791666666666","0.24869791666666666"
"1544","0.24479166666666666","0.24479166666666666","0.24479166666666666"
"1545","0.24869791666666666","0.24869791666666666","0.24869791666666666"
"1546","0.23958333333333334","0.23958333333333334","0.23958333333333334"
"1547","0.23697916666666666","0.23697916666666666","0.23697916666666666"
"1548","0.23046875","0.23046875","0.23046875"
"1549","0.2265625","0.2265625","0.2265625"
"1550","0.24739583333333334","0.24739583333333334","0.24739583333333334"
"1551","0.25390625","0.25390625","0.25390625"
"1552","0.22526041666666666","0.22526041666666666","0.22526041666666666"
"1553","0.24479166666666666","0.24479166666666666","0.24479166666666666"
"1554","0.23697916666666666","0.23697916666666666","0.23697916666666666"
"1555","0.23567708333333334","0.23567708333333334","0.23567708333333334"
"1556","0.2604166666666667","0.2604166666666667","0.2604166666666667"
"1557","0.24609375","0.24609375","0.24609375"
"1558","0.24479166666666666","0.24479166666666666","0.24479166666666666"
"1559","0.24869791666666666","0.24869791666666666","0.24869791666666666"
"1560","0.22786458333333334","0.22786458333333334","0.22786458333333334"
"1561","0.23307291666666666","0.23307291666666666","0.23307291666666666"
"1562","0.23177083333333334","0.23177083333333334","0.23177083333333334"
"1563","0.23177083333333334","0.23177083333333334","0.23177083333333334"
"1564","0.23567708333333334","0.23567708333333334","0.23567708333333334"
"1565","0.25390625","0.25390625","0.25390625"
"1566","0.2526041666666667","0.2526041666666667","0.2526041666666667"
"1567","0.24609375","0.24609375","0.24609375"
"1568","0.22786458333333334","0.22786458333333334","0.22786458333333334"
"1569","0.23567708333333334","0.23567708333333334","0.23567708333333334"
"1570","0.25390625","0.25390625","0.25390625"
"1571","0.23046875","0.23046875","0.23046875"
"1572","0.24479166666666666","0.24479166666666666","0.24479166666666666"
"1573","0.24348958333333334","0.24348958333333334","0.24348958333333334"
"1574","0.23828125","0.23828125","0.23828125"
"1575","0.23958333333333334","0.23958333333333334","0.23958333333333334"
"1576","0.24088541666666666","0.24088541666666666","0.24088541666666666"
"1577","0.23697916666666666","0.23697916666666666","0.23697916666666666"
"1578","0.25","0.25","0.25"
"1579","0.24609375","0.24609375","0.24609375"
"1580","0.23046875","0.23046875","0.23046875"
"1581","0.21744791666666666","0.21744791666666666","0.21744791666666666"
"1582","0.2552083333333333","0.2552083333333333","0.2552083333333333"
"1583","0.23958333333333334","0.23958333333333334","0.23958333333333334"
"1584","0.24479166666666666","0.24479166666666666","0.24479166666666666"
"1585","0.23567708333333334","0.23567708333333334","0.23567708333333334"
"1586","0.234375","0.234375","0.234375"
"1587","0.2591145833333333","0.2591145833333333","0.2591145833333333"
"1588","0.2552083333333333","0.2552083333333333","0.2552083333333333"
"1589","0.2513020833333333","0.2513020833333333","0.2513020833333333"
"1590","0.24869791666666666","0.24869791666666666","0.24869791666666666"
"1591","0.23307291666666666","0.23307291666666666","0.23307291666666666"
"1592","0.2578125","0.2578125","0.2578125"
"1593","0.24479166666666666","0.24479166666666666","0.24479166666666666"
"1594","0.2578125","0.2578125","0.2578125"
"1595","0.24479166666666666","0.24479166666666666","0.24479166666666666"
"1596","0.24869791666666666","0.24869791666666666","0.24869791666666666"
"1597","0.23046875","0.23046875","0.23046875"
"1598","0.23958333333333334","0.23958333333333334","0.23958333333333334"
"1599","0.2552083333333333","0.2552083333333333","0.2552083333333333"
"1600","0.26171875","0.26171875","0.26171875"
"1601","0.24088541666666666","0.24088541666666666","0.24088541666666666"
"1602","0.24479166666666666","0.24479166666666666","0.24479166666666666"
"1603","0.22005208333333334","0.22005208333333334","0.22005208333333334"
"1604","0.23828125","0.23828125","0.23828125"
"1605","0.2265625","0.2265625","0.2265625"
"1606","0.22786458333333334","0.22786458333333334","0.22786458333333334"
"1607","0.24348958333333334","0.24348958333333334","0.24348958333333334"
"1608","0.23697916666666666","0.23697916666666666","0.23697916666666666"
"1609","0.22526041666666666","0.22526041666666666","0.22526041666666666"
"1610","0.2604166666666667","0.2604166666666667","0.2604166666666667"
"1611","0.22395833333333334","0.22395833333333334","0.22395833333333334"
"1612","0.26953125","0.26953125","0.26953125"
"1613","0.23046875","0.23046875","0.23046875"
"1614","0.2513020833333333","0.2513020833333333","0.2513020833333333"
"1615","0.23958333333333334","0.23958333333333334","0.23958333333333334"
"1616","0.2421875","0.2421875","0.2421875"
"1617","0.23958333333333334","0.23958333333333334","0.23958333333333334"
"1618","0.23828125","0.23828125","0.23828125"
"1619","0.24479166666666666","0.24479166666666666","0.24479166666666666"
"1620","0.24479166666666666","0.24479166666666666","0.24479166666666666"
"1621","0.22395833333333334","0.22395833333333334","0.22395833333333334"
"1622","0.21744791666666666","0.21744791666666666","0.21744791666666666"
"1623","0.24348958333333334","0.24348958333333334","0.24348958333333334"
"1624","0.2591145833333333","0.2591145833333333","0.2591145833333333"
"1625","0.24348958333333334","0.24348958333333334","0.24348958333333334"
"1626","0.22526041666666666","0.22526041666666666","0.22526041666666666"
"1627","0.22265625","0.22265625","0.22265625"
"1628","0.2421875","0.2421875","0.2421875"
"1629","0.21223958333333334","0.21223958333333334","0.21223958333333334"
"1630","0.23307291666666666","0.23307291666666666","0.23307291666666666"
"1631","0.25","0.25","0.25"
"1632","0.23177083333333334","0.23177083333333334","0.23177083333333334"
"1633","0.2669270833333333","0.2669270833333333","0.2669270833333333"
"1634","0.2578125","0.2578125","0.2578125"
"1635","0.24869791666666666","0.24869791666666666","0.24869791666666666"
"1636","0.23958333333333334","0.23958333333333334","0.23958333333333334"
"1637","0.2421875","0.2421875","0.2421875"
"1638","0.2109375","0.2109375","0.2109375"
"1639","0.24609375","0.24609375","0.24609375"
"1640","0.234375","0.234375","0.234375"
"1641","0.22916666666666666","0.22916666666666666","0.22916666666666666"
"1642","0.2526041666666667","0.2526041666666667","0.2526041666666667"
"1643","0.23958333333333334","0.23958333333333334","0.23958333333333334"
"1644","0.234375","0.234375","0.234375"
"1645","0.22265625","0.22265625","0.22265625"
"1646","0.24348958333333334","0.24348958333333334","0.24348958333333334"
"1647","0.2682291666666667","0.2682291666666667","0.2682291666666667"
"1648","0.25","0.25","0.25"
"1649","0.23307291666666666","0.23307291666666666","0.23307291666666666"
"1650","0.23307291666666666","0.23307291666666666","0.23307291666666666"
"1651","0.23046875","0.23046875","0.23046875"
"1652","0.23958333333333334","0.23958333333333334","0.23958333333333334"
"1653","0.24869791666666666","0.24869791666666666","0.24869791666666666"
"1654","0.234375","0.234375","0.234375"
"1655","0.24348958333333334","0.24348958333333334","0.24348958333333334"
"1656","0.24739583333333334","0.24739583333333334","0.24739583333333334"
"1657","0.24088541666666666","0.24088541666666666","0.24088541666666666"
"1658","0.2513020833333333","0.2513020833333333","0.2513020833333333"
"1659","0.23177083333333334","0.23177083333333334","0.23177083333333334"
"1660","0.24479166666666666","0.24479166666666666","0.24479166666666666"
"1661","0.2265625","0.2265625","0.2265625"
"1662","0.25390625","0.25390625","0.25390625"
"1663","0.24869791666666666","0.24869791666666666","0.24869791666666666"
"1664","0.24479166666666666","0.24479166666666666","0.24479166666666666"
"1665","0.24088541666666666","0.24088541666666666","0.24088541666666666"
"1666","0.24739583333333334","0.24739583333333334","0.24739583333333334"
"1667","0.2421875","0.2421875","0.2421875"
"1668","0.22916666666666666","0.22916666666666666","0.22916666666666666"
"1669","0.234375","0.234375","0.234375"
"1670","0.2526041666666667","0.2526041666666667","0.2526041666666667"
"1671","0.23958333333333334","0.23958333333333334","0.23958333333333334"
"1672","0.2630208333333333","0.2630208333333333","0.2630208333333333"
"1673","0.2421875","0.2421875","0.2421875"
"1674","0.2630208333333333","0.2630208333333333","0.2630208333333333"
"1675","0.25390625","0.25390625","0.25390625"
"1676","0.24739583333333334","0.24739583333333334","0.24739583333333334"
"1677","0.22526041666666666","0.22526041666666666","0.22526041666666666"
"1678","0.24869791666666666","0.24869791666666666","0.24869791666666666"
"1679","0.23828125","0.23828125","0.23828125"
"1680","0.25390625","0.25390625","0.25390625"
"1681","0.2552083333333333","0.2552083333333333","0.2552083333333333"
"1682","0.22916666666666666","0.22916666666666666","0.22916666666666666"
"1683","0.24088541666666666","0.24088541666666666","0.24088541666666666"
"1684","0.23828125","0.23828125","0.23828125"
"1685","0.24739583333333334","0.24739583333333334","0.24739583333333334"
"1686","0.234375","0.234375","0.234375"
"1687","0.23177083333333334","0.23177083333333334","0.23177083333333334"
"1688","0.2526041666666667","0.2526041666666667","0.2526041666666667"
"1689","0.23046875","0.23046875","0.23046875"
"1690","0.25","0.25","0.25"
"1691","0.265625","0.265625","0.265625"
"1692","0.23697916666666666","0.23697916666666666","0.23697916666666666"
"1693","0.22916666666666666","0.22916666666666666","0.22916666666666666"
"1694","0.24088541666666666","0.24088541666666666","0.24088541666666666"
"1695","0.2565104166666667","0.2565104166666667","0.2565104166666667"
"1696","0.24479166666666666","0.24479166666666666","0.24479166666666666"
"1697","0.24609375","0.24609375","0.24609375"
"1698","0.24348958333333334","0.24348958333333334","0.24348958333333334"
"1699","0.25390625","0.25390625","0.25390625"
"1700","0.24609375","0.24609375","0.24609375"
"1701","0.234375","0.234375","0.234375"
"1702","0.2265625","0.2265625","0.2265625"
"1703","0.2513020833333333","0.2513020833333333","0.2513020833333333"
"1704","0.24348958333333334","0.24348958333333334","0.24348958333333334"
"1705","0.2630208333333333","0.2630208333333333","0.2630208333333333"
"1706","0.23307291666666666","0.23307291666666666","0.23307291666666666"
"1707","0.24479166666666666","0.24479166666666666","0.24479166666666666"
"1708","0.2526041666666667","0.2526041666666667","0.2526041666666667"
"1709","0.24739583333333334","0.24739583333333334","0.24739583333333334"
"1710","0.24869791666666666","0.24869791666666666","0.24869791666666666"
"1711","0.24479166666666666","0.24479166666666666","0.24479166666666666"
"1712","0.24869791666666666","0.24869791666666666","0.24869791666666666"
"1713","0.2109375","0.2109375","0.2109375"
"1714","0.23177083333333334","0.23177083333333334","0.23177083333333334"
"1715","0.24479166666666666","0.24479166666666666","0.24479166666666666"
"1716","0.25","0.25","0.25"
"1717","0.23046875","0.23046875","0.23046875"
"1718","0.2265625","0.2265625","0.2265625"
"1719","0.22786458333333334","0.22786458333333334","0.22786458333333334"
"1720","0.234375","0.234375","0.234375"
"1721","0.24348958333333334","0.24348958333333334","0.24348958333333334"
"1722","0.23828125","0.23828125","0.23828125"
"1723","0.22265625","0.22265625","0.22265625"
"1724","0.23697916666666666","0.23697916666666666","0.23697916666666666"
"1725","0.24739583333333334","0.24739583333333334","0.24739583333333334"
"1726","0.24088541666666666","0.24088541666666666","0.24088541666666666"
"1727","0.24739583333333334","0.24739583333333334","0.24739583333333334"
"1728","0.23307291666666666","0.23307291666666666","0.23307291666666666"
"1729","0.24479166666666666","0.24479166666666666","0.24479166666666666"
"1730","0.22005208333333334","0.22005208333333334","0.22005208333333334"
"1731","0.2552083333333333","0.2552083333333333","0.2552083333333333"
"1732","0.24739583333333334","0.24739583333333334","0.24739583333333334"
"1733","0.24609375","0.24609375","0.24609375"
"1734","0.24479166666666666","0.24479166666666666","0.24479166666666666"
"1735","0.2265625","0.2265625","0.2265625"
"1736","0.24869791666666666","0.24869791666666666","0.24869791666666666"
"1737","0.2552083333333333","0.2552083333333333","0.2552083333333333"
"1738","0.2513020833333333","0.2513020833333333","0.2513020833333333"
"1739","0.24609375","0.24609375","0.24609375"
"1740","0.22786458333333334","0.22786458333333334","0.22786458333333334"
"1741","0.24088541666666666","0.24088541666666666","0.24088541666666666"
"1742","0.22526041666666666","0.22526041666666666","0.22526041666666666"
"1743","0.2265625","0.2265625","0.2265625"
"1744","0.23567708333333334","0.23567708333333334","0.23567708333333334"
"1745","0.22916666666666666","0.22916666666666666","0.22916666666666666"
"1746","0.24609375","0.24609375","0.24609375"
"1747","0.25390625","0.25390625","0.25390625"
"1748","0.234375","0.234375","0.234375"
"1749","0.234375","0.234375","0.234375"
"1750","0.23697916666666666","0.23697916666666666","0.23697916666666666"
"1751","0.24869791666666666","0.24869791666666666","0.24869791666666666"
"1752","0.22395833333333334","0.22395833333333334","0.22395833333333334"
"1753","0.21354166666666666","0.21354166666666666","0.21354166666666666"
"1754","0.24739583333333334","0.24739583333333334","0.24739583333333334"
"1755","0.23958333333333334","0.23958333333333334","0.23958333333333334"
"1756","0.22526041666666666","0.22526041666666666","0.22526041666666666"
"1757","0.24869791666666666","0.24869791666666666","0.24869791666666666"
"1758","0.23307291666666666","0.23307291666666666","0.23307291666666666"
"1759","0.24348958333333334","0.24348958333333334","0.24348958333333334"
"1760","0.23697916666666666","0.23697916666666666","0.23697916666666666"
"1761","0.25","0.25","0.25"
"1762","0.2669270833333333","0.2669270833333333","0.2669270833333333"
"1763","0.265625","0.265625","0.265625"
"1764","0.25","0.25","0.25"
"1765","0.2265625","0.2265625","0.2265625"
"1766","0.24609375","0.24609375","0.24609375"
"1767","0.24479166666666666","0.24479166666666666","0.24479166666666666"
"1768","0.23828125","0.23828125","0.23828125"
"1769","0.24479166666666666","0.24479166666666666","0.24479166666666666"
"1770","0.2669270833333333","0.2669270833333333","0.2669270833333333"
"1771","0.23697916666666666","0.23697916666666666","0.23697916666666666"
"1772","0.22395833333333334","0.22395833333333334","0.22395833333333334"
"1773","0.23177083333333334","0.23177083333333334","0.23177083333333334"
"1774","0.24869791666666666","0.24869791666666666","0.24869791666666666"
"1775","0.23307291666666666","0.23307291666666666","0.23307291666666666"
"1776","0.23828125","0.23828125","0.23828125"
"1777","0.24088541666666666","0.24088541666666666","0.24088541666666666"
"1778","0.24088541666666666","0.24088541666666666","0.24088541666666666"
"1779","0.23697916666666666","0.23697916666666666","0.23697916666666666"
"1780","0.22526041666666666","0.22526041666666666","0.22526041666666666"
"1781","0.24609375","0.24609375","0.24609375"
"1782","0.22916666666666666","0.22916666666666666","0.22916666666666666"
"1783","0.23958333333333334","0.23958333333333334","0.23958333333333334"
"1784","0.2578125","0.2578125","0.2578125"
"1785","0.22916666666666666","0.22916666666666666","0.22916666666666666"
"1786","0.2565104166666667","0.2565104166666667","0.2565104166666667"
"1787","0.265625","0.265625","0.265625"
"1788","0.2591145833333333","0.2591145833333333","0.2591145833333333"
"1789","0.25390625","0.25390625","0.25390625"
"1790","0.22526041666666666","0.22526041666666666","0.22526041666666666"
"1791","0.23567708333333334","0.23567708333333334","0.23567708333333334"
"1792","0.24348958333333334","0.24348958333333334","0.24348958333333334"
"1793","0.24739583333333334","0.24739583333333334","0.24739583333333334"
"1794","0.22395833333333334","0.22395833333333334","0.22395833333333334"
"1795","0.23307291666666666","0.23307291666666666","0.23307291666666666"
"1796","0.2552083333333333","0.2552083333333333","0.2552083333333333"
"1797","0.2669270833333333","0.2669270833333333","0.2669270833333333"
"1798","0.24088541666666666","0.24088541666666666","0.24088541666666666"
"1799","0.24348958333333334","0.24348958333333334","0.24348958333333334"
"1800","0.23567708333333334","0.23567708333333334","0.23567708333333334"
"1801","0.22395833333333334","0.22395833333333334","0.22395833333333334"
"1802","0.25","0.25","0.25"
"1803","0.22526041666666666","0.22526041666666666","0.22526041666666666"
"1804","0.2578125","0.2578125","0.2578125"
"1805","0.2513020833333333","0.2513020833333333","0.2513020833333333"
"1806","0.24869791666666666","0.24869791666666666","0.24869791666666666"
"1807","0.24869791666666666","0.24869791666666666","0.24869791666666666"
"1808","0.23697916666666666","0.23697916666666666","0.23697916666666666"
"1809","0.24869791666666666","0.24869791666666666","0.24869791666666666"
"1810","0.23828125","0.23828125","0.23828125"
"1811","0.25","0.25","0.25"
"1812","0.23958333333333334","0.23958333333333334","0.23958333333333334"
"1813","0.24739583333333334","0.24739583333333334","0.24739583333333334"
"1814","0.2421875","0.2421875","0.2421875"
"1815","0.24609375","0.24609375","0.24609375"
"1816","0.24088541666666666","0.24088541666666666","0.24088541666666666"
"1817","0.2604166666666667","0.2604166666666667","0.2604166666666667"
"1818","0.2265625","0.2265625","0.2265625"
"1819","0.24348958333333334","0.24348958333333334","0.24348958333333334"
"1820","0.23567708333333334","0.23567708333333334","0.23567708333333334"
"1821","0.2682291666666667","0.2682291666666667","0.2682291666666667"
"1822","0.23567708333333334","0.23567708333333334","0.23567708333333334"
"1823","0.2421875","0.2421875","0.2421875"
"1824","0.2421875","0.2421875","0.2421875"
"1825","0.2630208333333333","0.2630208333333333","0.2630208333333333"
"1826","0.22395833333333334","0.22395833333333334","0.22395833333333334"
"1827","0.2513020833333333","0.2513020833333333","0.2513020833333333"
"1828","0.2565104166666667","0.2565104166666667","0.2565104166666667"
"1829","0.22526041666666666","0.22526041666666666","0.22526041666666666"
"1830","0.2421875","0.2421875","0.2421875"
"1831","0.2421875","0.2421875","0.2421875"
"1832","0.25","0.25","0.25"
"1833","0.265625","0.265625","0.265625"
"1834","0.2591145833333333","0.2591145833333333","0.2591145833333333"
"1835","0.24088541666666666","0.24088541666666666","0.24088541666666666"
"1836","0.2526041666666667","0.2526041666666667","0.2526041666666667"
"1837","0.22526041666666666","0.22526041666666666","0.22526041666666666"
"1838","0.23567708333333334","0.23567708333333334","0.23567708333333334"
"1839","0.24869791666666666","0.24869791666666666","0.24869791666666666"
"1840","0.24479166666666666","0.24479166666666666","0.24479166666666666"
"1841","0.24869791666666666","0.24869791666666666","0.24869791666666666"
"1842","0.2565104166666667","0.2565104166666667","0.2565104166666667"
"1843","0.23307291666666666","0.23307291666666666","0.23307291666666666"
"1844","0.24869791666666666","0.24869791666666666","0.24869791666666666"
"1845","0.22916666666666666","0.22916666666666666","0.22916666666666666"
"1846","0.24609375","0.24609375","0.24609375"
"1847","0.2643229166666667","0.2643229166666667","0.2643229166666667"
"1848","0.24869791666666666","0.24869791666666666","0.24869791666666666"
"1849","0.23567708333333334","0.23567708333333334","0.23567708333333334"
"1850","0.23046875","0.23046875","0.23046875"
"1851","0.2513020833333333","0.2513020833333333","0.2513020833333333"
"1852","0.23697916666666666","0.23697916666666666","0.23697916666666666"
"1853","0.2421875","0.2421875","0.2421875"
"1854","0.2526041666666667","0.2526041666666667","0.2526041666666667"
"1855","0.23828125","0.23828125","0.23828125"
"1856","0.25390625","0.25390625","0.25390625"
"1857","0.25390625","0.25390625","0.25390625"
"1858","0.23046875","0.23046875","0.23046875"
"1859","0.22265625","0.22265625","0.22265625"
"1860","0.2565104166666667","0.2565104166666667","0.2565104166666667"
"1861","0.23697916666666666","0.23697916666666666","0.23697916666666666"
"1862","0.23046875","0.23046875","0.23046875"
"1863","0.23307291666666666","0.23307291666666666","0.23307291666666666"
"1864","0.25","0.25","0.25"
"1865","0.23177083333333334","0.23177083333333334","0.23177083333333334"
"1866","0.24479166666666666","0.24479166666666666","0.24479166666666666"
"1867","0.23828125","0.23828125","0.23828125"
"1868","0.24609375","0.24609375","0.24609375"
"1869","0.23697916666666666","0.23697916666666666","0.23697916666666666"
"1870","0.2552083333333333","0.2552083333333333","0.2552083333333333"
"1871","0.2578125","0.2578125","0.2578125"
"1872","0.2604166666666667","0.2604166666666667","0.2604166666666667"
"1873","0.23567708333333334","0.23567708333333334","0.23567708333333334"
"1874","0.21744791666666666","0.21744791666666666","0.21744791666666666"
"1875","0.23046875","0.23046875","0.23046875"
"1876","0.2513020833333333","0.2513020833333333","0.2513020833333333"
"1877","0.24088541666666666","0.24088541666666666","0.24088541666666666"
"1878","0.24479166666666666","0.24479166666666666","0.24479166666666666"
"1879","0.24479166666666666","0.24479166666666666","0.24479166666666666"
"1880","0.22135416666666666","0.22135416666666666","0.22135416666666666"
"1881","0.2265625","0.2265625","0.2265625"
"1882","0.24348958333333334","0.24348958333333334","0.24348958333333334"
"1883","0.234375","0.234375","0.234375"
"1884","0.23567708333333334","0.23567708333333334","0.23567708333333334"
"1885","0.22786458333333334","0.22786458333333334","0.22786458333333334"
"1886","0.24479166666666666","0.24479166666666666","0.24479166666666666"
"1887","0.24088541666666666","0.24088541666666666","0.24088541666666666"
"1888","0.2526041666666667","0.2526041666666667","0.2526041666666667"
"1889","0.22265625","0.22265625","0.22265625"
"1890","0.24739583333333334","0.24739583333333334","0.24739583333333334"
"1891","0.23177083333333334","0.23177083333333334","0.23177083333333334"
"1892","0.20963541666666666","0.20963541666666666","0.20963541666666666"
"1893","0.24348958333333334","0.24348958333333334","0.24348958333333334"
"1894","0.23697916666666666","0.23697916666666666","0.23697916666666666"
"1895","0.23697916666666666","0.23697916666666666","0.23697916666666666"
"1896","0.2526041666666667","0.2526041666666667","0.2526041666666667"
"1897","0.23307291666666666","0.23307291666666666","0.23307291666666666"
"1898","0.2421875","0.2421875","0.2421875"
"1899","0.234375","0.234375","0.234375"
"1900","0.21744791666666666","0.21744791666666666","0.21744791666666666"
"1901","0.23046875","0.23046875","0.23046875"
"1902","0.2565104166666667","0.2565104166666667","0.2565104166666667"
"1903","0.22395833333333334","0.22395833333333334","0.22395833333333334"
"1904","0.2565104166666667","0.2565104166666667","0.2565104166666667"
"1905","0.2552083333333333","0.2552083333333333","0.2552083333333333"
"1906","0.26171875","0.26171875","0.26171875"
"1907","0.23828125","0.23828125","0.23828125"
"1908","0.25390625","0.25390625","0.25390625"
"1909","0.22916666666666666","0.22916666666666666","0.22916666666666666"
"1910","0.234375","0.234375","0.234375"
"1911","0.24869791666666666","0.24869791666666666","0.24869791666666666"
"1912","0.2421875","0.2421875","0.2421875"
"1913","0.23828125","0.23828125","0.23828125"
"1914","0.24479166666666666","0.24479166666666666","0.24479166666666666"
"1915","0.23697916666666666","0.23697916666666666","0.23697916666666666"
"1916","0.23828125","0.23828125","0.23828125"
"1917","0.23828125","0.23828125","0.23828125"
"1918","0.24869791666666666","0.24869791666666666","0.24869791666666666"
"1919","0.24088541666666666","0.24088541666666666","0.24088541666666666"
"1920","0.22786458333333334","0.22786458333333334","0.22786458333333334"
"1921","0.24088541666666666","0.24088541666666666","0.24088541666666666"
"1922","0.24479166666666666","0.24479166666666666","0.24479166666666666"
"1923","0.2513020833333333","0.2513020833333333","0.2513020833333333"
"1924","0.23697916666666666","0.23697916666666666","0.23697916666666666"
"1925","0.23828125","0.23828125","0.23828125"
"1926","0.23046875","0.23046875","0.23046875"
"1927","0.22395833333333334","0.22395833333333334","0.22395833333333334"
"1928","0.24088541666666666","0.24088541666666666","0.24088541666666666"
"1929","0.234375","0.234375","0.234375"
"1930","0.2265625","0.2265625","0.2265625"
"1931","0.22916666666666666","0.22916666666666666","0.22916666666666666"
"1932","0.23697916666666666","0.23697916666666666","0.23697916666666666"
"1933","0.23697916666666666","0.23697916666666666","0.23697916666666666"
"1934","0.24088541666666666","0.24088541666666666","0.24088541666666666"
"1935","0.22395833333333334","0.22395833333333334","0.22395833333333334"
"1936","0.23307291666666666","0.23307291666666666","0.23307291666666666"
"1937","0.24479166666666666","0.24479166666666666","0.24479166666666666"
"1938","0.25390625","0.25390625","0.25390625"
"1939","0.234375","0.234375","0.234375"
"1940","0.22395833333333334","0.22395833333333334","0.22395833333333334"
"1941","0.2630208333333333","0.2630208333333333","0.2630208333333333"
"1942","0.22916666666666666","0.22916666666666666","0.22916666666666666"
"1943","0.24348958333333334","0.24348958333333334","0.24348958333333334"
"1944","0.21223958333333334","0.21223958333333334","0.21223958333333334"
"1945","0.23567708333333334","0.23567708333333334","0.23567708333333334"
"1946","0.234375","0.234375","0.234375"
"1947","0.24739583333333334","0.24739583333333334","0.24739583333333334"
"1948","0.23567708333333334","0.23567708333333334","0.23567708333333334"
"1949","0.22005208333333334","0.22005208333333334","0.22005208333333334"
"1950","0.22395833333333334","0.22395833333333334","0.22395833333333334"
"1951","0.22786458333333334","0.22786458333333334","0.22786458333333334"
"1952","0.23307291666666666","0.23307291666666666","0.23307291666666666"
"1953","0.25390625","0.25390625","0.25390625"
"1954","0.2526041666666667","0.2526041666666667","0.2526041666666667"
"1955","0.2513020833333333","0.2513020833333333","0.2513020833333333"
"1956","0.24739583333333334","0.24739583333333334","0.24739583333333334"
"1957","0.22265625","0.22265625","0.22265625"
"1958","0.23828125","0.23828125","0.23828125"
"1959","0.2513020833333333","0.2513020833333333","0.2513020833333333"
"1960","0.24609375","0.24609375","0.24609375"
"1961","0.22395833333333334","0.22395833333333334","0.22395833333333334"
"1962","0.24739583333333334","0.24739583333333334","0.24739583333333334"
"1963","0.2578125","0.2578125","0.2578125"
"1964","0.234375","0.234375","0.234375"
"1965","0.24869791666666666","0.24869791666666666","0.24869791666666666"
"1966","0.24479166666666666","0.24479166666666666","0.24479166666666666"
"1967","0.23697916666666666","0.23697916666666666","0.23697916666666666"
"1968","0.2591145833333333","0.2591145833333333","0.2591145833333333"
"1969","0.23958333333333334","0.23958333333333334","0.23958333333333334"
"1970","0.22786458333333334","0.22786458333333334","0.22786458333333334"
"1971","0.23958333333333334","0.23958333333333334","0.23958333333333334"
"1972","0.23828125","0.23828125","0.23828125"
"1973","0.24088541666666666","0.24088541666666666","0.24088541666666666"
"1974","0.24479166666666666","0.24479166666666666","0.24479166666666666"
"1975","0.24348958333333334","0.24348958333333334","0.24348958333333334"
"1976","0.24609375","0.24609375","0.24609375"
"1977","0.2591145833333333","0.2591145833333333","0.2591145833333333"
"1978","0.2565104166666667","0.2565104166666667","0.2565104166666667"
"1979","0.2578125","0.2578125","0.2578125"
"1980","0.22786458333333334","0.22786458333333334","0.22786458333333334"
"1981","0.23828125","0.23828125","0.23828125"
"1982","0.22916666666666666","0.22916666666666666","0.22916666666666666"
"1983","0.23307291666666666","0.23307291666666666","0.23307291666666666"
"1984","0.24739583333333334","0.24739583333333334","0.24739583333333334"
"1985","0.22526041666666666","0.22526041666666666","0.22526041666666666"
"1986","0.26171875","0.26171875","0.26171875"
"1987","0.2421875","0.2421875","0.2421875"
"1988","0.25390625","0.25390625","0.25390625"
"1989","0.23307291666666666","0.23307291666666666","0.23307291666666666"
"1990","0.2265625","0.2265625","0.2265625"
"1991","0.2604166666666667","0.2604166666666667","0.2604166666666667"
"1992","0.2578125","0.2578125","0.2578125"
"1993","0.26953125","0.26953125","0.26953125"
"1994","0.25390625","0.25390625","0.25390625"
"1995","0.23177083333333334","0.23177083333333334","0.23177083333333334"
"1996","0.24869791666666666","0.24869791666666666","0.24869791666666666"
"1997","0.24739583333333334","0.24739583333333334","0.24739583333333334"
"1998","0.22265625","0.22265625","0.22265625"
"1999","0.22005208333333334","0.22005208333333334","0.22005208333333334"
"2000","0.24869791666666666","0.24869791666666666","0.24869791666666666"
"2001","0.2591145833333333","0.2591145833333333","0.2591145833333333"
"2002","0.24869791666666666","0.24869791666666666","0.24869791666666666"
"2003","0.24739583333333334","0.24739583333333334","0.24739583333333334"
"2004","0.2604166666666667","0.2604166666666667","0.2604166666666667"
"2005","0.25","0.25","0.25"
"2006","0.26171875","0.26171875","0.26171875"
"2007","0.2565104166666667","0.2565104166666667","0.2565104166666667"
"2008","0.23697916666666666","0.23697916666666666","0.23697916666666666"
"2009","0.24088541666666666","0.24088541666666666","0.24088541666666666"
"2010","0.23697916666666666","0.23697916666666666","0.23697916666666666"
"2011","0.2421875","0.2421875","0.2421875"
"2012","0.24609375","0.24609375","0.24609375"
"2013","0.23567708333333334","0.23567708333333334","0.23567708333333334"
"2014","0.23567708333333334","0.23567708333333334","0.23567708333333334"
"2015","0.24869791666666666","0.24869791666666666","0.24869791666666666"
"2016","0.23177083333333334","0.23177083333333334","0.23177083333333334"
"2017","0.24479166666666666","0.24479166666666666","0.24479166666666666"
"2018","0.21875","0.21875","0.21875"
"2019","0.22786458333333334","0.22786458333333334","0.22786458333333334"
"2020","0.2421875","0.2421875","0.2421875"
"2021","0.2526041666666667","0.2526041666666667","0.2526041666666667"
"2022","0.234375","0.234375","0.234375"
"2023","0.24479166666666666","0.24479166666666666","0.24479166666666666"
"2024","0.2421875","0.2421875","0.2421875"
"2025","0.22265625","0.22265625","0.22265625"
"2026","0.25","0.25","0.25"
"2027","0.24869791666666666","0.24869791666666666","0.24869791666666666"
"2028","0.24609375","0.24609375","0.24609375"
"2029","0.2669270833333333","0.2669270833333333","0.2669270833333333"
"2030","0.23307291666666666","0.23307291666666666","0.23307291666666666"
"2031","0.22786458333333334","0.22786458333333334","0.22786458333333334"
"2032","0.22786458333333334","0.22786458333333334","0.22786458333333334"
"2033","0.22786458333333334","0.22786458333333334","0.22786458333333334"
"2034","0.23697916666666666","0.23697916666666666","0.23697916666666666"
"2035","0.21744791666666666","0.21744791666666666","0.21744791666666666"
"2036","0.234375","0.234375","0.234375"
"2037","0.22005208333333334","0.22005208333333334","0.22005208333333334"
"2038","0.25","0.25","0.25"
"2039","0.23697916666666666","0.23697916666666666","0.23697916666666666"
"2040","0.22786458333333334","0.22786458333333334","0.22786458333333334"
"2041","0.24088541666666666","0.24088541666666666","0.24088541666666666"
"2042","0.2526041666666667","0.2526041666666667","0.2526041666666667"
"2043","0.2552083333333333","0.2552083333333333","0.2552083333333333"
"2044","0.22135416666666666","0.22135416666666666","0.22135416666666666"
"2045","0.2513020833333333","0.2513020833333333","0.2513020833333333"
"2046","0.24348958333333334","0.24348958333333334","0.24348958333333334"
"2047","0.25","0.25","0.25"
"2048","0.23828125","0.23828125","0.23828125"
"2049","0.24739583333333334","0.24739583333333334","0.24739583333333334"
"2050","0.23307291666666666","0.23307291666666666","0.23307291666666666"
"2051","0.23567708333333334","0.23567708333333334","0.23567708333333334"
"2052","0.24348958333333334","0.24348958333333334","0.24348958333333334"
"2053","0.2421875","0.2421875","0.2421875"
"2054","0.24348958333333334","0.24348958333333334","0.24348958333333334"
"2055","0.2552083333333333","0.2552083333333333","0.2552083333333333"
"2056","0.24869791666666666","0.24869791666666666","0.24869791666666666"
"2057","0.2265625","0.2265625","0.2265625"
"2058","0.2421875","0.2421875","0.2421875"
"2059","0.23958333333333334","0.23958333333333334","0.23958333333333334"
"2060","0.24869791666666666","0.24869791666666666","0.24869791666666666"
"2061","0.21484375","0.21484375","0.21484375"
"2062","0.2591145833333333","0.2591145833333333","0.2591145833333333"
"2063","0.25390625","0.25390625","0.25390625"
"2064","0.2421875","0.2421875","0.2421875"
"2065","0.25390625","0.25390625","0.25390625"
"2066","0.23828125","0.23828125","0.23828125"
"2067","0.26171875","0.26171875","0.26171875"
"2068","0.23567708333333334","0.23567708333333334","0.23567708333333334"
"2069","0.24609375","0.24609375","0.24609375"
"2070","0.23567708333333334","0.23567708333333334","0.23567708333333334"
"2071","0.24869791666666666","0.24869791666666666","0.24869791666666666"
"2072","0.2421875","0.2421875","0.2421875"
"2073","0.23828125","0.23828125","0.23828125"
"2074","0.24348958333333334","0.24348958333333334","0.24348958333333334"
"2075","0.25","0.25","0.25"
"2076","0.2643229166666667","0.2643229166666667","0.2643229166666667"
"2077","0.26171875","0.26171875","0.26171875"
"2078","0.24609375","0.24609375","0.24609375"
"2079","0.23567708333333334","0.23567708333333334","0.23567708333333334"
"2080","0.24609375","0.24609375","0.24609375"
"2081","0.22786458333333334","0.22786458333333334","0.22786458333333334"
"2082","0.22786458333333334","0.22786458333333334","0.22786458333333334"
"2083","0.23697916666666666","0.23697916666666666","0.23697916666666666"
"2084","0.23307291666666666","0.23307291666666666","0.23307291666666666"
"2085","0.20572916666666666","0.20572916666666666","0.20572916666666666"
"2086","0.23697916666666666","0.23697916666666666","0.23697916666666666"
"2087","0.23958333333333334","0.23958333333333334","0.23958333333333334"
"2088","0.22916666666666666","0.22916666666666666","0.22916666666666666"
"2089","0.22916666666666666","0.22916666666666666","0.22916666666666666"
"2090","0.23567708333333334","0.23567708333333334","0.23567708333333334"
"2091","0.23958333333333334","0.23958333333333334","0.23958333333333334"
"2092","0.23697916666666666","0.23697916666666666","0.23697916666666666"
"2093","0.26171875","0.26171875","0.26171875"
"2094","0.23958333333333334","0.23958333333333334","0.23958333333333334"
"2095","0.23958333333333334","0.23958333333333334","0.23958333333333334"
"2096","0.23567708333333334","0.23567708333333334","0.23567708333333334"
"2097","0.2565104166666667","0.2565104166666667","0.2565104166666667"
"2098","0.24739583333333334","0.24739583333333334","0.24739583333333334"
"2099","0.2421875","0.2421875","0.2421875"
"2100","0.2591145833333333","0.2591145833333333","0.2591145833333333"
"2101","0.23828125","0.23828125","0.23828125"
"2102","0.25390625","0.25390625","0.25390625"
"2103","0.2513020833333333","0.2513020833333333","0.2513020833333333"
"2104","0.23177083333333334","0.23177083333333334","0.23177083333333334"
"2105","0.24088541666666666","0.24088541666666666","0.24088541666666666"
"2106","0.23307291666666666","0.23307291666666666","0.23307291666666666"
"2107","0.22395833333333334","0.22395833333333334","0.22395833333333334"
"2108","0.234375","0.234375","0.234375"
"2109","0.2513020833333333","0.2513020833333333","0.2513020833333333"
"2110","0.22526041666666666","0.22526041666666666","0.22526041666666666"
"2111","0.22786458333333334","0.22786458333333334","0.22786458333333334"
"2112","0.21744791666666666","0.21744791666666666","0.21744791666666666"
"2113","0.23958333333333334","0.23958333333333334","0.23958333333333334"
"2114","0.24088541666666666","0.24088541666666666","0.24088541666666666"
"2115","0.23046875","0.23046875","0.23046875"
"2116","0.24869791666666666","0.24869791666666666","0.24869791666666666"
"2117","0.2421875","0.2421875","0.2421875"
"2118","0.24348958333333334","0.24348958333333334","0.24348958333333334"
"2119","0.22005208333333334","0.22005208333333334","0.22005208333333334"
"2120","0.2526041666666667","0.2526041666666667","0.2526041666666667"
"2121","0.22916666666666666","0.22916666666666666","0.22916666666666666"
"2122","0.2421875","0.2421875","0.2421875"
"2123","0.22265625","0.22265625","0.22265625"
"2124","0.2513020833333333","0.2513020833333333","0.2513020833333333"
"2125","0.23307291666666666","0.23307291666666666","0.23307291666666666"
"2126","0.2552083333333333","0.2552083333333333","0.2552083333333333"
"2127","0.22005208333333334","0.22005208333333334","0.22005208333333334"
"2128","0.23697916666666666","0.23697916666666666","0.23697916666666666"
"2129","0.24088541666666666","0.24088541666666666","0.24088541666666666"
"2130","0.23958333333333334","0.23958333333333334","0.23958333333333334"
"2131","0.2552083333333333","0.2552083333333333","0.2552083333333333"
"2132","0.24739583333333334","0.24739583333333334","0.24739583333333334"
"2133","0.26171875","0.26171875","0.26171875"
"2134","0.25","0.25","0.25"
"2135","0.23177083333333334","0.23177083333333334","0.23177083333333334"
"2136","0.2421875","0.2421875","0.2421875"
"2137","0.2591145833333333","0.2591145833333333","0.2591145833333333"
"2138","0.2265625","0.2265625","0.2265625"
"2139","0.23567708333333334","0.23567708333333334","0.23567708333333334"
"2140","0.23697916666666666","0.23697916666666666","0.23697916666666666"
"2141","0.23828125","0.23828125","0.23828125"
"2142","0.24479166666666666","0.24479166666666666","0.24479166666666666"
"2143","0.23828125","0.23828125","0.23828125"
"2144","0.25","0.25","0.25"
"2145","0.2421875","0.2421875","0.2421875"
"2146","0.22916666666666666","0.22916666666666666","0.22916666666666666"
"2147","0.23958333333333334","0.23958333333333334","0.23958333333333334"
"2148","0.234375","0.234375","0.234375"
"2149","0.2513020833333333","0.2513020833333333","0.2513020833333333"
"2150","0.22395833333333334","0.22395833333333334","0.22395833333333334"
"2151","0.23177083333333334","0.23177083333333334","0.23177083333333334"
"2152","0.2643229166666667","0.2643229166666667","0.2643229166666667"
"2153","0.2630208333333333","0.2630208333333333","0.2630208333333333"
"2154","0.23697916666666666","0.23697916666666666","0.23697916666666666"
"2155","0.26171875","0.26171875","0.26171875"
"2156","0.23567708333333334","0.23567708333333334","0.23567708333333334"
"2157","0.2630208333333333","0.2630208333333333","0.2630208333333333"
"2158","0.24479166666666666","0.24479166666666666","0.24479166666666666"
"2159","0.24479166666666666","0.24479166666666666","0.24479166666666666"
"2160","0.24609375","0.24609375","0.24609375"
"2161","0.22916666666666666","0.22916666666666666","0.22916666666666666"
"2162","0.24739583333333334","0.24739583333333334","0.24739583333333334"
"2163","0.23046875","0.23046875","0.23046875"
"2164","0.23958333333333334","0.23958333333333334","0.23958333333333334"
"2165","0.24348958333333334","0.24348958333333334","0.24348958333333334"
"2166","0.24348958333333334","0.24348958333333334","0.24348958333333334"
"2167","0.2265625","0.2265625","0.2265625"
"2168","0.23828125","0.23828125","0.23828125"
"2169","0.24869791666666666","0.24869791666666666","0.24869791666666666"
"2170","0.2643229166666667","0.2643229166666667","0.2643229166666667"
"2171","0.23958333333333334","0.23958333333333334","0.23958333333333334"
"2172","0.24088541666666666","0.24088541666666666","0.24088541666666666"
"2173","0.22526041666666666","0.22526041666666666","0.22526041666666666"
"2174","0.23177083333333334","0.23177083333333334","0.23177083333333334"
"2175","0.22395833333333334","0.22395833333333334","0.22395833333333334"
"2176","0.2526041666666667","0.2526041666666667","0.2526041666666667"
"2177","0.234375","0.234375","0.234375"
"2178","0.23177083333333334","0.23177083333333334","0.23177083333333334"
"2179","0.23177083333333334","0.23177083333333334","0.23177083333333334"
"2180","0.22265625","0.22265625","0.22265625"
"2181","0.24348958333333334","0.24348958333333334","0.24348958333333334"
"2182","0.24739583333333334","0.24739583333333334","0.24739583333333334"
"2183","0.2513020833333333","0.2513020833333333","0.2513020833333333"
"2184","0.2421875","0.2421875","0.2421875"
"2185","0.22135416666666666","0.22135416666666666","0.22135416666666666"
"2186","0.22916666666666666","0.22916666666666666","0.22916666666666666"
"2187","0.24088541666666666","0.24088541666666666","0.24088541666666666"
"2188","0.24869791666666666","0.24869791666666666","0.24869791666666666"
"2189","0.25390625","0.25390625","0.25390625"
"2190","0.234375","0.234375","0.234375"
"2191","0.26953125","0.26953125","0.26953125"
"2192","0.23828125","0.23828125","0.23828125"
"2193","0.23697916666666666","0.23697916666666666","0.23697916666666666"
"2194","0.234375","0.234375","0.234375"
"2195","0.2643229166666667","0.2643229166666667","0.2643229166666667"
"2196","0.2578125","0.2578125","0.2578125"
"2197","0.23958333333333334","0.23958333333333334","0.23958333333333334"
"2198","0.23697916666666666","0.23697916666666666","0.23697916666666666"
"2199","0.2526041666666667","0.2526041666666667","0.2526041666666667"
"2200","0.23177083333333334","0.23177083333333334","0.23177083333333334"
"2201","0.25","0.25","0.25"
"2202","0.25390625","0.25390625","0.25390625"
"2203","0.23697916666666666","0.23697916666666666","0.23697916666666666"
"2204","0.234375","0.234375","0.234375"
"2205","0.2513020833333333","0.2513020833333333","0.2513020833333333"
"2206","0.23177083333333334","0.23177083333333334","0.23177083333333334"
"2207","0.23697916666666666","0.23697916666666666","0.23697916666666666"
"2208","0.22526041666666666","0.22526041666666666","0.22526041666666666"
"2209","0.24869791666666666","0.24869791666666666","0.24869791666666666"
"2210","0.234375","0.234375","0.234375"
"2211","0.22526041666666666","0.22526041666666666","0.22526041666666666"
"2212","0.21875","0.21875","0.21875"
"2213","0.234375","0.234375","0.234375"
"2214","0.23828125","0.23828125","0.23828125"
"2215","0.23567708333333334","0.23567708333333334","0.23567708333333334"
"2216","0.24869791666666666","0.24869791666666666","0.24869791666666666"
"2217","0.24088541666666666","0.24088541666666666","0.24088541666666666"
"2218","0.2526041666666667","0.2526041666666667","0.2526041666666667"
"2219","0.23697916666666666","0.23697916666666666","0.23697916666666666"
"2220","0.2578125","0.2578125","0.2578125"
"2221","0.23307291666666666","0.23307291666666666","0.23307291666666666"
"2222","0.22135416666666666","0.22135416666666666","0.22135416666666666"
"2223","0.22916666666666666","0.22916666666666666","0.22916666666666666"
"2224","0.23177083333333334","0.23177083333333334","0.23177083333333334"
"2225","0.22916666666666666","0.22916666666666666","0.22916666666666666"
"2226","0.234375","0.234375","0.234375"
"2227","0.23828125","0.23828125","0.23828125"
"2228","0.25","0.25","0.25"
"2229","0.23177083333333334","0.23177083333333334","0.23177083333333334"
"2230","0.2421875","0.2421875","0.2421875"
"2231","0.22005208333333334","0.22005208333333334","0.22005208333333334"
"2232","0.24739583333333334","0.24739583333333334","0.24739583333333334"
"2233","0.23046875","0.23046875","0.23046875"
"2234","0.22916666666666666","0.22916666666666666","0.22916666666666666"
"2235","0.23958333333333334","0.23958333333333334","0.23958333333333334"
"2236","0.23828125","0.23828125","0.23828125"
"2237","0.25390625","0.25390625","0.25390625"
"2238","0.23046875","0.23046875","0.23046875"
"2239","0.24479166666666666","0.24479166666666666","0.24479166666666666"
"2240","0.2578125","0.2578125","0.2578125"
"2241","0.20963541666666666","0.20963541666666666","0.20963541666666666"
"2242","0.2421875","0.2421875","0.2421875"
"2243","0.24348958333333334","0.24348958333333334","0.24348958333333334"
"2244","0.2734375","0.2734375","0.2734375"
"2245","0.2578125","0.2578125","0.2578125"
"2246","0.22786458333333334","0.22786458333333334","0.22786458333333334"
"2247","0.24348958333333334","0.24348958333333334","0.24348958333333334"
"2248","0.25","0.25","0.25"
"2249","0.23828125","0.23828125","0.23828125"
"2250","0.26953125","0.26953125","0.26953125"
"2251","0.23307291666666666","0.23307291666666666","0.23307291666666666"
"2252","0.21744791666666666","0.21744791666666666","0.21744791666666666"
"2253","0.2421875","0.2421875","0.2421875"
"2254","0.21484375","0.21484375","0.21484375"
"2255","0.22916666666666666","0.22916666666666666","0.22916666666666666"
"2256","0.23828125","0.23828125","0.23828125"
"2257","0.2513020833333333","0.2513020833333333","0.2513020833333333"
"2258","0.24088541666666666","0.24088541666666666","0.24088541666666666"
"2259","0.23828125","0.23828125","0.23828125"
"2260","0.25","0.25","0.25"
"2261","0.24479166666666666","0.24479166666666666","0.24479166666666666"
"2262","0.25","0.25","0.25"
"2263","0.234375","0.234375","0.234375"
"2264","0.20703125","0.20703125","0.20703125"
"2265","0.234375","0.234375","0.234375"
"2266","0.2421875","0.2421875","0.2421875"
"2267","0.21614583333333334","0.21614583333333334","0.21614583333333334"
"2268","0.24348958333333334","0.24348958333333334","0.24348958333333334"
"2269","0.25","0.25","0.25"
"2270","0.2513020833333333","0.2513020833333333","0.2513020833333333"
"2271","0.24088541666666666","0.24088541666666666","0.24088541666666666"
"2272","0.2513020833333333","0.2513020833333333","0.2513020833333333"
"2273","0.23697916666666666","0.23697916666666666","0.23697916666666666"
"2274","0.24609375","0.24609375","0.24609375"
"2275","0.23828125","0.23828125","0.23828125"
"2276","0.2552083333333333","0.2552083333333333","0.2552083333333333"
"2277","0.22135416666666666","0.22135416666666666","0.22135416666666666"
"2278","0.24348958333333334","0.24348958333333334","0.24348958333333334"
"2279","0.22135416666666666","0.22135416666666666","0.22135416666666666"
"2280","0.2265625","0.2265625","0.2265625"
"2281","0.2265625","0.2265625","0.2265625"
"2282","0.23958333333333334","0.23958333333333334","0.23958333333333334"
"2283","0.22395833333333334","0.22395833333333334","0.22395833333333334"
"2284","0.24609375","0.24609375","0.24609375"
"2285","0.23046875","0.23046875","0.23046875"
"2286","0.24348958333333334","0.24348958333333334","0.24348958333333334"
"2287","0.23697916666666666","0.23697916666666666","0.23697916666666666"
"2288","0.24348958333333334","0.24348958333333334","0.24348958333333334"
"2289","0.23567708333333334","0.23567708333333334","0.23567708333333334"
"2290","0.23177083333333334","0.23177083333333334","0.23177083333333334"
"2291","0.234375","0.234375","0.234375"
"2292","0.24609375","0.24609375","0.24609375"
"2293","0.234375","0.234375","0.234375"
"2294","0.24609375","0.24609375","0.24609375"
"2295","0.2630208333333333","0.2630208333333333","0.2630208333333333"
"2296","0.23177083333333334","0.23177083333333334","0.23177083333333334"
"2297","0.22526041666666666","0.22526041666666666","0.22526041666666666"
"2298","0.2513020833333333","0.2513020833333333","0.2513020833333333"
"2299","0.24088541666666666","0.24088541666666666","0.24088541666666666"
"2300","0.2604166666666667","0.2604166666666667","0.2604166666666667"
"2301","0.24739583333333334","0.24739583333333334","0.24739583333333334"
"2302","0.23828125","0.23828125","0.23828125"
"2303","0.23828125","0.23828125","0.23828125"
"2304","0.2421875","0.2421875","0.2421875"
"2305","0.23307291666666666","0.23307291666666666","0.23307291666666666"
"2306","0.2591145833333333","0.2591145833333333","0.2591145833333333"
"2307","0.25390625","0.25390625","0.25390625"
"2308","0.24479166666666666","0.24479166666666666","0.24479166666666666"
"2309","0.24348958333333334","0.24348958333333334","0.24348958333333334"
"2310","0.24869791666666666","0.24869791666666666","0.24869791666666666"
"2311","0.24088541666666666","0.24088541666666666","0.24088541666666666"
"2312","0.23958333333333334","0.23958333333333334","0.23958333333333334"
"2313","0.24088541666666666","0.24088541666666666","0.24088541666666666"
"2314","0.24348958333333334","0.24348958333333334","0.24348958333333334"
"2315","0.23697916666666666","0.23697916666666666","0.23697916666666666"
"2316","0.2421875","0.2421875","0.2421875"
"2317","0.24609375","0.24609375","0.24609375"
"2318","0.2578125","0.2578125","0.2578125"
"2319","0.21875","0.21875","0.21875"
"2320","0.23177083333333334","0.23177083333333334","0.23177083333333334"
"2321","0.22005208333333334","0.22005208333333334","0.22005208333333334"
"2322","0.26171875","0.26171875","0.26171875"
"2323","0.2513020833333333","0.2513020833333333","0.2513020833333333"
"2324","0.2421875","0.2421875","0.2421875"
"2325","0.234375","0.234375","0.234375"
"2326","0.23307291666666666","0.23307291666666666","0.23307291666666666"
"2327","0.2591145833333333","0.2591145833333333","0.2591145833333333"
"2328","0.2109375","0.2109375","0.2109375"
"2329","0.23828125","0.23828125","0.23828125"
"2330","0.23958333333333334","0.23958333333333334","0.23958333333333334"
"2331","0.23697916666666666","0.23697916666666666","0.23697916666666666"
"2332","0.24348958333333334","0.24348958333333334","0.24348958333333334"
"2333","0.24869791666666666","0.24869791666666666","0.24869791666666666"
"2334","0.23958333333333334","0.23958333333333334","0.23958333333333334"
"2335","0.24088541666666666","0.24088541666666666","0.24088541666666666"
"2336","0.2513020833333333","0.2513020833333333","0.2513020833333333"
"2337","0.2265625","0.2265625","0.2265625"
"2338","0.24479166666666666","0.24479166666666666","0.24479166666666666"
"2339","0.23177083333333334","0.23177083333333334","0.23177083333333334"
"2340","0.22786458333333334","0.22786458333333334","0.22786458333333334"
"2341","0.24609375","0.24609375","0.24609375"
"2342","0.2552083333333333","0.2552083333333333","0.2552083333333333"
"2343","0.22526041666666666","0.22526041666666666","0.22526041666666666"
"2344","0.23046875","0.23046875","0.23046875"
"2345","0.22916666666666666","0.22916666666666666","0.22916666666666666"
"2346","0.24739583333333334","0.24739583333333334","0.24739583333333334"
"2347","0.23697916666666666","0.23697916666666666","0.23697916666666666"
"2348","0.24348958333333334","0.24348958333333334","0.24348958333333334"
"2349","0.23697916666666666","0.23697916666666666","0.23697916666666666"
"2350","0.22786458333333334","0.22786458333333334","0.22786458333333334"
"2351","0.22526041666666666","0.22526041666666666","0.22526041666666666"
"2352","0.22526041666666666","0.22526041666666666","0.22526041666666666"
"2353","0.2265625","0.2265625","0.2265625"
"2354","0.2513020833333333","0.2513020833333333","0.2513020833333333"
"2355","0.23046875","0.23046875","0.23046875"
"2356","0.24869791666666666","0.24869791666666666","0.24869791666666666"
"2357","0.23828125","0.23828125","0.23828125"
"2358","0.24479166666666666","0.24479166666666666","0.24479166666666666"
"2359","0.2526041666666667","0.2526041666666667","0.2526041666666667"
"2360","0.23697916666666666","0.23697916666666666","0.23697916666666666"
"2361","0.22135416666666666","0.22135416666666666","0.22135416666666666"
"2362","0.24088541666666666","0.24088541666666666","0.24088541666666666"
"2363","0.24479166666666666","0.24479166666666666","0.24479166666666666"
"2364","0.21875","0.21875","0.21875"
"2365","0.24088541666666666","0.24088541666666666","0.24088541666666666"
"2366","0.22786458333333334","0.22786458333333334","0.22786458333333334"
"2367","0.2565104166666667","0.2565104166666667","0.2565104166666667"
"2368","0.22395833333333334","0.22395833333333334","0.22395833333333334"
"2369","0.26171875","0.26171875","0.26171875"
"2370","0.24609375","0.24609375","0.24609375"
"2371","0.22786458333333334","0.22786458333333334","0.22786458333333334"
"2372","0.25390625","0.25390625","0.25390625"
"2373","0.2591145833333333","0.2591145833333333","0.2591145833333333"
"2374","0.23828125","0.23828125","0.23828125"
"2375","0.24088541666666666","0.24088541666666666","0.24088541666666666"
"2376","0.24348958333333334","0.24348958333333334","0.24348958333333334"
"2377","0.24869791666666666","0.24869791666666666","0.24869791666666666"
"2378","0.2526041666666667","0.2526041666666667","0.2526041666666667"
"2379","0.24088541666666666","0.24088541666666666","0.24088541666666666"
"2380","0.23828125","0.23828125","0.23828125"
"2381","0.22916666666666666","0.22916666666666666","0.22916666666666666"
"2382","0.23828125","0.23828125","0.23828125"
"2383","0.2513020833333333","0.2513020833333333","0.2513020833333333"
"2384","0.23958333333333334","0.23958333333333334","0.23958333333333334"
"2385","0.24739583333333334","0.24739583333333334","0.24739583333333334"
"2386","0.22526041666666666","0.22526041666666666","0.22526041666666666"
"2387","0.2552083333333333","0.2552083333333333","0.2552083333333333"
"2388","0.234375","0.234375","0.234375"
"2389","0.2265625","0.2265625","0.2265625"
"2390","0.24348958333333334","0.24348958333333334","0.24348958333333334"
"2391","0.2265625","0.2265625","0.2265625"
"2392","0.22916666666666666","0.22916666666666666","0.22916666666666666"
"2393","0.2578125","0.2578125","0.2578125"
"2394","0.24479166666666666","0.24479166666666666","0.24479166666666666"
"2395","0.2421875","0.2421875","0.2421875"
"2396","0.2526041666666667","0.2526041666666667","0.2526041666666667"
"2397","0.2578125","0.2578125","0.2578125"
"2398","0.23958333333333334","0.23958333333333334","0.23958333333333334"
"2399","0.24739583333333334","0.24739583333333334","0.24739583333333334"
"2400","0.22526041666666666","0.22526041666666666","0.22526041666666666"
"2401","0.25","0.25","0.25"
"2402","0.21875","0.21875","0.21875"
"2403","0.23958333333333334","0.23958333333333334","0.23958333333333334"
"2404","0.2552083333333333","0.2552083333333333","0.2552083333333333"
"2405","0.2552083333333333","0.2552083333333333","0.2552083333333333"
"2406","0.2421875","0.2421875","0.2421875"
"2407","0.24348958333333334","0.24348958333333334","0.24348958333333334"
"2408","0.23567708333333334","0.23567708333333334","0.23567708333333334"
"2409","0.2421875","0.2421875","0.2421875"
"2410","0.23958333333333334","0.23958333333333334","0.23958333333333334"
"2411","0.22526041666666666","0.22526041666666666","0.22526041666666666"
"2412","0.25","0.25","0.25"
"2413","0.23958333333333334","0.23958333333333334","0.23958333333333334"
"2414","0.24869791666666666","0.24869791666666666","0.24869791666666666"
"2415","0.23697916666666666","0.23697916666666666","0.23697916666666666"
"2416","0.22135416666666666","0.22135416666666666","0.22135416666666666"
"2417","0.24479166666666666","0.24479166666666666","0.24479166666666666"
"2418","0.23177083333333334","0.23177083333333334","0.23177083333333334"
"2419","0.22916666666666666","0.22916666666666666","0.22916666666666666"
"2420","0.23307291666666666","0.23307291666666666","0.23307291666666666"
"2421","0.24609375","0.24609375","0.24609375"
"2422","0.26171875","0.26171875","0.26171875"
"2423","0.24609375","0.24609375","0.24609375"
"2424","0.21484375","0.21484375","0.21484375"
"2425","0.22526041666666666","0.22526041666666666","0.22526041666666666"
"2426","0.2421875","0.2421875","0.2421875"
"2427","0.2708333333333333","0.2708333333333333","0.2708333333333333"
"2428","0.25390625","0.25390625","0.25390625"
"2429","0.23177083333333334","0.23177083333333334","0.23177083333333334"
"2430","0.24739583333333334","0.24739583333333334","0.24739583333333334"
"2431","0.23567708333333334","0.23567708333333334","0.23567708333333334"
"2432","0.2591145833333333","0.2591145833333333","0.2591145833333333"
"2433","0.23567708333333334","0.23567708333333334","0.23567708333333334"
"2434","0.24088541666666666","0.24088541666666666","0.24088541666666666"
"2435","0.2265625","0.2265625","0.2265625"
"2436","0.234375","0.234375","0.234375"
"2437","0.23828125","0.23828125","0.23828125"
"2438","0.23828125","0.23828125","0.23828125"
"2439","0.2526041666666667","0.2526041666666667","0.2526041666666667"
"2440","0.24348958333333334","0.24348958333333334","0.24348958333333334"
"2441","0.22005208333333334","0.22005208333333334","0.22005208333333334"
"2442","0.2591145833333333","0.2591145833333333","0.2591145833333333"
"2443","0.24609375","0.24609375","0.24609375"
"2444","0.2591145833333333","0.2591145833333333","0.2591145833333333"
"2445","0.24869791666666666","0.24869791666666666","0.24869791666666666"
"2446","0.2526041666666667","0.2526041666666667","0.2526041666666667"
"2447","0.24348958333333334","0.24348958333333334","0.24348958333333334"
"2448","0.23958333333333334","0.23958333333333334","0.23958333333333334"
"2449","0.23567708333333334","0.23567708333333334","0.23567708333333334"
"2450","0.24348958333333334","0.24348958333333334","0.24348958333333334"
"2451","0.24609375","0.24609375","0.24609375"
"2452","0.22265625","0.22265625","0.22265625"
"2453","0.23177083333333334","0.23177083333333334","0.23177083333333334"
"2454","0.22395833333333334","0.22395833333333334","0.22395833333333334"
"2455","0.21354166666666666","0.21354166666666666","0.21354166666666666"
"2456","0.24869791666666666","0.24869791666666666","0.24869791666666666"
"2457","0.24348958333333334","0.24348958333333334","0.24348958333333334"
"2458","0.25","0.25","0.25"
"2459","0.24348958333333334","0.24348958333333334","0.24348958333333334"
"2460","0.26953125","0.26953125","0.26953125"
"2461","0.2421875","0.2421875","0.2421875"
"2462","0.2421875","0.2421875","0.2421875"
"2463","0.2421875","0.2421875","0.2421875"
"2464","0.25","0.25","0.25"
"2465","0.23567708333333334","0.23567708333333334","0.23567708333333334"
"2466","0.24088541666666666","0.24088541666666666","0.24088541666666666"
"2467","0.2591145833333333","0.2591145833333333","0.2591145833333333"
"2468","0.23046875","0.23046875","0.23046875"
"2469","0.23828125","0.23828125","0.23828125"
"2470","0.23567708333333334","0.23567708333333334","0.23567708333333334"
"2471","0.2513020833333333","0.2513020833333333","0.2513020833333333"
"2472","0.22135416666666666","0.22135416666666666","0.22135416666666666"
"2473","0.23567708333333334","0.23567708333333334","0.23567708333333334"
"2474","0.2421875","0.2421875","0.2421875"
"2475","0.21223958333333334","0.21223958333333334","0.21223958333333334"
"2476","0.23177083333333334","0.23177083333333334","0.23177083333333334"
"2477","0.23697916666666666","0.23697916666666666","0.23697916666666666"
"2478","0.234375","0.234375","0.234375"
"2479","0.234375","0.234375","0.234375"
"2480","0.21614583333333334","0.21614583333333334","0.21614583333333334"
"2481","0.23958333333333334","0.23958333333333334","0.23958333333333334"
"2482","0.24479166666666666","0.24479166666666666","0.24479166666666666"
"2483","0.23567708333333334","0.23567708333333334","0.23567708333333334"
"2484","0.23697916666666666","0.23697916666666666","0.23697916666666666"
"2485","0.234375","0.234375","0.234375"
"2486","0.2513020833333333","0.2513020833333333","0.2513020833333333"
"2487","0.234375","0.234375","0.234375"
"2488","0.24348958333333334","0.24348958333333334","0.24348958333333334"
"2489","0.25390625","0.25390625","0.25390625"
"2490","0.24869791666666666","0.24869791666666666","0.24869791666666666"
"2491","0.24348958333333334","0.24348958333333334","0.24348958333333334"
"2492","0.23958333333333334","0.23958333333333334","0.23958333333333334"
"2493","0.23046875","0.23046875","0.23046875"
"2494","0.22916666666666666","0.22916666666666666","0.22916666666666666"
"2495","0.22916666666666666","0.22916666666666666","0.22916666666666666"
"2496","0.23307291666666666","0.23307291666666666","0.23307291666666666"
"2497","0.23958333333333334","0.23958333333333334","0.23958333333333334"
"2498","0.23567708333333334","0.23567708333333334","0.23567708333333334"
"2499","0.2526041666666667","0.2526041666666667","0.2526041666666667"
"2500","0.22005208333333334","0.22005208333333334","0.22005208333333334"
"2501","0.22395833333333334","0.22395833333333334","0.22395833333333334"
"2502","0.25","0.25","0.25"
"2503","0.22005208333333334","0.22005208333333334","0.22005208333333334"
"2504","0.24348958333333334","0.24348958333333334","0.24348958333333334"
"2505","0.2265625","0.2265625","0.2265625"
"2506","0.2421875","0.2421875","0.2421875"
"2507","0.24088541666666666","0.24088541666666666","0.24088541666666666"
"2508","0.26171875","0.26171875","0.26171875"
"2509","0.23567708333333334","0.23567708333333334","0.23567708333333334"
"2510","0.24479166666666666","0.24479166666666666","0.24479166666666666"
"2511","0.24088541666666666","0.24088541666666666","0.24088541666666666"
"2512","0.24739583333333334","0.24739583333333334","0.24739583333333334"
"2513","0.24088541666666666","0.24088541666666666","0.24088541666666666"
"2514","0.24088541666666666","0.24088541666666666","0.24088541666666666"
"2515","0.24348958333333334","0.24348958333333334","0.24348958333333334"
"2516","0.24869791666666666","0.24869791666666666","0.24869791666666666"
"2517","0.23828125","0.23828125","0.23828125"
"2518","0.24348958333333334","0.24348958333333334","0.24348958333333334"
"2519","0.24348958333333334","0.24348958333333334","0.24348958333333334"
"2520","0.24088541666666666","0.24088541666666666","0.24088541666666666"
"2521","0.2265625","0.2265625","0.2265625"
"2522","0.23828125","0.23828125","0.23828125"
"2523","0.23046875","0.23046875","0.23046875"
"2524","0.2552083333333333","0.2552083333333333","0.2552083333333333"
"2525","0.24088541666666666","0.24088541666666666","0.24088541666666666"
"2526","0.265625","0.265625","0.265625"
"2527","0.25390625","0.25390625","0.25390625"
"2528","0.23958333333333334","0.23958333333333334","0.23958333333333334"
"2529","0.24348958333333334","0.24348958333333334","0.24348958333333334"
"2530","0.24739583333333334","0.24739583333333334","0.24739583333333334"
"2531","0.21744791666666666","0.21744791666666666","0.21744791666666666"
"2532","0.22786458333333334","0.22786458333333334","0.22786458333333334"
"2533","0.234375","0.234375","0.234375"
"2534","0.23177083333333334","0.23177083333333334","0.23177083333333334"
"2535","0.24348958333333334","0.24348958333333334","0.24348958333333334"
"2536","0.234375","0.234375","0.234375"
"2537","0.21484375","0.21484375","0.21484375"
"2538","0.21484375","0.21484375","0.21484375"
"2539","0.20833333333333334","0.20833333333333334","0.20833333333333334"
"2540","0.22786458333333334","0.22786458333333334","0.22786458333333334"
"2541","0.2421875","0.2421875","0.2421875"
"2542","0.2513020833333333","0.2513020833333333","0.2513020833333333"
"2543","0.2265625","0.2265625","0.2265625"
"2544","0.2421875","0.2421875","0.2421875"
"2545","0.24348958333333334","0.24348958333333334","0.24348958333333334"
"2546","0.23828125","0.23828125","0.23828125"
"2547","0.23828125","0.23828125","0.23828125"
"2548","0.234375","0.234375","0.234375"
"2549","0.22265625","0.22265625","0.22265625"
"2550","0.25","0.25","0.25"
"2551","0.23307291666666666","0.23307291666666666","0.23307291666666666"
"2552","0.23697916666666666","0.23697916666666666","0.23697916666666666"
"2553","0.24869791666666666","0.24869791666666666","0.24869791666666666"
"2554","0.22395833333333334","0.22395833333333334","0.22395833333333334"
"2555","0.23828125","0.23828125","0.23828125"
"2556","0.24348958333333334","0.24348958333333334","0.24348958333333334"
"2557","0.2265625","0.2265625","0.2265625"
"2558","0.25","0.25","0.25"
"2559","0.24869791666666666","0.24869791666666666","0.24869791666666666"
"2560","0.25390625","0.25390625","0.25390625"
"2561","0.20833333333333334","0.20833333333333334","0.20833333333333334"
"2562","0.22395833333333334","0.22395833333333334","0.22395833333333334"
"2563","0.24088541666666666","0.24088541666666666","0.24088541666666666"
"2564","0.24869791666666666","0.24869791666666666","0.24869791666666666"
"2565","0.23958333333333334","0.23958333333333334","0.23958333333333334"
"2566","0.2565104166666667","0.2565104166666667","0.2565104166666667"
"2567","0.24869791666666666","0.24869791666666666","0.24869791666666666"
"2568","0.24739583333333334","0.24739583333333334","0.24739583333333334"
"2569","0.23567708333333334","0.23567708333333334","0.23567708333333334"
"2570","0.23828125","0.23828125","0.23828125"
"2571","0.22786458333333334","0.22786458333333334","0.22786458333333334"
"2572","0.23567708333333334","0.23567708333333334","0.23567708333333334"
"2573","0.23697916666666666","0.23697916666666666","0.23697916666666666"
"2574","0.24348958333333334","0.24348958333333334","0.24348958333333334"
"2575","0.2421875","0.2421875","0.2421875"
"2576","0.24348958333333334","0.24348958333333334","0.24348958333333334"
"2577","0.2421875","0.2421875","0.2421875"
"2578","0.23567708333333334","0.23567708333333334","0.23567708333333334"
"2579","0.2513020833333333","0.2513020833333333","0.2513020833333333"
"2580","0.2565104166666667","0.2565104166666667","0.2565104166666667"
"2581","0.23046875","0.23046875","0.23046875"
"2582","0.24088541666666666","0.24088541666666666","0.24088541666666666"
"2583","0.23567708333333334","0.23567708333333334","0.23567708333333334"
"2584","0.24479166666666666","0.24479166666666666","0.24479166666666666"
"2585","0.2526041666666667","0.2526041666666667","0.2526041666666667"
"2586","0.2421875","0.2421875","0.2421875"
"2587","0.24739583333333334","0.24739583333333334","0.24739583333333334"
"2588","0.22395833333333334","0.22395833333333334","0.22395833333333334"
"2589","0.234375","0.234375","0.234375"
"2590","0.24088541666666666","0.24088541666666666","0.24088541666666666"
"2591","0.22786458333333334","0.22786458333333334","0.22786458333333334"
"2592","0.23958333333333334","0.23958333333333334","0.23958333333333334"
"2593","0.23697916666666666","0.23697916666666666","0.23697916666666666"
"2594","0.2421875","0.2421875","0.2421875"
"2595","0.2421875","0.2421875","0.2421875"
"2596","0.24348958333333334","0.24348958333333334","0.24348958333333334"
"2597","0.22526041666666666","0.22526041666666666","0.22526041666666666"
"2598","0.24609375","0.24609375","0.24609375"
"2599","0.22916666666666666","0.22916666666666666","0.22916666666666666"
"2600","0.24609375","0.24609375","0.24609375"
"2601","0.21223958333333334","0.21223958333333334","0.21223958333333334"
"2602","0.24348958333333334","0.24348958333333334","0.24348958333333334"
"2603","0.2421875","0.2421875","0.2421875"
"2604","0.24609375","0.24609375","0.24609375"
"2605","0.24479166666666666","0.24479166666666666","0.24479166666666666"
"2606","0.2421875","0.2421875","0.2421875"
"2607","0.234375","0.234375","0.234375"
"2608","0.24739583333333334","0.24739583333333334","0.24739583333333334"
"2609","0.22395833333333334","0.22395833333333334","0.22395833333333334"
"2610","0.23177083333333334","0.23177083333333334","0.23177083333333334"
"2611","0.234375","0.234375","0.234375"
"2612","0.24479166666666666","0.24479166666666666","0.24479166666666666"
"2613","0.22916666666666666","0.22916666666666666","0.22916666666666666"
"2614","0.24609375","0.24609375","0.24609375"
"2615","0.2578125","0.2578125","0.2578125"
"2616","0.23307291666666666","0.23307291666666666","0.23307291666666666"
"2617","0.2265625","0.2265625","0.2265625"
"2618","0.23307291666666666","0.23307291666666666","0.23307291666666666"
"2619","0.24609375","0.24609375","0.24609375"
"2620","0.22005208333333334","0.22005208333333334","0.22005208333333334"
"2621","0.23177083333333334","0.23177083333333334","0.23177083333333334"
"2622","0.24739583333333334","0.24739583333333334","0.24739583333333334"
"2623","0.24348958333333334","0.24348958333333334","0.24348958333333334"
"2624","0.24609375","0.24609375","0.24609375"
"2625","0.25","0.25","0.25"
"2626","0.24088541666666666","0.24088541666666666","0.24088541666666666"
"2627","0.2526041666666667","0.2526041666666667","0.2526041666666667"
"2628","0.2265625","0.2265625","0.2265625"
"2629","0.25","0.25","0.25"
"2630","0.2604166666666667","0.2604166666666667","0.2604166666666667"
"2631","0.24088541666666666","0.24088541666666666","0.24088541666666666"
"2632","0.2421875","0.2421875","0.2421875"
"2633","0.24609375","0.24609375","0.24609375"
"2634","0.2421875","0.2421875","0.2421875"
"2635","0.23958333333333334","0.23958333333333334","0.23958333333333334"
"2636","0.234375","0.234375","0.234375"
"2637","0.23307291666666666","0.23307291666666666","0.23307291666666666"
"2638","0.265625","0.265625","0.265625"
"2639","0.22916666666666666","0.22916666666666666","0.22916666666666666"
"2640","0.23046875","0.23046875","0.23046875"
"2641","0.23046875","0.23046875","0.23046875"
"2642","0.24348958333333334","0.24348958333333334","0.24348958333333334"
"2643","0.24348958333333334","0.24348958333333334","0.24348958333333334"
"2644","0.23567708333333334","0.23567708333333334","0.23567708333333334"
"2645","0.24609375","0.24609375","0.24609375"
"2646","0.25","0.25","0.25"
"2647","0.24479166666666666","0.24479166666666666","0.24479166666666666"
"2648","0.23177083333333334","0.23177083333333334","0.23177083333333334"
"2649","0.23828125","0.23828125","0.23828125"
"2650","0.2552083333333333","0.2552083333333333","0.2552083333333333"
"2651","0.23697916666666666","0.23697916666666666","0.23697916666666666"
"2652","0.234375","0.234375","0.234375"
"2653","0.23046875","0.23046875","0.23046875"
"2654","0.24348958333333334","0.24348958333333334","0.24348958333333334"
"2655","0.23828125","0.23828125","0.23828125"
"2656","0.24869791666666666","0.24869791666666666","0.24869791666666666"
"2657","0.23567708333333334","0.23567708333333334","0.23567708333333334"
"2658","0.23958333333333334","0.23958333333333334","0.23958333333333334"
"2659","0.24869791666666666","0.24869791666666666","0.24869791666666666"
"2660","0.25","0.25","0.25"
"2661","0.2721354166666667","0.2721354166666667","0.2721354166666667"
"2662","0.2265625","0.2265625","0.2265625"
"2663","0.23828125","0.23828125","0.23828125"
"2664","0.24348958333333334","0.24348958333333334","0.24348958333333334"
"2665","0.23697916666666666","0.23697916666666666","0.23697916666666666"
"2666","0.23958333333333334","0.23958333333333334","0.23958333333333334"
"2667","0.23958333333333334","0.23958333333333334","0.23958333333333334"
"2668","0.24739583333333334","0.24739583333333334","0.24739583333333334"
"2669","0.24869791666666666","0.24869791666666666","0.24869791666666666"
"2670","0.21484375","0.21484375","0.21484375"
"2671","0.23958333333333334","0.23958333333333334","0.23958333333333334"
"2672","0.2513020833333333","0.2513020833333333","0.2513020833333333"
"2673","0.2265625","0.2265625","0.2265625"
"2674","0.22526041666666666","0.22526041666666666","0.22526041666666666"
"2675","0.2565104166666667","0.2565104166666667","0.2565104166666667"
"2676","0.23828125","0.23828125","0.23828125"
"2677","0.2109375","0.2109375","0.2109375"
"2678","0.22916666666666666","0.22916666666666666","0.22916666666666666"
"2679","0.23958333333333334","0.23958333333333334","0.23958333333333334"
"2680","0.23828125","0.23828125","0.23828125"
"2681","0.2552083333333333","0.2552083333333333","0.2552083333333333"
"2682","0.25","0.25","0.25"
"2683","0.24088541666666666","0.24088541666666666","0.24088541666666666"
"2684","0.25","0.25","0.25"
"2685","0.2604166666666667","0.2604166666666667","0.2604166666666667"
"2686","0.234375","0.234375","0.234375"
"2687","0.24088541666666666","0.24088541666666666","0.24088541666666666"
"2688","0.23958333333333334","0.23958333333333334","0.23958333333333334"
"2689","0.23046875","0.23046875","0.23046875"
"2690","0.234375","0.234375","0.234375"
"2691","0.23177083333333334","0.23177083333333334","0.23177083333333334"
"2692","0.22265625","0.22265625","0.22265625"
"2693","0.24609375","0.24609375","0.24609375"
"2694","0.23958333333333334","0.23958333333333334","0.23958333333333334"
"2695","0.2552083333333333","0.2552083333333333","0.2552083333333333"
"2696","0.24348958333333334","0.24348958333333334","0.24348958333333334"
"2697","0.22786458333333334","0.22786458333333334","0.22786458333333334"
"2698","0.23828125","0.23828125","0.23828125"
"2699","0.23046875","0.23046875","0.23046875"
"2700","0.21614583333333334","0.21614583333333334","0.21614583333333334"
"2701","0.21875","0.21875","0.21875"
"2702","0.24739583333333334","0.24739583333333334","0.24739583333333334"
"2703","0.23046875","0.23046875","0.23046875"
"2704","0.23307291666666666","0.23307291666666666","0.23307291666666666"
"2705","0.22916666666666666","0.22916666666666666","0.22916666666666666"
"2706","0.234375","0.234375","0.234375"
"2707","0.234375","0.234375","0.234375"
"2708","0.2421875","0.2421875","0.2421875"
"2709","0.24088541666666666","0.24088541666666666","0.24088541666666666"
"2710","0.23828125","0.23828125","0.23828125"
"2711","0.22395833333333334","0.22395833333333334","0.22395833333333334"
"2712","0.22395833333333334","0.22395833333333334","0.22395833333333334"
"2713","0.24088541666666666","0.24088541666666666","0.24088541666666666"
"2714","0.24348958333333334","0.24348958333333334","0.24348958333333334"
"2715","0.24739583333333334","0.24739583333333334","0.24739583333333334"
"2716","0.22135416666666666","0.22135416666666666","0.22135416666666666"
"2717","0.23567708333333334","0.23567708333333334","0.23567708333333334"
"2718","0.21614583333333334","0.21614583333333334","0.21614583333333334"
"2719","0.2604166666666667","0.2604166666666667","0.2604166666666667"
"2720","0.22135416666666666","0.22135416666666666","0.22135416666666666"
"2721","0.2526041666666667","0.2526041666666667","0.2526041666666667"
"2722","0.2265625","0.2265625","0.2265625"
"2723","0.23828125","0.23828125","0.23828125"
"2724","0.23958333333333334","0.23958333333333334","0.23958333333333334"
"2725","0.2513020833333333","0.2513020833333333","0.2513020833333333"
"2726","0.22916666666666666","0.22916666666666666","0.22916666666666666"
"2727","0.2552083333333333","0.2552083333333333","0.2552083333333333"
"2728","0.25","0.25","0.25"
"2729","0.23828125","0.23828125","0.23828125"
"2730","0.25","0.25","0.25"
"2731","0.23697916666666666","0.23697916666666666","0.23697916666666666"
"2732","0.22786458333333334","0.22786458333333334","0.22786458333333334"
"2733","0.24609375","0.24609375","0.24609375"
"2734","0.23307291666666666","0.23307291666666666","0.23307291666666666"
"2735","0.24609375","0.24609375","0.24609375"
"2736","0.23697916666666666","0.23697916666666666","0.23697916666666666"
"2737","0.22135416666666666","0.22135416666666666","0.22135416666666666"
"2738","0.22786458333333334","0.22786458333333334","0.22786458333333334"
"2739","0.2721354166666667","0.2721354166666667","0.2721354166666667"
"2740","0.24479166666666666","0.24479166666666666","0.24479166666666666"
"2741","0.2591145833333333","0.2591145833333333","0.2591145833333333"
"2742","0.24739583333333334","0.24739583333333334","0.24739583333333334"
"2743","0.24479166666666666","0.24479166666666666","0.24479166666666666"
"2744","0.2565104166666667","0.2565104166666667","0.2565104166666667"
"2745","0.23046875","0.23046875","0.23046875"
"2746","0.21223958333333334","0.21223958333333334","0.21223958333333334"
"2747","0.23046875","0.23046875","0.23046875"
"2748","0.24348958333333334","0.24348958333333334","0.24348958333333334"
"2749","0.23697916666666666","0.23697916666666666","0.23697916666666666"
"2750","0.2591145833333333","0.2591145833333333","0.2591145833333333"
"2751","0.23828125","0.23828125","0.23828125"
"2752","0.2643229166666667","0.2643229166666667","0.2643229166666667"
"2753","0.2513020833333333","0.2513020833333333","0.2513020833333333"
"2754","0.23307291666666666","0.23307291666666666","0.23307291666666666"
"2755","0.23958333333333334","0.23958333333333334","0.23958333333333334"
"2756","0.22916666666666666","0.22916666666666666","0.22916666666666666"
"2757","0.24609375","0.24609375","0.24609375"
"2758","0.23828125","0.23828125","0.23828125"
"2759","0.23567708333333334","0.23567708333333334","0.23567708333333334"
"2760","0.21614583333333334","0.21614583333333334","0.21614583333333334"
"2761","0.2565104166666667","0.2565104166666667","0.2565104166666667"
"2762","0.23307291666666666","0.23307291666666666","0.23307291666666666"
"2763","0.25","0.25","0.25"
"2764","0.24609375","0.24609375","0.24609375"
"2765","0.24609375","0.24609375","0.24609375"
"2766","0.2565104166666667","0.2565104166666667","0.2565104166666667"
"2767","0.24088541666666666","0.24088541666666666","0.24088541666666666"
"2768","0.234375","0.234375","0.234375"
"2769","0.23567708333333334","0.23567708333333334","0.23567708333333334"
"2770","0.24609375","0.24609375","0.24609375"
"2771","0.25390625","0.25390625","0.25390625"
"2772","0.23307291666666666","0.23307291666666666","0.23307291666666666"
"2773","0.23307291666666666","0.23307291666666666","0.23307291666666666"
"2774","0.2630208333333333","0.2630208333333333","0.2630208333333333"
"2775","0.24348958333333334","0.24348958333333334","0.24348958333333334"
"2776","0.24088541666666666","0.24088541666666666","0.24088541666666666"
"2777","0.24479166666666666","0.24479166666666666","0.24479166666666666"
"2778","0.23958333333333334","0.23958333333333334","0.23958333333333334"
"2779","0.24739583333333334","0.24739583333333334","0.24739583333333334"
"2780","0.23697916666666666","0.23697916666666666","0.23697916666666666"
"2781","0.23177083333333334","0.23177083333333334","0.23177083333333334"
"2782","0.21875","0.21875","0.21875"
"2783","0.2421875","0.2421875","0.2421875"
"2784","0.22916666666666666","0.22916666666666666","0.22916666666666666"
"2785","0.22786458333333334","0.22786458333333334","0.22786458333333334"
"2786","0.23307291666666666","0.23307291666666666","0.23307291666666666"
"2787","0.23958333333333334","0.23958333333333334","0.23958333333333334"
"2788","0.23958333333333334","0.23958333333333334","0.23958333333333334"
"2789","0.2526041666666667","0.2526041666666667","0.2526041666666667"
"2790","0.24088541666666666","0.24088541666666666","0.24088541666666666"
"2791","0.24609375","0.24609375","0.24609375"
"2792","0.234375","0.234375","0.234375"
"2793","0.23567708333333334","0.23567708333333334","0.23567708333333334"
"2794","0.22526041666666666","0.22526041666666666","0.22526041666666666"
"2795","0.24609375","0.24609375","0.24609375"
"2796","0.2421875","0.2421875","0.2421875"
"2797","0.23828125","0.23828125","0.23828125"
"2798","0.2565104166666667","0.2565104166666667","0.2565104166666667"
"2799","0.24869791666666666","0.24869791666666666","0.24869791666666666"
"2800","0.26171875","0.26171875","0.26171875"
"2801","0.22526041666666666","0.22526041666666666","0.22526041666666666"
"2802","0.24739583333333334","0.24739583333333334","0.24739583333333334"
"2803","0.2265625","0.2265625","0.2265625"
"2804","0.24088541666666666","0.24088541666666666","0.24088541666666666"
"2805","0.2109375","0.2109375","0.2109375"
"2806","0.22135416666666666","0.22135416666666666","0.22135416666666666"
"2807","0.24609375","0.24609375","0.24609375"
"2808","0.22916666666666666","0.22916666666666666","0.22916666666666666"
"2809","0.22265625","0.22265625","0.22265625"
"2810","0.23567708333333334","0.23567708333333334","0.23567708333333334"
"2811","0.23046875","0.23046875","0.23046875"
"2812","0.22916666666666666","0.22916666666666666","0.22916666666666666"
"2813","0.24869791666666666","0.24869791666666666","0.24869791666666666"
"2814","0.24088541666666666","0.24088541666666666","0.24088541666666666"
"2815","0.2421875","0.2421875","0.2421875"
"2816","0.23307291666666666","0.23307291666666666","0.23307291666666666"
"2817","0.2513020833333333","0.2513020833333333","0.2513020833333333"
"2818","0.24479166666666666","0.24479166666666666","0.24479166666666666"
"2819","0.2265625","0.2265625","0.2265625"
"2820","0.23307291666666666","0.23307291666666666","0.23307291666666666"
"2821","0.22786458333333334","0.22786458333333334","0.22786458333333334"
"2822","0.22916666666666666","0.22916666666666666","0.22916666666666666"
"2823","0.2421875","0.2421875","0.2421875"
"2824","0.2265625","0.2265625","0.2265625"
"2825","0.2578125","0.2578125","0.2578125"
"2826","0.24348958333333334","0.24348958333333334","0.24348958333333334"
"2827","0.23177083333333334","0.23177083333333334","0.23177083333333334"
"2828","0.22395833333333334","0.22395833333333334","0.22395833333333334"
"2829","0.22265625","0.22265625","0.22265625"
"2830","0.23177083333333334","0.23177083333333334","0.23177083333333334"
"2831","0.23307291666666666","0.23307291666666666","0.23307291666666666"
"2832","0.22526041666666666","0.22526041666666666","0.22526041666666666"
"2833","0.265625","0.265625","0.265625"
"2834","0.23958333333333334","0.23958333333333334","0.23958333333333334"
"2835","0.2421875","0.2421875","0.2421875"
"2836","0.26171875","0.26171875","0.26171875"
"2837","0.2265625","0.2265625","0.2265625"
"2838","0.2421875","0.2421875","0.2421875"
"2839","0.25390625","0.25390625","0.25390625"
"2840","0.2421875","0.2421875","0.2421875"
"2841","0.23697916666666666","0.23697916666666666","0.23697916666666666"
"2842","0.2630208333333333","0.2630208333333333","0.2630208333333333"
"2843","0.23697916666666666","0.23697916666666666","0.23697916666666666"
"2844","0.2421875","0.2421875","0.2421875"
"2845","0.2513020833333333","0.2513020833333333","0.2513020833333333"
"2846","0.23307291666666666","0.23307291666666666","0.23307291666666666"
"2847","0.24739583333333334","0.24739583333333334","0.24739583333333334"
"2848","0.2565104166666667","0.2565104166666667","0.2565104166666667"
"2849","0.23177083333333334","0.23177083333333334","0.23177083333333334"
"2850","0.21484375","0.21484375","0.21484375"
"2851","0.24609375","0.24609375","0.24609375"
"2852","0.23046875","0.23046875","0.23046875"
"2853","0.2565104166666667","0.2565104166666667","0.2565104166666667"
"2854","0.24479166666666666","0.24479166666666666","0.24479166666666666"
"2855","0.2565104166666667","0.2565104166666667","0.2565104166666667"
"2856","0.23567708333333334","0.23567708333333334","0.23567708333333334"
"2857","0.234375","0.234375","0.234375"
"2858","0.23828125","0.23828125","0.23828125"
"2859","0.24479166666666666","0.24479166666666666","0.24479166666666666"
"2860","0.23958333333333334","0.23958333333333334","0.23958333333333334"
"2861","0.2552083333333333","0.2552083333333333","0.2552083333333333"
"2862","0.21744791666666666","0.21744791666666666","0.21744791666666666"
"2863","0.21614583333333334","0.21614583333333334","0.21614583333333334"
"2864","0.2526041666666667","0.2526041666666667","0.2526041666666667"
"2865","0.2513020833333333","0.2513020833333333","0.2513020833333333"
"2866","0.24609375","0.24609375","0.24609375"
"2867","0.22786458333333334","0.22786458333333334","0.22786458333333334"
"2868","0.23307291666666666","0.23307291666666666","0.23307291666666666"
"2869","0.24739583333333334","0.24739583333333334","0.24739583333333334"
"2870","0.24348958333333334","0.24348958333333334","0.24348958333333334"
"2871","0.2604166666666667","0.2604166666666667","0.2604166666666667"
"2872","0.23828125","0.23828125","0.23828125"
"2873","0.22265625","0.22265625","0.22265625"
"2874","0.24348958333333334","0.24348958333333334","0.24348958333333334"
"2875","0.24088541666666666","0.24088541666666666","0.24088541666666666"
"2876","0.2565104166666667","0.2565104166666667","0.2565104166666667"
"2877","0.23567708333333334","0.23567708333333334","0.23567708333333334"
"2878","0.23046875","0.23046875","0.23046875"
"2879","0.23697916666666666","0.23697916666666666","0.23697916666666666"
"2880","0.22395833333333334","0.22395833333333334","0.22395833333333334"
"2881","0.23307291666666666","0.23307291666666666","0.23307291666666666"
"2882","0.25390625","0.25390625","0.25390625"
"2883","0.25","0.25","0.25"
"2884","0.24869791666666666","0.24869791666666666","0.24869791666666666"
"2885","0.22395833333333334","0.22395833333333334","0.22395833333333334"
"2886","0.22786458333333334","0.22786458333333334","0.22786458333333334"
"2887","0.22526041666666666","0.22526041666666666","0.22526041666666666"
"2888","0.22395833333333334","0.22395833333333334","0.22395833333333334"
"2889","0.23958333333333334","0.23958333333333334","0.23958333333333334"
"2890","0.2708333333333333","0.2708333333333333","0.2708333333333333"
"2891","0.24609375","0.24609375","0.24609375"
"2892","0.25390625","0.25390625","0.25390625"
"2893","0.23046875","0.23046875","0.23046875"
"2894","0.24479166666666666","0.24479166666666666","0.24479166666666666"
"2895","0.2421875","0.2421875","0.2421875"
"2896","0.22786458333333334","0.22786458333333334","0.22786458333333334"
"2897","0.25390625","0.25390625","0.25390625"
"2898","0.26171875","0.26171875","0.26171875"
"2899","0.24348958333333334","0.24348958333333334","0.24348958333333334"
"2900","0.23307291666666666","0.23307291666666666","0.23307291666666666"
"2901","0.24739583333333334","0.24739583333333334","0.24739583333333334"
"2902","0.2421875","0.2421875","0.2421875"
"2903","0.23567708333333334","0.23567708333333334","0.23567708333333334"
"2904","0.23307291666666666","0.23307291666666666","0.23307291666666666"
"2905","0.23177083333333334","0.23177083333333334","0.23177083333333334"
"2906","0.2513020833333333","0.2513020833333333","0.2513020833333333"
"2907","0.26171875","0.26171875","0.26171875"
"2908","0.23958333333333334","0.23958333333333334","0.23958333333333334"
"2909","0.23307291666666666","0.23307291666666666","0.23307291666666666"
"2910","0.2421875","0.2421875","0.2421875"
"2911","0.21223958333333334","0.21223958333333334","0.21223958333333334"
"2912","0.23958333333333334","0.23958333333333334","0.23958333333333334"
"2913","0.23958333333333334","0.23958333333333334","0.23958333333333334"
"2914","0.23177083333333334","0.23177083333333334","0.23177083333333334"
"2915","0.25390625","0.25390625","0.25390625"
"2916","0.23697916666666666","0.23697916666666666","0.23697916666666666"
"2917","0.25390625","0.25390625","0.25390625"
"2918","0.24739583333333334","0.24739583333333334","0.24739583333333334"
"2919","0.22916666666666666","0.22916666666666666","0.22916666666666666"
"2920","0.24348958333333334","0.24348958333333334","0.24348958333333334"
"2921","0.23828125","0.23828125","0.23828125"
"2922","0.2526041666666667","0.2526041666666667","0.2526041666666667"
"2923","0.2682291666666667","0.2682291666666667","0.2682291666666667"
"2924","0.24088541666666666","0.24088541666666666","0.24088541666666666"
"2925","0.22005208333333334","0.22005208333333334","0.22005208333333334"
"2926","0.23307291666666666","0.23307291666666666","0.23307291666666666"
"2927","0.2552083333333333","0.2552083333333333","0.2552083333333333"
"2928","0.24739583333333334","0.24739583333333334","0.24739583333333334"
"2929","0.203125","0.203125","0.203125"
"2930","0.2578125","0.2578125","0.2578125"
"2931","0.22265625","0.22265625","0.22265625"
"2932","0.23046875","0.23046875","0.23046875"
"2933","0.22005208333333334","0.22005208333333334","0.22005208333333334"
"2934","0.24609375","0.24609375","0.24609375"
"2935","0.2552083333333333","0.2552083333333333","0.2552083333333333"
"2936","0.24869791666666666","0.24869791666666666","0.24869791666666666"
"2937","0.2630208333333333","0.2630208333333333","0.2630208333333333"
"2938","0.2526041666666667","0.2526041666666667","0.2526041666666667"
"2939","0.2421875","0.2421875","0.2421875"
"2940","0.23567708333333334","0.23567708333333334","0.23567708333333334"
"2941","0.24869791666666666","0.24869791666666666","0.24869791666666666"
"2942","0.2421875","0.2421875","0.2421875"
"2943","0.2565104166666667","0.2565104166666667","0.2565104166666667"
"2944","0.23697916666666666","0.23697916666666666","0.23697916666666666"
"2945","0.234375","0.234375","0.234375"
"2946","0.23958333333333334","0.23958333333333334","0.23958333333333334"
"2947","0.2421875","0.2421875","0.2421875"
"2948","0.2265625","0.2265625","0.2265625"
"2949","0.23697916666666666","0.23697916666666666","0.23697916666666666"
"2950","0.21223958333333334","0.21223958333333334","0.21223958333333334"
"2951","0.23697916666666666","0.23697916666666666","0.23697916666666666"
"2952","0.23177083333333334","0.23177083333333334","0.23177083333333334"
"2953","0.2526041666666667","0.2526041666666667","0.2526041666666667"
"2954","0.24609375","0.24609375","0.24609375"
"2955","0.22005208333333334","0.22005208333333334","0.22005208333333334"
"2956","0.23177083333333334","0.23177083333333334","0.23177083333333334"
"2957","0.24088541666666666","0.24088541666666666","0.24088541666666666"
"2958","0.24739583333333334","0.24739583333333334","0.24739583333333334"
"2959","0.22395833333333334","0.22395833333333334","0.22395833333333334"
"2960","0.24609375","0.24609375","0.24609375"
"2961","0.2265625","0.2265625","0.2265625"
"2962","0.23697916666666666","0.23697916666666666","0.23697916666666666"
"2963","0.24739583333333334","0.24739583333333334","0.24739583333333334"
"2964","0.23046875","0.23046875","0.23046875"
"2965","0.24479166666666666","0.24479166666666666","0.24479166666666666"
"2966","0.22135416666666666","0.22135416666666666","0.22135416666666666"
"2967","0.23307291666666666","0.23307291666666666","0.23307291666666666"
"2968","0.23567708333333334","0.23567708333333334","0.23567708333333334"
"2969","0.23828125","0.23828125","0.23828125"
"2970","0.23958333333333334","0.23958333333333334","0.23958333333333334"
"2971","0.22786458333333334","0.22786458333333334","0.22786458333333334"
"2972","0.23697916666666666","0.23697916666666666","0.23697916666666666"
"2973","0.23828125","0.23828125","0.23828125"
"2974","0.2265625","0.2265625","0.2265625"
"2975","0.23697916666666666","0.23697916666666666","0.23697916666666666"
"2976","0.24739583333333334","0.24739583333333334","0.24739583333333334"
"2977","0.23958333333333334","0.23958333333333334","0.23958333333333334"
"2978","0.23046875","0.23046875","0.23046875"
"2979","0.23567708333333334","0.23567708333333334","0.23567708333333334"
"2980","0.23177083333333334","0.23177083333333334","0.23177083333333334"
"2981","0.21744791666666666","0.21744791666666666","0.21744791666666666"
"2982","0.24348958333333334","0.24348958333333334","0.24348958333333334"
"2983","0.234375","0.234375","0.234375"
"2984","0.24609375","0.24609375","0.24609375"
"2985","0.234375","0.234375","0.234375"
"2986","0.24088541666666666","0.24088541666666666","0.24088541666666666"
"2987","0.23958333333333334","0.23958333333333334","0.23958333333333334"
"2988","0.23828125","0.23828125","0.23828125"
"2989","0.24739583333333334","0.24739583333333334","0.24739583333333334"
"2990","0.23958333333333334","0.23958333333333334","0.23958333333333334"
"2991","0.23828125","0.23828125","0.23828125"
"2992","0.234375","0.234375","0.234375"
"2993","0.2513020833333333","0.2513020833333333","0.2513020833333333"
"2994","0.2265625","0.2265625","0.2265625"
"2995","0.22916666666666666","0.22916666666666666","0.22916666666666666"
"2996","0.23958333333333334","0.23958333333333334","0.23958333333333334"
"2997","0.21875","0.21875","0.21875"
"2998","0.24739583333333334","0.24739583333333334","0.24739583333333334"
"2999","0.2630208333333333","0.2630208333333333","0.2630208333333333"
"3000","0.24479166666666666","0.24479166666666666","0.24479166666666666"
"3001","0.23307291666666666","0.23307291666666666","0.23307291666666666"
"3002","0.24609375","0.24609375","0.24609375"
"3003","0.24479166666666666","0.24479166666666666","0.24479166666666666"
"3004","0.2421875","0.2421875","0.2421875"
"3005","0.23046875","0.23046875","0.23046875"
"3006","0.24088541666666666","0.24088541666666666","0.24088541666666666"
"3007","0.24348958333333334","0.24348958333333334","0.24348958333333334"
"3008","0.23177083333333334","0.23177083333333334","0.23177083333333334"
"3009","0.23046875","0.23046875","0.23046875"
"3010","0.23567708333333334","0.23567708333333334","0.23567708333333334"
"3011","0.2604166666666667","0.2604166666666667","0.2604166666666667"
"3012","0.21875","0.21875","0.21875"
"3013","0.24869791666666666","0.24869791666666666","0.24869791666666666"
"3014","0.22526041666666666","0.22526041666666666","0.22526041666666666"
"3015","0.234375","0.234375","0.234375"
"3016","0.265625","0.265625","0.265625"
"3017","0.22916666666666666","0.22916666666666666","0.22916666666666666"
"3018","0.2604166666666667","0.2604166666666667","0.2604166666666667"
"3019","0.24088541666666666","0.24088541666666666","0.24088541666666666"
"3020","0.21354166666666666","0.21354166666666666","0.21354166666666666"
"3021","0.24348958333333334","0.24348958333333334","0.24348958333333334"
"3022","0.23177083333333334","0.23177083333333334","0.23177083333333334"
"3023","0.22526041666666666","0.22526041666666666","0.22526041666666666"
"3024","0.23697916666666666","0.23697916666666666","0.23697916666666666"
"3025","0.24739583333333334","0.24739583333333334","0.24739583333333334"
"3026","0.2513020833333333","0.2513020833333333","0.2513020833333333"
"3027","0.23958333333333334","0.23958333333333334","0.23958333333333334"
"3028","0.24739583333333334","0.24739583333333334","0.24739583333333334"
"3029","0.2591145833333333","0.2591145833333333","0.2591145833333333"
"3030","0.22005208333333334","0.22005208333333334","0.22005208333333334"
"3031","0.234375","0.234375","0.234375"
"3032","0.24348958333333334","0.24348958333333334","0.24348958333333334"
"3033","0.2552083333333333","0.2552083333333333","0.2552083333333333"
"3034","0.23307291666666666","0.23307291666666666","0.23307291666666666"
"3035","0.24348958333333334","0.24348958333333334","0.24348958333333334"
"3036","0.2669270833333333","0.2669270833333333","0.2669270833333333"
"3037","0.2552083333333333","0.2552083333333333","0.2552083333333333"
"3038","0.24479166666666666","0.24479166666666666","0.24479166666666666"
"3039","0.234375","0.234375","0.234375"
"3040","0.24348958333333334","0.24348958333333334","0.24348958333333334"
"3041","0.23958333333333334","0.23958333333333334","0.23958333333333334"
"3042","0.2578125","0.2578125","0.2578125"
"3043","0.234375","0.234375","0.234375"
"3044","0.2526041666666667","0.2526041666666667","0.2526041666666667"
"3045","0.24479166666666666","0.24479166666666666","0.24479166666666666"
"3046","0.24609375","0.24609375","0.24609375"
"3047","0.24479166666666666","0.24479166666666666","0.24479166666666666"
"3048","0.21744791666666666","0.21744791666666666","0.21744791666666666"
"3049","0.23958333333333334","0.23958333333333334","0.23958333333333334"
"3050","0.24739583333333334","0.24739583333333334","0.24739583333333334"
"3051","0.25390625","0.25390625","0.25390625"
"3052","0.24479166666666666","0.24479166666666666","0.24479166666666666"
"3053","0.2682291666666667","0.2682291666666667","0.2682291666666667"
"3054","0.234375","0.234375","0.234375"
"3055","0.22916666666666666","0.22916666666666666","0.22916666666666666"
"3056","0.22265625","0.22265625","0.22265625"
"3057","0.2265625","0.2265625","0.2265625"
"3058","0.24739583333333334","0.24739583333333334","0.24739583333333334"
"3059","0.2526041666666667","0.2526041666666667","0.2526041666666667"
"3060","0.23567708333333334","0.23567708333333334","0.23567708333333334"
"3061","0.23046875","0.23046875","0.23046875"
"3062","0.23046875","0.23046875","0.23046875"
"3063","0.22395833333333334","0.22395833333333334","0.22395833333333334"
"3064","0.23958333333333334","0.23958333333333334","0.23958333333333334"
"3065","0.24348958333333334","0.24348958333333334","0.24348958333333334"
"3066","0.2265625","0.2265625","0.2265625"
"3067","0.21614583333333334","0.21614583333333334","0.21614583333333334"
"3068","0.22526041666666666","0.22526041666666666","0.22526041666666666"
"3069","0.2421875","0.2421875","0.2421875"
"3070","0.24088541666666666","0.24088541666666666","0.24088541666666666"
"3071","0.22526041666666666","0.22526041666666666","0.22526041666666666"
"3072","0.2578125","0.2578125","0.2578125"
"3073","0.23046875","0.23046875","0.23046875"
"3074","0.23958333333333334","0.23958333333333334","0.23958333333333334"
"3075","0.23307291666666666","0.23307291666666666","0.23307291666666666"
"3076","0.24088541666666666","0.24088541666666666","0.24088541666666666"
"3077","0.24088541666666666","0.24088541666666666","0.24088541666666666"
"3078","0.24479166666666666","0.24479166666666666","0.24479166666666666"
"3079","0.21614583333333334","0.21614583333333334","0.21614583333333334"
"3080","0.2747395833333333","0.2747395833333333","0.2747395833333333"
"3081","0.24609375","0.24609375","0.24609375"
"3082","0.2421875","0.2421875","0.2421875"
"3083","0.23697916666666666","0.23697916666666666","0.23697916666666666"
"3084","0.23177083333333334","0.23177083333333334","0.23177083333333334"
"3085","0.22786458333333334","0.22786458333333334","0.22786458333333334"
"3086","0.23697916666666666","0.23697916666666666","0.23697916666666666"
"3087","0.22395833333333334","0.22395833333333334","0.22395833333333334"
"3088","0.24609375","0.24609375","0.24609375"
"3089","0.22916666666666666","0.22916666666666666","0.22916666666666666"
"3090","0.25","0.25","0.25"
"3091","0.2552083333333333","0.2552083333333333","0.2552083333333333"
"3092","0.2552083333333333","0.2552083333333333","0.2552083333333333"
"3093","0.234375","0.234375","0.234375"
"3094","0.23958333333333334","0.23958333333333334","0.23958333333333334"
"3095","0.2565104166666667","0.2565104166666667","0.2565104166666667"
"3096","0.20963541666666666","0.20963541666666666","0.20963541666666666"
"3097","0.24609375","0.24609375","0.24609375"
"3098","0.24479166666666666","0.24479166666666666","0.24479166666666666"
"3099","0.23177083333333334","0.23177083333333334","0.23177083333333334"
"3100","0.25390625","0.25390625","0.25390625"
"3101","0.2669270833333333","0.2669270833333333","0.2669270833333333"
"3102","0.24088541666666666","0.24088541666666666","0.24088541666666666"
"3103","0.23307291666666666","0.23307291666666666","0.23307291666666666"
"3104","0.2565104166666667","0.2565104166666667","0.2565104166666667"
"3105","0.24609375","0.24609375","0.24609375"
"3106","0.21223958333333334","0.21223958333333334","0.21223958333333334"
"3107","0.2421875","0.2421875","0.2421875"
"3108","0.23697916666666666","0.23697916666666666","0.23697916666666666"
"3109","0.23177083333333334","0.23177083333333334","0.23177083333333334"
"3110","0.24348958333333334","0.24348958333333334","0.24348958333333334"
"3111","0.23697916666666666","0.23697916666666666","0.23697916666666666"
"3112","0.24088541666666666","0.24088541666666666","0.24088541666666666"
"3113","0.2513020833333333","0.2513020833333333","0.2513020833333333"
"3114","0.234375","0.234375","0.234375"
"3115","0.24088541666666666","0.24088541666666666","0.24088541666666666"
"3116","0.22916666666666666","0.22916666666666666","0.22916666666666666"
"3117","0.22135416666666666","0.22135416666666666","0.22135416666666666"
"3118","0.2552083333333333","0.2552083333333333","0.2552083333333333"
"3119","0.23046875","0.23046875","0.23046875"
"3120","0.22786458333333334","0.22786458333333334","0.22786458333333334"
"3121","0.24348958333333334","0.24348958333333334","0.24348958333333334"
"3122","0.24088541666666666","0.24088541666666666","0.24088541666666666"
"3123","0.22395833333333334","0.22395833333333334","0.22395833333333334"
"3124","0.25","0.25","0.25"
"3125","0.23958333333333334","0.23958333333333334","0.23958333333333334"
"3126","0.23046875","0.23046875","0.23046875"
"3127","0.25","0.25","0.25"
"3128","0.2513020833333333","0.2513020833333333","0.2513020833333333"
"3129","0.22786458333333334","0.22786458333333334","0.22786458333333334"
"3130","0.23958333333333334","0.23958333333333334","0.23958333333333334"
"3131","0.24479166666666666","0.24479166666666666","0.24479166666666666"
"3132","0.24739583333333334","0.24739583333333334","0.24739583333333334"
"3133","0.20572916666666666","0.20572916666666666","0.20572916666666666"
"3134","0.25390625","0.25390625","0.25390625"
"3135","0.2265625","0.2265625","0.2265625"
"3136","0.22265625","0.22265625","0.22265625"
"3137","0.24479166666666666","0.24479166666666666","0.24479166666666666"
"3138","0.2578125","0.2578125","0.2578125"
"3139","0.22005208333333334","0.22005208333333334","0.22005208333333334"
"3140","0.22135416666666666","0.22135416666666666","0.22135416666666666"
"3141","0.23046875","0.23046875","0.23046875"
"3142","0.234375","0.234375","0.234375"
"3143","0.24348958333333334","0.24348958333333334","0.24348958333333334"
"3144","0.24088541666666666","0.24088541666666666","0.24088541666666666"
"3145","0.23567708333333334","0.23567708333333334","0.23567708333333334"
"3146","0.23958333333333334","0.23958333333333334","0.23958333333333334"
"3147","0.23307291666666666","0.23307291666666666","0.23307291666666666"
"3148","0.234375","0.234375","0.234375"
"3149","0.23697916666666666","0.23697916666666666","0.23697916666666666"
"3150","0.24088541666666666","0.24088541666666666","0.24088541666666666"
"3151","0.2565104166666667","0.2565104166666667","0.2565104166666667"
"3152","0.23046875","0.23046875","0.23046875"
"3153","0.24348958333333334","0.24348958333333334","0.24348958333333334"
"3154","0.2513020833333333","0.2513020833333333","0.2513020833333333"
"3155","0.25390625","0.25390625","0.25390625"
"3156","0.24739583333333334","0.24739583333333334","0.24739583333333334"
"3157","0.23567708333333334","0.23567708333333334","0.23567708333333334"
"3158","0.24609375","0.24609375","0.24609375"
"3159","0.25","0.25","0.25"
"3160","0.25","0.25","0.25"
"3161","0.2591145833333333","0.2591145833333333","0.2591145833333333"
"3162","0.2265625","0.2265625","0.2265625"
"3163","0.234375","0.234375","0.234375"
"3164","0.24088541666666666","0.24088541666666666","0.24088541666666666"
"3165","0.2265625","0.2265625","0.2265625"
"3166","0.23177083333333334","0.23177083333333334","0.23177083333333334"
"3167","0.23177083333333334","0.23177083333333334","0.23177083333333334"
"3168","0.23828125","0.23828125","0.23828125"
"3169","0.25390625","0.25390625","0.25390625"
"3170","0.24348958333333334","0.24348958333333334","0.24348958333333334"
"3171","0.2630208333333333","0.2630208333333333","0.2630208333333333"
"3172","0.23828125","0.23828125","0.23828125"
"3173","0.2513020833333333","0.2513020833333333","0.2513020833333333"
"3174","0.2552083333333333","0.2552083333333333","0.2552083333333333"
"3175","0.2591145833333333","0.2591145833333333","0.2591145833333333"
"3176","0.24088541666666666","0.24088541666666666","0.24088541666666666"
"3177","0.24088541666666666","0.24088541666666666","0.24088541666666666"
"3178","0.2526041666666667","0.2526041666666667","0.2526041666666667"
"3179","0.22395833333333334","0.22395833333333334","0.22395833333333334"
"3180","0.24479166666666666","0.24479166666666666","0.24479166666666666"
"3181","0.2421875","0.2421875","0.2421875"
"3182","0.24348958333333334","0.24348958333333334","0.24348958333333334"
"3183","0.22786458333333334","0.22786458333333334","0.22786458333333334"
"3184","0.22786458333333334","0.22786458333333334","0.22786458333333334"
"3185","0.23958333333333334","0.23958333333333334","0.23958333333333334"
"3186","0.22526041666666666","0.22526041666666666","0.22526041666666666"
"3187","0.24869791666666666","0.24869791666666666","0.24869791666666666"
"3188","0.234375","0.234375","0.234375"
"3189","0.23828125","0.23828125","0.23828125"
"3190","0.23177083333333334","0.23177083333333334","0.23177083333333334"
"3191","0.23177083333333334","0.23177083333333334","0.23177083333333334"
"3192","0.24348958333333334","0.24348958333333334","0.24348958333333334"
"3193","0.24479166666666666","0.24479166666666666","0.24479166666666666"
"3194","0.2265625","0.2265625","0.2265625"
"3195","0.22786458333333334","0.22786458333333334","0.22786458333333334"
"3196","0.24088541666666666","0.24088541666666666","0.24088541666666666"
"3197","0.2513020833333333","0.2513020833333333","0.2513020833333333"
"3198","0.22395833333333334","0.22395833333333334","0.22395833333333334"
"3199","0.25390625","0.25390625","0.25390625"
"3200","0.2265625","0.2265625","0.2265625"
"3201","0.24609375","0.24609375","0.24609375"
"3202","0.22526041666666666","0.22526041666666666","0.22526041666666666"
"3203","0.24869791666666666","0.24869791666666666","0.24869791666666666"
"3204","0.23958333333333334","0.23958333333333334","0.23958333333333334"
"3205","0.23567708333333334","0.23567708333333334","0.23567708333333334"
"3206","0.23697916666666666","0.23697916666666666","0.23697916666666666"
"3207","0.24869791666666666","0.24869791666666666","0.24869791666666666"
"3208","0.22395833333333334","0.22395833333333334","0.22395833333333334"
"3209","0.24088541666666666","0.24088541666666666","0.24088541666666666"
"3210","0.2513020833333333","0.2513020833333333","0.2513020833333333"
"3211","0.24348958333333334","0.24348958333333334","0.24348958333333334"
"3212","0.2630208333333333","0.2630208333333333","0.2630208333333333"
"3213","0.22526041666666666","0.22526041666666666","0.22526041666666666"
"3214","0.25","0.25","0.25"
"3215","0.23177083333333334","0.23177083333333334","0.23177083333333334"
"3216","0.24739583333333334","0.24739583333333334","0.24739583333333334"
"3217","0.24479166666666666","0.24479166666666666","0.24479166666666666"
"3218","0.24348958333333334","0.24348958333333334","0.24348958333333334"
"3219","0.23567708333333334","0.23567708333333334","0.23567708333333334"
"3220","0.21223958333333334","0.21223958333333334","0.21223958333333334"
"3221","0.23046875","0.23046875","0.23046875"
"3222","0.22135416666666666","0.22135416666666666","0.22135416666666666"
"3223","0.22135416666666666","0.22135416666666666","0.22135416666666666"
"3224","0.22395833333333334","0.22395833333333334","0.22395833333333334"
"3225","0.2604166666666667","0.2604166666666667","0.2604166666666667"
"3226","0.234375","0.234375","0.234375"
"3227","0.24869791666666666","0.24869791666666666","0.24869791666666666"
"3228","0.22786458333333334","0.22786458333333334","0.22786458333333334"
"3229","0.23697916666666666","0.23697916666666666","0.23697916666666666"
"3230","0.24739583333333334","0.24739583333333334","0.24739583333333334"
"3231","0.24609375","0.24609375","0.24609375"
"3232","0.24348958333333334","0.24348958333333334","0.24348958333333334"
"3233","0.23046875","0.23046875","0.23046875"
"3234","0.2578125","0.2578125","0.2578125"
"3235","0.24869791666666666","0.24869791666666666","0.24869791666666666"
"3236","0.23046875","0.23046875","0.23046875"
"3237","0.24348958333333334","0.24348958333333334","0.24348958333333334"
"3238","0.234375","0.234375","0.234375"
"3239","0.2421875","0.2421875","0.2421875"
"3240","0.22135416666666666","0.22135416666666666","0.22135416666666666"
"3241","0.2421875","0.2421875","0.2421875"
"3242","0.2421875","0.2421875","0.2421875"
"3243","0.2552083333333333","0.2552083333333333","0.2552083333333333"
"3244","0.23828125","0.23828125","0.23828125"
"3245","0.23828125","0.23828125","0.23828125"
"3246","0.23046875","0.23046875","0.23046875"
"3247","0.2265625","0.2265625","0.2265625"
"3248","0.24348958333333334","0.24348958333333334","0.24348958333333334"
"3249","0.22135416666666666","0.22135416666666666","0.22135416666666666"
"3250","0.22265625","0.22265625","0.22265625"
"3251","0.25390625","0.25390625","0.25390625"
"3252","0.234375","0.234375","0.234375"
"3253","0.2630208333333333","0.2630208333333333","0.2630208333333333"
"3254","0.23307291666666666","0.23307291666666666","0.23307291666666666"
"3255","0.25","0.25","0.25"
"3256","0.25","0.25","0.25"
"3257","0.23177083333333334","0.23177083333333334","0.23177083333333334"
"3258","0.25","0.25","0.25"
"3259","0.22786458333333334","0.22786458333333334","0.22786458333333334"
"3260","0.2265625","0.2265625","0.2265625"
"3261","0.24869791666666666","0.24869791666666666","0.24869791666666666"
"3262","0.2565104166666667","0.2565104166666667","0.2565104166666667"
"3263","0.23046875","0.23046875","0.23046875"
"3264","0.23567708333333334","0.23567708333333334","0.23567708333333334"
"3265","0.2265625","0.2265625","0.2265625"
"3266","0.22135416666666666","0.22135416666666666","0.22135416666666666"
"3267","0.22526041666666666","0.22526041666666666","0.22526041666666666"
"3268","0.2421875","0.2421875","0.2421875"
"3269","0.24479166666666666","0.24479166666666666","0.24479166666666666"
"3270","0.24869791666666666","0.24869791666666666","0.24869791666666666"
"3271","0.23697916666666666","0.23697916666666666","0.23697916666666666"
"3272","0.24609375","0.24609375","0.24609375"
"3273","0.24088541666666666","0.24088541666666666","0.24088541666666666"
"3274","0.24348958333333334","0.24348958333333334","0.24348958333333334"
"3275","0.23958333333333334","0.23958333333333334","0.23958333333333334"
"3276","0.23697916666666666","0.23697916666666666","0.23697916666666666"
"3277","0.23177083333333334","0.23177083333333334","0.23177083333333334"
"3278","0.2630208333333333","0.2630208333333333","0.2630208333333333"
"3279","0.23046875","0.23046875","0.23046875"
"3280","0.24348958333333334","0.24348958333333334","0.24348958333333334"
"3281","0.2265625","0.2265625","0.2265625"
"3282","0.2421875","0.2421875","0.2421875"
"3283","0.23958333333333334","0.23958333333333334","0.23958333333333334"
"3284","0.21875","0.21875","0.21875"
"3285","0.23958333333333334","0.23958333333333334","0.23958333333333334"
"3286","0.19270833333333334","0.19270833333333334","0.19270833333333334"
"3287","0.24088541666666666","0.24088541666666666","0.24088541666666666"
"3288","0.21354166666666666","0.21354166666666666","0.21354166666666666"
"3289","0.23177083333333334","0.23177083333333334","0.23177083333333334"
"3290","0.23567708333333334","0.23567708333333334","0.23567708333333334"
"3291","0.23307291666666666","0.23307291666666666","0.23307291666666666"
"3292","0.2421875","0.2421875","0.2421875"
"3293","0.234375","0.234375","0.234375"
"3294","0.2265625","0.2265625","0.2265625"
"3295","0.234375","0.234375","0.234375"
"3296","0.23307291666666666","0.23307291666666666","0.23307291666666666"
"3297","0.2421875","0.2421875","0.2421875"
"3298","0.25","0.25","0.25"
"3299","0.234375","0.234375","0.234375"
"3300","0.23567708333333334","0.23567708333333334","0.23567708333333334"
"3301","0.24869791666666666","0.24869791666666666","0.24869791666666666"
"3302","0.23307291666666666","0.23307291666666666","0.23307291666666666"
"3303","0.2513020833333333","0.2513020833333333","0.2513020833333333"
"3304","0.21744791666666666","0.21744791666666666","0.21744791666666666"
"3305","0.22916666666666666","0.22916666666666666","0.22916666666666666"
"3306","0.22916666666666666","0.22916666666666666","0.22916666666666666"
"3307","0.22786458333333334","0.22786458333333334","0.22786458333333334"
"3308","0.24348958333333334","0.24348958333333334","0.24348958333333334"
"3309","0.2513020833333333","0.2513020833333333","0.2513020833333333"
"3310","0.2526041666666667","0.2526041666666667","0.2526041666666667"
"3311","0.22526041666666666","0.22526041666666666","0.22526041666666666"
"3312","0.22526041666666666","0.22526041666666666","0.22526041666666666"
"3313","0.24479166666666666","0.24479166666666666","0.24479166666666666"
"3314","0.24609375","0.24609375","0.24609375"
"3315","0.23307291666666666","0.23307291666666666","0.23307291666666666"
"3316","0.2513020833333333","0.2513020833333333","0.2513020833333333"
"3317","0.23697916666666666","0.23697916666666666","0.23697916666666666"
"3318","0.24609375","0.24609375","0.24609375"
"3319","0.23567708333333334","0.23567708333333334","0.23567708333333334"
"3320","0.24088541666666666","0.24088541666666666","0.24088541666666666"
"3321","0.23958333333333334","0.23958333333333334","0.23958333333333334"
"3322","0.23046875","0.23046875","0.23046875"
"3323","0.23828125","0.23828125","0.23828125"
"3324","0.2265625","0.2265625","0.2265625"
"3325","0.24609375","0.24609375","0.24609375"
"3326","0.23307291666666666","0.23307291666666666","0.23307291666666666"
"3327","0.24348958333333334","0.24348958333333334","0.24348958333333334"
"3328","0.234375","0.234375","0.234375"
"3329","0.22916666666666666","0.22916666666666666","0.22916666666666666"
"3330","0.23697916666666666","0.23697916666666666","0.23697916666666666"
"3331","0.2109375","0.2109375","0.2109375"
"3332","0.24739583333333334","0.24739583333333334","0.24739583333333334"
"3333","0.23177083333333334","0.23177083333333334","0.23177083333333334"
"3334","0.24088541666666666","0.24088541666666666","0.24088541666666666"
"3335","0.23958333333333334","0.23958333333333334","0.23958333333333334"
"3336","0.24088541666666666","0.24088541666666666","0.24088541666666666"
"3337","0.2591145833333333","0.2591145833333333","0.2591145833333333"
"3338","0.22916666666666666","0.22916666666666666","0.22916666666666666"
"3339","0.23177083333333334","0.23177083333333334","0.23177083333333334"
"3340","0.23307291666666666","0.23307291666666666","0.23307291666666666"
"3341","0.234375","0.234375","0.234375"
"3342","0.22786458333333334","0.22786458333333334","0.22786458333333334"
"3343","0.23177083333333334","0.23177083333333334","0.23177083333333334"
"3344","0.24088541666666666","0.24088541666666666","0.24088541666666666"
"3345","0.23177083333333334","0.23177083333333334","0.23177083333333334"
"3346","0.24348958333333334","0.24348958333333334","0.24348958333333334"
"3347","0.22526041666666666","0.22526041666666666","0.22526041666666666"
"3348","0.20572916666666666","0.20572916666666666","0.20572916666666666"
"3349","0.2513020833333333","0.2513020833333333","0.2513020833333333"
"3350","0.24088541666666666","0.24088541666666666","0.24088541666666666"
"3351","0.23567708333333334","0.23567708333333334","0.23567708333333334"
"3352","0.25","0.25","0.25"
"3353","0.24348958333333334","0.24348958333333334","0.24348958333333334"
"3354","0.23828125","0.23828125","0.23828125"
"3355","0.2552083333333333","0.2552083333333333","0.2552083333333333"
"3356","0.24348958333333334","0.24348958333333334","0.24348958333333334"
"3357","0.21744791666666666","0.21744791666666666","0.21744791666666666"
"3358","0.22005208333333334","0.22005208333333334","0.22005208333333334"
"3359","0.24869791666666666","0.24869791666666666","0.24869791666666666"
"3360","0.2578125","0.2578125","0.2578125"
"3361","0.23828125","0.23828125","0.23828125"
"3362","0.2513020833333333","0.2513020833333333","0.2513020833333333"
"3363","0.23177083333333334","0.23177083333333334","0.23177083333333334"
"3364","0.24739583333333334","0.24739583333333334","0.24739583333333334"
"3365","0.2604166666666667","0.2604166666666667","0.2604166666666667"
"3366","0.26171875","0.26171875","0.26171875"
"3367","0.24869791666666666","0.24869791666666666","0.24869791666666666"
"3368","0.21875","0.21875","0.21875"
"3369","0.23177083333333334","0.23177083333333334","0.23177083333333334"
"3370","0.23307291666666666","0.23307291666666666","0.23307291666666666"
"3371","0.23307291666666666","0.23307291666666666","0.23307291666666666"
"3372","0.23697916666666666","0.23697916666666666","0.23697916666666666"
"3373","0.22265625","0.22265625","0.22265625"
"3374","0.23697916666666666","0.23697916666666666","0.23697916666666666"
"3375","0.24609375","0.24609375","0.24609375"
"3376","0.2526041666666667","0.2526041666666667","0.2526041666666667"
"3377","0.24609375","0.24609375","0.24609375"
"3378","0.22395833333333334","0.22395833333333334","0.22395833333333334"
"3379","0.24609375","0.24609375","0.24609375"
"3380","0.23828125","0.23828125","0.23828125"
"3381","0.24739583333333334","0.24739583333333334","0.24739583333333334"
"3382","0.23958333333333334","0.23958333333333334","0.23958333333333334"
"3383","0.234375","0.234375","0.234375"
"3384","0.20833333333333334","0.20833333333333334","0.20833333333333334"
"3385","0.24088541666666666","0.24088541666666666","0.24088541666666666"
"3386","0.24479166666666666","0.24479166666666666","0.24479166666666666"
"3387","0.2630208333333333","0.2630208333333333","0.2630208333333333"
"3388","0.21614583333333334","0.21614583333333334","0.21614583333333334"
"3389","0.26171875","0.26171875","0.26171875"
"3390","0.2265625","0.2265625","0.2265625"
"3391","0.24739583333333334","0.24739583333333334","0.24739583333333334"
"3392","0.25","0.25","0.25"
"3393","0.23307291666666666","0.23307291666666666","0.23307291666666666"
"3394","0.24479166666666666","0.24479166666666666","0.24479166666666666"
"3395","0.24088541666666666","0.24088541666666666","0.24088541666666666"
"3396","0.22916666666666666","0.22916666666666666","0.22916666666666666"
"3397","0.25","0.25","0.25"
"3398","0.24088541666666666","0.24088541666666666","0.24088541666666666"
"3399","0.23307291666666666","0.23307291666666666","0.23307291666666666"
"3400","0.23307291666666666","0.23307291666666666","0.23307291666666666"
"3401","0.23177083333333334","0.23177083333333334","0.23177083333333334"
"3402","0.2591145833333333","0.2591145833333333","0.2591145833333333"
"3403","0.2552083333333333","0.2552083333333333","0.2552083333333333"
"3404","0.2265625","0.2265625","0.2265625"
"3405","0.26171875","0.26171875","0.26171875"
"3406","0.23567708333333334","0.23567708333333334","0.23567708333333334"
"3407","0.2421875","0.2421875","0.2421875"
"3408","0.2421875","0.2421875","0.2421875"
"3409","0.23307291666666666","0.23307291666666666","0.23307291666666666"
"3410","0.23958333333333334","0.23958333333333334","0.23958333333333334"
"3411","0.21614583333333334","0.21614583333333334","0.21614583333333334"
"3412","0.23697916666666666","0.23697916666666666","0.23697916666666666"
"3413","0.25390625","0.25390625","0.25390625"
"3414","0.2421875","0.2421875","0.2421875"
"3415","0.2643229166666667","0.2643229166666667","0.2643229166666667"
"3416","0.21875","0.21875","0.21875"
"3417","0.23697916666666666","0.23697916666666666","0.23697916666666666"
"3418","0.2578125","0.2578125","0.2578125"
"3419","0.2513020833333333","0.2513020833333333","0.2513020833333333"
"3420","0.234375","0.234375","0.234375"
"3421","0.23177083333333334","0.23177083333333334","0.23177083333333334"
"3422","0.24348958333333334","0.24348958333333334","0.24348958333333334"
"3423","0.22005208333333334","0.22005208333333334","0.22005208333333334"
"3424","0.24609375","0.24609375","0.24609375"
"3425","0.22135416666666666","0.22135416666666666","0.22135416666666666"
"3426","0.23958333333333334","0.23958333333333334","0.23958333333333334"
"3427","0.24479166666666666","0.24479166666666666","0.24479166666666666"
"3428","0.20572916666666666","0.20572916666666666","0.20572916666666666"
"3429","0.2552083333333333","0.2552083333333333","0.2552083333333333"
"3430","0.24348958333333334","0.24348958333333334","0.24348958333333334"
"3431","0.22786458333333334","0.22786458333333334","0.22786458333333334"
"3432","0.23307291666666666","0.23307291666666666","0.23307291666666666"
"3433","0.24739583333333334","0.24739583333333334","0.24739583333333334"
"3434","0.2565104166666667","0.2565104166666667","0.2565104166666667"
"3435","0.22135416666666666","0.22135416666666666","0.22135416666666666"
"3436","0.22395833333333334","0.22395833333333334","0.22395833333333334"
"3437","0.22265625","0.22265625","0.22265625"
"3438","0.22395833333333334","0.22395833333333334","0.22395833333333334"
"3439","0.25390625","0.25390625","0.25390625"
"3440","0.23697916666666666","0.23697916666666666","0.23697916666666666"
"3441","0.2421875","0.2421875","0.2421875"
"3442","0.22916666666666666","0.22916666666666666","0.22916666666666666"
"3443","0.24479166666666666","0.24479166666666666","0.24479166666666666"
"3444","0.23567708333333334","0.23567708333333334","0.23567708333333334"
"3445","0.2630208333333333","0.2630208333333333","0.2630208333333333"
"3446","0.23828125","0.23828125","0.23828125"
"3447","0.21354166666666666","0.21354166666666666","0.21354166666666666"
"3448","0.23828125","0.23828125","0.23828125"
"3449","0.23567708333333334","0.23567708333333334","0.23567708333333334"
"3450","0.23697916666666666","0.23697916666666666","0.23697916666666666"
"3451","0.2513020833333333","0.2513020833333333","0.2513020833333333"
"3452","0.23567708333333334","0.23567708333333334","0.23567708333333334"
"3453","0.21614583333333334","0.21614583333333334","0.21614583333333334"
"3454","0.23567708333333334","0.23567708333333334","0.23567708333333334"
"3455","0.2526041666666667","0.2526041666666667","0.2526041666666667"
"3456","0.23046875","0.23046875","0.23046875"
"3457","0.22395833333333334","0.22395833333333334","0.22395833333333334"
"3458","0.24479166666666666","0.24479166666666666","0.24479166666666666"
"3459","0.23697916666666666","0.23697916666666666","0.23697916666666666"
"3460","0.22526041666666666","0.22526041666666666","0.22526041666666666"
"3461","0.25390625","0.25390625","0.25390625"
"3462","0.23177083333333334","0.23177083333333334","0.23177083333333334"
"3463","0.22786458333333334","0.22786458333333334","0.22786458333333334"
"3464","0.23567708333333334","0.23567708333333334","0.23567708333333334"
"3465","0.25","0.25","0.25"
"3466","0.24479166666666666","0.24479166666666666","0.24479166666666666"
"3467","0.24479166666666666","0.24479166666666666","0.24479166666666666"
"3468","0.23697916666666666","0.23697916666666666","0.23697916666666666"
"3469","0.25390625","0.25390625","0.25390625"
"3470","0.22005208333333334","0.22005208333333334","0.22005208333333334"
"3471","0.22135416666666666","0.22135416666666666","0.22135416666666666"
"3472","0.24348958333333334","0.24348958333333334","0.24348958333333334"
"3473","0.2265625","0.2265625","0.2265625"
"3474","0.25","0.25","0.25"
"3475","0.23958333333333334","0.23958333333333334","0.23958333333333334"
"3476","0.2265625","0.2265625","0.2265625"
"3477","0.23177083333333334","0.23177083333333334","0.23177083333333334"
"3478","0.2421875","0.2421875","0.2421875"
"3479","0.24479166666666666","0.24479166666666666","0.24479166666666666"
"3480","0.23828125","0.23828125","0.23828125"
"3481","0.23958333333333334","0.23958333333333334","0.23958333333333334"
"3482","0.2682291666666667","0.2682291666666667","0.2682291666666667"
"3483","0.25390625","0.25390625","0.25390625"
"3484","0.2265625","0.2265625","0.2265625"
"3485","0.21744791666666666","0.21744791666666666","0.21744791666666666"
"3486","0.23697916666666666","0.23697916666666666","0.23697916666666666"
"3487","0.25390625","0.25390625","0.25390625"
"3488","0.23697916666666666","0.23697916666666666","0.23697916666666666"
"3489","0.2630208333333333","0.2630208333333333","0.2630208333333333"
"3490","0.2604166666666667","0.2604166666666667","0.2604166666666667"
"3491","0.234375","0.234375","0.234375"
"3492","0.26171875","0.26171875","0.26171875"
"3493","0.23046875","0.23046875","0.23046875"
"3494","0.22916666666666666","0.22916666666666666","0.22916666666666666"
"3495","0.23697916666666666","0.23697916666666666","0.23697916666666666"
"3496","0.20963541666666666","0.20963541666666666","0.20963541666666666"
"3497","0.23697916666666666","0.23697916666666666","0.23697916666666666"
"3498","0.22916666666666666","0.22916666666666666","0.22916666666666666"
"3499","0.21354166666666666","0.21354166666666666","0.21354166666666666"
"3500","0.23307291666666666","0.23307291666666666","0.23307291666666666"
"3501","0.2526041666666667","0.2526041666666667","0.2526041666666667"
"3502","0.2565104166666667","0.2565104166666667","0.2565104166666667"
"3503","0.2421875","0.2421875","0.2421875"
"3504","0.23828125","0.23828125","0.23828125"
"3505","0.22916666666666666","0.22916666666666666","0.22916666666666666"
"3506","0.22916666666666666","0.22916666666666666","0.22916666666666666"
"3507","0.22395833333333334","0.22395833333333334","0.22395833333333334"
"3508","0.23567708333333334","0.23567708333333334","0.23567708333333334"
"3509","0.23177083333333334","0.23177083333333334","0.23177083333333334"
"3510","0.25","0.25","0.25"
"3511","0.2265625","0.2265625","0.2265625"
"3512","0.25","0.25","0.25"
"3513","0.24479166666666666","0.24479166666666666","0.24479166666666666"
"3514","0.25","0.25","0.25"
"3515","0.2513020833333333","0.2513020833333333","0.2513020833333333"
"3516","0.25390625","0.25390625","0.25390625"
"3517","0.2513020833333333","0.2513020833333333","0.2513020833333333"
"3518","0.24869791666666666","0.24869791666666666","0.24869791666666666"
"3519","0.22135416666666666","0.22135416666666666","0.22135416666666666"
"3520","0.2526041666666667","0.2526041666666667","0.2526041666666667"
"3521","0.24739583333333334","0.24739583333333334","0.24739583333333334"
"3522","0.23567708333333334","0.23567708333333334","0.23567708333333334"
"3523","0.24869791666666666","0.24869791666666666","0.24869791666666666"
"3524","0.21614583333333334","0.21614583333333334","0.21614583333333334"
"3525","0.24739583333333334","0.24739583333333334","0.24739583333333334"
"3526","0.21875","0.21875","0.21875"
"3527","0.24479166666666666","0.24479166666666666","0.24479166666666666"
"3528","0.24088541666666666","0.24088541666666666","0.24088541666666666"
"3529","0.23828125","0.23828125","0.23828125"
"3530","0.22526041666666666","0.22526041666666666","0.22526041666666666"
"3531","0.21223958333333334","0.21223958333333334","0.21223958333333334"
"3532","0.22916666666666666","0.22916666666666666","0.22916666666666666"
"3533","0.2421875","0.2421875","0.2421875"
"3534","0.23958333333333334","0.23958333333333334","0.23958333333333334"
"3535","0.234375","0.234375","0.234375"
"3536","0.2552083333333333","0.2552083333333333","0.2552083333333333"
"3537","0.2552083333333333","0.2552083333333333","0.2552083333333333"
"3538","0.21875","0.21875","0.21875"
"3539","0.23697916666666666","0.23697916666666666","0.23697916666666666"
"3540","0.22005208333333334","0.22005208333333334","0.22005208333333334"
"3541","0.24479166666666666","0.24479166666666666","0.24479166666666666"
"3542","0.25","0.25","0.25"
"3543","0.21744791666666666","0.21744791666666666","0.21744791666666666"
"3544","0.24088541666666666","0.24088541666666666","0.24088541666666666"
"3545","0.23958333333333334","0.23958333333333334","0.23958333333333334"
"3546","0.25","0.25","0.25"
"3547","0.21354166666666666","0.21354166666666666","0.21354166666666666"
"3548","0.234375","0.234375","0.234375"
"3549","0.24609375","0.24609375","0.24609375"
"3550","0.22395833333333334","0.22395833333333334","0.22395833333333334"
"3551","0.23177083333333334","0.23177083333333334","0.23177083333333334"
"3552","0.24479166666666666","0.24479166666666666","0.24479166666666666"
"3553","0.21744791666666666","0.21744791666666666","0.21744791666666666"
"3554","0.2265625","0.2265625","0.2265625"
"3555","0.23046875","0.23046875","0.23046875"
"3556","0.24739583333333334","0.24739583333333334","0.24739583333333334"
"3557","0.21744791666666666","0.21744791666666666","0.21744791666666666"
"3558","0.25","0.25","0.25"
"3559","0.234375","0.234375","0.234375"
"3560","0.23958333333333334","0.23958333333333334","0.23958333333333334"
"3561","0.2513020833333333","0.2513020833333333","0.2513020833333333"
"3562","0.23307291666666666","0.23307291666666666","0.23307291666666666"
"3563","0.2265625","0.2265625","0.2265625"
"3564","0.24869791666666666","0.24869791666666666","0.24869791666666666"
"3565","0.22916666666666666","0.22916666666666666","0.22916666666666666"
"3566","0.234375","0.234375","0.234375"
"3567","0.2591145833333333","0.2591145833333333","0.2591145833333333"
"3568","0.24739583333333334","0.24739583333333334","0.24739583333333334"
"3569","0.23046875","0.23046875","0.23046875"
"3570","0.24739583333333334","0.24739583333333334","0.24739583333333334"
"3571","0.265625","0.265625","0.265625"
"3572","0.22265625","0.22265625","0.22265625"
"3573","0.2604166666666667","0.2604166666666667","0.2604166666666667"
"3574","0.22916666666666666","0.22916666666666666","0.22916666666666666"
"3575","0.25","0.25","0.25"
"3576","0.21875","0.21875","0.21875"
"3577","0.2265625","0.2265625","0.2265625"
"3578","0.2421875","0.2421875","0.2421875"
"3579","0.25390625","0.25390625","0.25390625"
"3580","0.23828125","0.23828125","0.23828125"
"3581","0.23958333333333334","0.23958333333333334","0.23958333333333334"
"3582","0.23828125","0.23828125","0.23828125"
"3583","0.2526041666666667","0.2526041666666667","0.2526041666666667"
"3584","0.24348958333333334","0.24348958333333334","0.24348958333333334"
"3585","0.22395833333333334","0.22395833333333334","0.22395833333333334"
"3586","0.2526041666666667","0.2526041666666667","0.2526041666666667"
"3587","0.2578125","0.2578125","0.2578125"
"3588","0.21614583333333334","0.21614583333333334","0.21614583333333334"
"3589","0.24609375","0.24609375","0.24609375"
"3590","0.24088541666666666","0.24088541666666666","0.24088541666666666"
"3591","0.23828125","0.23828125","0.23828125"
"3592","0.24348958333333334","0.24348958333333334","0.24348958333333334"
"3593","0.22786458333333334","0.22786458333333334","0.22786458333333334"
"3594","0.23046875","0.23046875","0.23046875"
"3595","0.23307291666666666","0.23307291666666666","0.23307291666666666"
"3596","0.23958333333333334","0.23958333333333334","0.23958333333333334"
"3597","0.24739583333333334","0.24739583333333334","0.24739583333333334"
"3598","0.23958333333333334","0.23958333333333334","0.23958333333333334"
"3599","0.23177083333333334","0.23177083333333334","0.23177083333333334"
"3600","0.23307291666666666","0.23307291666666666","0.23307291666666666"
"3601","0.21354166666666666","0.21354166666666666","0.21354166666666666"
"3602","0.24348958333333334","0.24348958333333334","0.24348958333333334"
"3603","0.23958333333333334","0.23958333333333334","0.23958333333333334"
"3604","0.23697916666666666","0.23697916666666666","0.23697916666666666"
"3605","0.23958333333333334","0.23958333333333334","0.23958333333333334"
"3606","0.25","0.25","0.25"
"3607","0.24479166666666666","0.24479166666666666","0.24479166666666666"
"3608","0.23046875","0.23046875","0.23046875"
"3609","0.25","0.25","0.25"
"3610","0.23567708333333334","0.23567708333333334","0.23567708333333334"
"3611","0.2421875","0.2421875","0.2421875"
"3612","0.23046875","0.23046875","0.23046875"
"3613","0.2265625","0.2265625","0.2265625"
"3614","0.24739583333333334","0.24739583333333334","0.24739583333333334"
"3615","0.25390625","0.25390625","0.25390625"
"3616","0.23828125","0.23828125","0.23828125"
"3617","0.22786458333333334","0.22786458333333334","0.22786458333333334"
"3618","0.24348958333333334","0.24348958333333334","0.24348958333333334"
"3619","0.24088541666666666","0.24088541666666666","0.24088541666666666"
"3620","0.2526041666666667","0.2526041666666667","0.2526041666666667"
"3621","0.234375","0.234375","0.234375"
"3622","0.23697916666666666","0.23697916666666666","0.23697916666666666"
"3623","0.21484375","0.21484375","0.21484375"
"3624","0.24609375","0.24609375","0.24609375"
"3625","0.23177083333333334","0.23177083333333334","0.23177083333333334"
"3626","0.23177083333333334","0.23177083333333334","0.23177083333333334"
"3627","0.24479166666666666","0.24479166666666666","0.24479166666666666"
"3628","0.23958333333333334","0.23958333333333334","0.23958333333333334"
"3629","0.2578125","0.2578125","0.2578125"
"3630","0.24348958333333334","0.24348958333333334","0.24348958333333334"
"3631","0.21614583333333334","0.21614583333333334","0.21614583333333334"
"3632","0.24348958333333334","0.24348958333333334","0.24348958333333334"
"3633","0.23307291666666666","0.23307291666666666","0.23307291666666666"
"3634","0.24609375","0.24609375","0.24609375"
"3635","0.22916666666666666","0.22916666666666666","0.22916666666666666"
"3636","0.23958333333333334","0.23958333333333334","0.23958333333333334"
"3637","0.24348958333333334","0.24348958333333334","0.24348958333333334"
"3638","0.22526041666666666","0.22526041666666666","0.22526041666666666"
"3639","0.24609375","0.24609375","0.24609375"
"3640","0.2265625","0.2265625","0.2265625"
"3641","0.23958333333333334","0.23958333333333334","0.23958333333333334"
"3642","0.23177083333333334","0.23177083333333334","0.23177083333333334"
"3643","0.21484375","0.21484375","0.21484375"
"3644","0.22916666666666666","0.22916666666666666","0.22916666666666666"
"3645","0.2513020833333333","0.2513020833333333","0.2513020833333333"
"3646","0.21614583333333334","0.21614583333333334","0.21614583333333334"
"3647","0.23567708333333334","0.23567708333333334","0.23567708333333334"
"3648","0.23828125","0.23828125","0.23828125"
"3649","0.2265625","0.2265625","0.2265625"
"3650","0.23697916666666666","0.23697916666666666","0.23697916666666666"
"3651","0.23958333333333334","0.23958333333333334","0.23958333333333334"
"3652","0.23828125","0.23828125","0.23828125"
"3653","0.25","0.25","0.25"
"3654","0.21614583333333334","0.21614583333333334","0.21614583333333334"
"3655","0.23307291666666666","0.23307291666666666","0.23307291666666666"
"3656","0.24348958333333334","0.24348958333333334","0.24348958333333334"
"3657","0.2565104166666667","0.2565104166666667","0.2565104166666667"
"3658","0.24609375","0.24609375","0.24609375"
"3659","0.24609375","0.24609375","0.24609375"
"3660","0.24609375","0.24609375","0.24609375"
"3661","0.23307291666666666","0.23307291666666666","0.23307291666666666"
"3662","0.2421875","0.2421875","0.2421875"
"3663","0.2421875","0.2421875","0.2421875"
"3664","0.23697916666666666","0.23697916666666666","0.23697916666666666"
"3665","0.23046875","0.23046875","0.23046875"
"3666","0.22135416666666666","0.22135416666666666","0.22135416666666666"
"3667","0.24609375","0.24609375","0.24609375"
"3668","0.22786458333333334","0.22786458333333334","0.22786458333333334"
"3669","0.23958333333333334","0.23958333333333334","0.23958333333333334"
"3670","0.234375","0.234375","0.234375"
"3671","0.21875","0.21875","0.21875"
"3672","0.22916666666666666","0.22916666666666666","0.22916666666666666"
"3673","0.2421875","0.2421875","0.2421875"
"3674","0.24088541666666666","0.24088541666666666","0.24088541666666666"
"3675","0.22526041666666666","0.22526041666666666","0.22526041666666666"
"3676","0.24609375","0.24609375","0.24609375"
"3677","0.21354166666666666","0.21354166666666666","0.21354166666666666"
"3678","0.23046875","0.23046875","0.23046875"
"3679","0.2421875","0.2421875","0.2421875"
"3680","0.24088541666666666","0.24088541666666666","0.24088541666666666"
"3681","0.23046875","0.23046875","0.23046875"
"3682","0.24088541666666666","0.24088541666666666","0.24088541666666666"
"3683","0.234375","0.234375","0.234375"
"3684","0.2526041666666667","0.2526041666666667","0.2526041666666667"
"3685","0.23697916666666666","0.23697916666666666","0.23697916666666666"
"3686","0.24088541666666666","0.24088541666666666","0.24088541666666666"
"3687","0.2552083333333333","0.2552083333333333","0.2552083333333333"
"3688","0.24479166666666666","0.24479166666666666","0.24479166666666666"
"3689","0.23177083333333334","0.23177083333333334","0.23177083333333334"
"3690","0.22135416666666666","0.22135416666666666","0.22135416666666666"
"3691","0.23958333333333334","0.23958333333333334","0.23958333333333334"
"3692","0.2513020833333333","0.2513020833333333","0.2513020833333333"
"3693","0.24088541666666666","0.24088541666666666","0.24088541666666666"
"3694","0.24088541666666666","0.24088541666666666","0.24088541666666666"
"3695","0.22395833333333334","0.22395833333333334","0.22395833333333334"
"3696","0.23958333333333334","0.23958333333333334","0.23958333333333334"
"3697","0.22916666666666666","0.22916666666666666","0.22916666666666666"
"3698","0.24739583333333334","0.24739583333333334","0.24739583333333334"
"3699","0.24479166666666666","0.24479166666666666","0.24479166666666666"
"3700","0.23697916666666666","0.23697916666666666","0.23697916666666666"
"3701","0.2265625","0.2265625","0.2265625"
"3702","0.21875","0.21875","0.21875"
"3703","0.234375","0.234375","0.234375"
"3704","0.23958333333333334","0.23958333333333334","0.23958333333333334"
"3705","0.23567708333333334","0.23567708333333334","0.23567708333333334"
"3706","0.22526041666666666","0.22526041666666666","0.22526041666666666"
"3707","0.234375","0.234375","0.234375"
"3708","0.23958333333333334","0.23958333333333334","0.23958333333333334"
"3709","0.25","0.25","0.25"
"3710","0.23697916666666666","0.23697916666666666","0.23697916666666666"
"3711","0.2526041666666667","0.2526041666666667","0.2526041666666667"
"3712","0.23567708333333334","0.23567708333333334","0.23567708333333334"
"3713","0.23958333333333334","0.23958333333333334","0.23958333333333334"
"3714","0.23828125","0.23828125","0.23828125"
"3715","0.22395833333333334","0.22395833333333334","0.22395833333333334"
"3716","0.23177083333333334","0.23177083333333334","0.23177083333333334"
"3717","0.2265625","0.2265625","0.2265625"
"3718","0.23307291666666666","0.23307291666666666","0.23307291666666666"
"3719","0.234375","0.234375","0.234375"
"3720","0.22786458333333334","0.22786458333333334","0.22786458333333334"
"3721","0.234375","0.234375","0.234375"
"3722","0.2578125","0.2578125","0.2578125"
"3723","0.24479166666666666","0.24479166666666666","0.24479166666666666"
"3724","0.22786458333333334","0.22786458333333334","0.22786458333333334"
"3725","0.24869791666666666","0.24869791666666666","0.24869791666666666"
"3726","0.23177083333333334","0.23177083333333334","0.23177083333333334"
"3727","0.24739583333333334","0.24739583333333334","0.24739583333333334"
"3728","0.24088541666666666","0.24088541666666666","0.24088541666666666"
"3729","0.2565104166666667","0.2565104166666667","0.2565104166666667"
"3730","0.24348958333333334","0.24348958333333334","0.24348958333333334"
"3731","0.234375","0.234375","0.234375"
"3732","0.23958333333333334","0.23958333333333334","0.23958333333333334"
"3733","0.234375","0.234375","0.234375"
"3734","0.2552083333333333","0.2552083333333333","0.2552083333333333"
"3735","0.234375","0.234375","0.234375"
"3736","0.23958333333333334","0.23958333333333334","0.23958333333333334"
"3737","0.23697916666666666","0.23697916666666666","0.23697916666666666"
"3738","0.24609375","0.24609375","0.24609375"
"3739","0.23567708333333334","0.23567708333333334","0.23567708333333334"
"3740","0.21875","0.21875","0.21875"
"3741","0.2565104166666667","0.2565104166666667","0.2565104166666667"
"3742","0.22916666666666666","0.22916666666666666","0.22916666666666666"
"3743","0.23567708333333334","0.23567708333333334","0.23567708333333334"
"3744","0.21744791666666666","0.21744791666666666","0.21744791666666666"
"3745","0.23046875","0.23046875","0.23046875"
"3746","0.22786458333333334","0.22786458333333334","0.22786458333333334"
"3747","0.22526041666666666","0.22526041666666666","0.22526041666666666"
"3748","0.24088541666666666","0.24088541666666666","0.24088541666666666"
"3749","0.234375","0.234375","0.234375"
"3750","0.23828125","0.23828125","0.23828125"
"3751","0.23958333333333334","0.23958333333333334","0.23958333333333334"
"3752","0.2421875","0.2421875","0.2421875"
"3753","0.24348958333333334","0.24348958333333334","0.24348958333333334"
"3754","0.24739583333333334","0.24739583333333334","0.24739583333333334"
"3755","0.22395833333333334","0.22395833333333334","0.22395833333333334"
"3756","0.2552083333333333","0.2552083333333333","0.2552083333333333"
"3757","0.24869791666666666","0.24869791666666666","0.24869791666666666"
"3758","0.24088541666666666","0.24088541666666666","0.24088541666666666"
"3759","0.23177083333333334","0.23177083333333334","0.23177083333333334"
"3760","0.23958333333333334","0.23958333333333334","0.23958333333333334"
"3761","0.23307291666666666","0.23307291666666666","0.23307291666666666"
"3762","0.22786458333333334","0.22786458333333334","0.22786458333333334"
"3763","0.24479166666666666","0.24479166666666666","0.24479166666666666"
"3764","0.23307291666666666","0.23307291666666666","0.23307291666666666"
"3765","0.23046875","0.23046875","0.23046875"
"3766","0.2734375","0.2734375","0.2734375"
"3767","0.24739583333333334","0.24739583333333334","0.24739583333333334"
"3768","0.24739583333333334","0.24739583333333334","0.24739583333333334"
"3769","0.23958333333333334","0.23958333333333334","0.23958333333333334"
"3770","0.23828125","0.23828125","0.23828125"
"3771","0.24088541666666666","0.24088541666666666","0.24088541666666666"
"3772","0.22005208333333334","0.22005208333333334","0.22005208333333334"
"3773","0.24348958333333334","0.24348958333333334","0.24348958333333334"
"3774","0.2565104166666667","0.2565104166666667","0.2565104166666667"
"3775","0.234375","0.234375","0.234375"
"3776","0.22786458333333334","0.22786458333333334","0.22786458333333334"
"3777","0.24348958333333334","0.24348958333333334","0.24348958333333334"
"3778","0.22265625","0.22265625","0.22265625"
"3779","0.23177083333333334","0.23177083333333334","0.23177083333333334"
"3780","0.23046875","0.23046875","0.23046875"
"3781","0.22265625","0.22265625","0.22265625"
"3782","0.23307291666666666","0.23307291666666666","0.23307291666666666"
"3783","0.2513020833333333","0.2513020833333333","0.2513020833333333"
"3784","0.23177083333333334","0.23177083333333334","0.23177083333333334"
"3785","0.26953125","0.26953125","0.26953125"
"3786","0.22916666666666666","0.22916666666666666","0.22916666666666666"
"3787","0.24479166666666666","0.24479166666666666","0.24479166666666666"
"3788","0.24609375","0.24609375","0.24609375"
"3789","0.23567708333333334","0.23567708333333334","0.23567708333333334"
"3790","0.23697916666666666","0.23697916666666666","0.23697916666666666"
"3791","0.23697916666666666","0.23697916666666666","0.23697916666666666"
"3792","0.22916666666666666","0.22916666666666666","0.22916666666666666"
"3793","0.23177083333333334","0.23177083333333334","0.23177083333333334"
"3794","0.21744791666666666","0.21744791666666666","0.21744791666666666"
"3795","0.24739583333333334","0.24739583333333334","0.24739583333333334"
"3796","0.23307291666666666","0.23307291666666666","0.23307291666666666"
"3797","0.24479166666666666","0.24479166666666666","0.24479166666666666"
"3798","0.23958333333333334","0.23958333333333334","0.23958333333333334"
"3799","0.23697916666666666","0.23697916666666666","0.23697916666666666"
"3800","0.2552083333333333","0.2552083333333333","0.2552083333333333"
"3801","0.26171875","0.26171875","0.26171875"
"3802","0.24088541666666666","0.24088541666666666","0.24088541666666666"
"3803","0.23177083333333334","0.23177083333333334","0.23177083333333334"
"3804","0.22395833333333334","0.22395833333333334","0.22395833333333334"
"3805","0.22005208333333334","0.22005208333333334","0.22005208333333334"
"3806","0.25","0.25","0.25"
"3807","0.23958333333333334","0.23958333333333334","0.23958333333333334"
"3808","0.21875","0.21875","0.21875"
"3809","0.2552083333333333","0.2552083333333333","0.2552083333333333"
"3810","0.23697916666666666","0.23697916666666666","0.23697916666666666"
"3811","0.25390625","0.25390625","0.25390625"
"3812","0.23828125","0.23828125","0.23828125"
"3813","0.23958333333333334","0.23958333333333334","0.23958333333333334"
"3814","0.2421875","0.2421875","0.2421875"
"3815","0.24088541666666666","0.24088541666666666","0.24088541666666666"
"3816","0.23046875","0.23046875","0.23046875"
"3817","0.2265625","0.2265625","0.2265625"
"3818","0.22005208333333334","0.22005208333333334","0.22005208333333334"
"3819","0.22265625","0.22265625","0.22265625"
"3820","0.22526041666666666","0.22526041666666666","0.22526041666666666"
"3821","0.22265625","0.22265625","0.22265625"
"3822","0.2591145833333333","0.2591145833333333","0.2591145833333333"
"3823","0.2591145833333333","0.2591145833333333","0.2591145833333333"
"3824","0.21614583333333334","0.21614583333333334","0.21614583333333334"
"3825","0.21614583333333334","0.21614583333333334","0.21614583333333334"
"3826","0.22916666666666666","0.22916666666666666","0.22916666666666666"
"3827","0.22005208333333334","0.22005208333333334","0.22005208333333334"
"3828","0.23177083333333334","0.23177083333333334","0.23177083333333334"
"3829","0.23307291666666666","0.23307291666666666","0.23307291666666666"
"3830","0.24479166666666666","0.24479166666666666","0.24479166666666666"
"3831","0.23177083333333334","0.23177083333333334","0.23177083333333334"
"3832","0.23697916666666666","0.23697916666666666","0.23697916666666666"
"3833","0.24088541666666666","0.24088541666666666","0.24088541666666666"
"3834","0.2591145833333333","0.2591145833333333","0.2591145833333333"
"3835","0.23307291666666666","0.23307291666666666","0.23307291666666666"
"3836","0.2421875","0.2421875","0.2421875"
"3837","0.2421875","0.2421875","0.2421875"
"3838","0.2265625","0.2265625","0.2265625"
"3839","0.22786458333333334","0.22786458333333334","0.22786458333333334"
"3840","0.24479166666666666","0.24479166666666666","0.24479166666666666"
"3841","0.2643229166666667","0.2643229166666667","0.2643229166666667"
"3842","0.21354166666666666","0.21354166666666666","0.21354166666666666"
"3843","0.2421875","0.2421875","0.2421875"
"3844","0.23567708333333334","0.23567708333333334","0.23567708333333334"
"3845","0.23828125","0.23828125","0.23828125"
"3846","0.23177083333333334","0.23177083333333334","0.23177083333333334"
"3847","0.2265625","0.2265625","0.2265625"
"3848","0.2421875","0.2421875","0.2421875"
"3849","0.25390625","0.25390625","0.25390625"
"3850","0.21875","0.21875","0.21875"
"3851","0.24739583333333334","0.24739583333333334","0.24739583333333334"
"3852","0.24739583333333334","0.24739583333333334","0.24739583333333334"
"3853","0.22786458333333334","0.22786458333333334","0.22786458333333334"
"3854","0.23697916666666666","0.23697916666666666","0.23697916666666666"
"3855","0.2565104166666667","0.2565104166666667","0.2565104166666667"
"3856","0.22526041666666666","0.22526041666666666","0.22526041666666666"
"3857","0.22395833333333334","0.22395833333333334","0.22395833333333334"
"3858","0.24739583333333334","0.24739583333333334","0.24739583333333334"
"3859","0.2565104166666667","0.2565104166666667","0.2565104166666667"
"3860","0.24869791666666666","0.24869791666666666","0.24869791666666666"
"3861","0.23828125","0.23828125","0.23828125"
"3862","0.23177083333333334","0.23177083333333334","0.23177083333333334"
"3863","0.23958333333333334","0.23958333333333334","0.23958333333333334"
"3864","0.21744791666666666","0.21744791666666666","0.21744791666666666"
"3865","0.23697916666666666","0.23697916666666666","0.23697916666666666"
"3866","0.22916666666666666","0.22916666666666666","0.22916666666666666"
"3867","0.23567708333333334","0.23567708333333334","0.23567708333333334"
"3868","0.22786458333333334","0.22786458333333334","0.22786458333333334"
"3869","0.2513020833333333","0.2513020833333333","0.2513020833333333"
"3870","0.23046875","0.23046875","0.23046875"
"3871","0.24739583333333334","0.24739583333333334","0.24739583333333334"
"3872","0.23177083333333334","0.23177083333333334","0.23177083333333334"
"3873","0.22916666666666666","0.22916666666666666","0.22916666666666666"
"3874","0.22786458333333334","0.22786458333333334","0.22786458333333334"
"3875","0.23307291666666666","0.23307291666666666","0.23307291666666666"
"3876","0.23177083333333334","0.23177083333333334","0.23177083333333334"
"3877","0.23958333333333334","0.23958333333333334","0.23958333333333334"
"3878","0.24609375","0.24609375","0.24609375"
"3879","0.2513020833333333","0.2513020833333333","0.2513020833333333"
"3880","0.24088541666666666","0.24088541666666666","0.24088541666666666"
"3881","0.23828125","0.23828125","0.23828125"
"3882","0.25390625","0.25390625","0.25390625"
"3883","0.24088541666666666","0.24088541666666666","0.24088541666666666"
"3884","0.2265625","0.2265625","0.2265625"
"3885","0.24869791666666666","0.24869791666666666","0.24869791666666666"
"3886","0.24088541666666666","0.24088541666666666","0.24088541666666666"
"3887","0.24348958333333334","0.24348958333333334","0.24348958333333334"
"3888","0.24348958333333334","0.24348958333333334","0.24348958333333334"
"3889","0.24739583333333334","0.24739583333333334","0.24739583333333334"
"3890","0.24088541666666666","0.24088541666666666","0.24088541666666666"
"3891","0.25390625","0.25390625","0.25390625"
"3892","0.23307291666666666","0.23307291666666666","0.23307291666666666"
"3893","0.23958333333333334","0.23958333333333334","0.23958333333333334"
"3894","0.22135416666666666","0.22135416666666666","0.22135416666666666"
"3895","0.23697916666666666","0.23697916666666666","0.23697916666666666"
"3896","0.23046875","0.23046875","0.23046875"
"3897","0.24088541666666666","0.24088541666666666","0.24088541666666666"
"3898","0.22786458333333334","0.22786458333333334","0.22786458333333334"
"3899","0.24869791666666666","0.24869791666666666","0.24869791666666666"
"3900","0.24479166666666666","0.24479166666666666","0.24479166666666666"
"3901","0.22786458333333334","0.22786458333333334","0.22786458333333334"
"3902","0.22786458333333334","0.22786458333333334","0.22786458333333334"
"3903","0.22916666666666666","0.22916666666666666","0.22916666666666666"
"3904","0.23828125","0.23828125","0.23828125"
"3905","0.23828125","0.23828125","0.23828125"
"3906","0.23958333333333334","0.23958333333333334","0.23958333333333334"
"3907","0.2421875","0.2421875","0.2421875"
"3908","0.22395833333333334","0.22395833333333334","0.22395833333333334"
"3909","0.234375","0.234375","0.234375"
"3910","0.24348958333333334","0.24348958333333334","0.24348958333333334"
"3911","0.24609375","0.24609375","0.24609375"
"3912","0.24088541666666666","0.24088541666666666","0.24088541666666666"
"3913","0.22395833333333334","0.22395833333333334","0.22395833333333334"
"3914","0.23307291666666666","0.23307291666666666","0.23307291666666666"
"3915","0.22916666666666666","0.22916666666666666","0.22916666666666666"
"3916","0.21875","0.21875","0.21875"
"3917","0.21614583333333334","0.21614583333333334","0.21614583333333334"
"3918","0.23567708333333334","0.23567708333333334","0.23567708333333334"
"3919","0.23567708333333334","0.23567708333333334","0.23567708333333334"
"3920","0.23567708333333334","0.23567708333333334","0.23567708333333334"
"3921","0.25390625","0.25390625","0.25390625"
"3922","0.2421875","0.2421875","0.2421875"
"3923","0.21223958333333334","0.21223958333333334","0.21223958333333334"
"3924","0.22786458333333334","0.22786458333333334","0.22786458333333334"
"3925","0.24088541666666666","0.24088541666666666","0.24088541666666666"
"3926","0.23828125","0.23828125","0.23828125"
"3927","0.24348958333333334","0.24348958333333334","0.24348958333333334"
"3928","0.2421875","0.2421875","0.2421875"
"3929","0.22786458333333334","0.22786458333333334","0.22786458333333334"
"3930","0.24088541666666666","0.24088541666666666","0.24088541666666666"
"3931","0.23177083333333334","0.23177083333333334","0.23177083333333334"
"3932","0.23046875","0.23046875","0.23046875"
"3933","0.24609375","0.24609375","0.24609375"
"3934","0.23177083333333334","0.23177083333333334","0.23177083333333334"
"3935","0.2578125","0.2578125","0.2578125"
"3936","0.25","0.25","0.25"
"3937","0.23958333333333334","0.23958333333333334","0.23958333333333334"
"3938","0.23046875","0.23046875","0.23046875"
"3939","0.22265625","0.22265625","0.22265625"
"3940","0.23046875","0.23046875","0.23046875"
"3941","0.234375","0.234375","0.234375"
"3942","0.23177083333333334","0.23177083333333334","0.23177083333333334"
"3943","0.22786458333333334","0.22786458333333334","0.22786458333333334"
"3944","0.23697916666666666","0.23697916666666666","0.23697916666666666"
"3945","0.20052083333333334","0.20052083333333334","0.20052083333333334"
"3946","0.24739583333333334","0.24739583333333334","0.24739583333333334"
"3947","0.2513020833333333","0.2513020833333333","0.2513020833333333"
"3948","0.23177083333333334","0.23177083333333334","0.23177083333333334"
"3949","0.23046875","0.23046875","0.23046875"
"3950","0.24479166666666666","0.24479166666666666","0.24479166666666666"
"3951","0.22786458333333334","0.22786458333333334","0.22786458333333334"
"3952","0.24479166666666666","0.24479166666666666","0.24479166666666666"
"3953","0.24739583333333334","0.24739583333333334","0.24739583333333334"
"3954","0.24348958333333334","0.24348958333333334","0.24348958333333334"
"3955","0.22526041666666666","0.22526041666666666","0.22526041666666666"
"3956","0.24869791666666666","0.24869791666666666","0.24869791666666666"
"3957","0.21875","0.21875","0.21875"
"3958","0.2421875","0.2421875","0.2421875"
"3959","0.23307291666666666","0.23307291666666666","0.23307291666666666"
"3960","0.22395833333333334","0.22395833333333334","0.22395833333333334"
"3961","0.21484375","0.21484375","0.21484375"
"3962","0.24479166666666666","0.24479166666666666","0.24479166666666666"
"3963","0.2630208333333333","0.2630208333333333","0.2630208333333333"
"3964","0.23046875","0.23046875","0.23046875"
"3965","0.22265625","0.22265625","0.22265625"
"3966","0.25","0.25","0.25"
"3967","0.22135416666666666","0.22135416666666666","0.22135416666666666"
"3968","0.2552083333333333","0.2552083333333333","0.2552083333333333"
"3969","0.2513020833333333","0.2513020833333333","0.2513020833333333"
"3970","0.24479166666666666","0.24479166666666666","0.24479166666666666"
"3971","0.24479166666666666","0.24479166666666666","0.24479166666666666"
"3972","0.24088541666666666","0.24088541666666666","0.24088541666666666"
"3973","0.2421875","0.2421875","0.2421875"
"3974","0.25","0.25","0.25"
"3975","0.2265625","0.2265625","0.2265625"
"3976","0.24869791666666666","0.24869791666666666","0.24869791666666666"
"3977","0.2421875","0.2421875","0.2421875"
"3978","0.23828125","0.23828125","0.23828125"
"3979","0.24348958333333334","0.24348958333333334","0.24348958333333334"
"3980","0.22786458333333334","0.22786458333333334","0.22786458333333334"
"3981","0.23697916666666666","0.23697916666666666","0.23697916666666666"
"3982","0.20182291666666666","0.20182291666666666","0.20182291666666666"
"3983","0.23567708333333334","0.23567708333333334","0.23567708333333334"
"3984","0.24479166666666666","0.24479166666666666","0.24479166666666666"
"3985","0.2513020833333333","0.2513020833333333","0.2513020833333333"
"3986","0.234375","0.234375","0.234375"
"3987","0.22395833333333334","0.22395833333333334","0.22395833333333334"
"3988","0.24609375","0.24609375","0.24609375"
"3989","0.24739583333333334","0.24739583333333334","0.24739583333333334"
"3990","0.21354166666666666","0.21354166666666666","0.21354166666666666"
"3991","0.24348958333333334","0.24348958333333334","0.24348958333333334"
"3992","0.24869791666666666","0.24869791666666666","0.24869791666666666"
"3993","0.22526041666666666","0.22526041666666666","0.22526041666666666"
"3994","0.22916666666666666","0.22916666666666666","0.22916666666666666"
"3995","0.23177083333333334","0.23177083333333334","0.23177083333333334"
"3996","0.23046875","0.23046875","0.23046875"
"3997","0.24739583333333334","0.24739583333333334","0.24739583333333334"
"3998","0.2265625","0.2265625","0.2265625"
"3999","0.22005208333333334","0.22005208333333334","0.22005208333333334"
"4000","0.23307291666666666","0.23307291666666666","0.23307291666666666"
"4001","0.21875","0.21875","0.21875"
"4002","0.22786458333333334","0.22786458333333334","0.22786458333333334"
"4003","0.23177083333333334","0.23177083333333334","0.23177083333333334"
"4004","0.22526041666666666","0.22526041666666666","0.22526041666666666"
"4005","0.2552083333333333","0.2552083333333333","0.2552083333333333"
"4006","0.24088541666666666","0.24088541666666666","0.24088541666666666"
"4007","0.22265625","0.22265625","0.22265625"
"4008","0.23307291666666666","0.23307291666666666","0.23307291666666666"
"4009","0.22135416666666666","0.22135416666666666","0.22135416666666666"
"4010","0.23828125","0.23828125","0.23828125"
"4011","0.23307291666666666","0.23307291666666666","0.23307291666666666"
"4012","0.22395833333333334","0.22395833333333334","0.22395833333333334"
"4013","0.22786458333333334","0.22786458333333334","0.22786458333333334"
"4014","0.234375","0.234375","0.234375"
"4015","0.23567708333333334","0.23567708333333334","0.23567708333333334"
"4016","0.23697916666666666","0.23697916666666666","0.23697916666666666"
"4017","0.24869791666666666","0.24869791666666666","0.24869791666666666"
"4018","0.24739583333333334","0.24739583333333334","0.24739583333333334"
"4019","0.23828125","0.23828125","0.23828125"
"4020","0.24869791666666666","0.24869791666666666","0.24869791666666666"
"4021","0.24609375","0.24609375","0.24609375"
"4022","0.23567708333333334","0.23567708333333334","0.23567708333333334"
"4023","0.25","0.25","0.25"
"4024","0.23046875","0.23046875","0.23046875"
"4025","0.21484375","0.21484375","0.21484375"
"4026","0.24609375","0.24609375","0.24609375"
"4027","0.23958333333333334","0.23958333333333334","0.23958333333333334"
"4028","0.24609375","0.24609375","0.24609375"
"4029","0.24739583333333334","0.24739583333333334","0.24739583333333334"
"4030","0.2526041666666667","0.2526041666666667","0.2526041666666667"
"4031","0.2109375","0.2109375","0.2109375"
"4032","0.20963541666666666","0.20963541666666666","0.20963541666666666"
"4033","0.23697916666666666","0.23697916666666666","0.23697916666666666"
"4034","0.23567708333333334","0.23567708333333334","0.23567708333333334"
"4035","0.25","0.25","0.25"
"4036","0.23567708333333334","0.23567708333333334","0.23567708333333334"
"4037","0.23567708333333334","0.23567708333333334","0.23567708333333334"
"4038","0.24348958333333334","0.24348958333333334","0.24348958333333334"
"4039","0.24348958333333334","0.24348958333333334","0.24348958333333334"
"4040","0.234375","0.234375","0.234375"
"4041","0.234375","0.234375","0.234375"
"4042","0.2526041666666667","0.2526041666666667","0.2526041666666667"
"4043","0.22395833333333334","0.22395833333333334","0.22395833333333334"
"4044","0.22916666666666666","0.22916666666666666","0.22916666666666666"
"4045","0.23046875","0.23046875","0.23046875"
"4046","0.24348958333333334","0.24348958333333334","0.24348958333333334"
"4047","0.24088541666666666","0.24088541666666666","0.24088541666666666"
"4048","0.25390625","0.25390625","0.25390625"
"4049","0.23307291666666666","0.23307291666666666","0.23307291666666666"
"4050","0.23828125","0.23828125","0.23828125"
"4051","0.2552083333333333","0.2552083333333333","0.2552083333333333"
"4052","0.21484375","0.21484375","0.21484375"
"4053","0.23177083333333334","0.23177083333333334","0.23177083333333334"
"4054","0.2421875","0.2421875","0.2421875"
"4055","0.23307291666666666","0.23307291666666666","0.23307291666666666"
"4056","0.23567708333333334","0.23567708333333334","0.23567708333333334"
"4057","0.2109375","0.2109375","0.2109375"
"4058","0.2265625","0.2265625","0.2265625"
"4059","0.2526041666666667","0.2526041666666667","0.2526041666666667"
"4060","0.23828125","0.23828125","0.23828125"
"4061","0.2526041666666667","0.2526041666666667","0.2526041666666667"
"4062","0.2421875","0.2421875","0.2421875"
"4063","0.2578125","0.2578125","0.2578125"
"4064","0.23307291666666666","0.23307291666666666","0.23307291666666666"
"4065","0.22395833333333334","0.22395833333333334","0.22395833333333334"
"4066","0.24348958333333334","0.24348958333333334","0.24348958333333334"
"4067","0.21484375","0.21484375","0.21484375"
"4068","0.20703125","0.20703125","0.20703125"
"4069","0.24609375","0.24609375","0.24609375"
"4070","0.22786458333333334","0.22786458333333334","0.22786458333333334"
"4071","0.25","0.25","0.25"
"4072","0.22786458333333334","0.22786458333333334","0.22786458333333334"
"4073","0.22265625","0.22265625","0.22265625"
"4074","0.234375","0.234375","0.234375"
"4075","0.2578125","0.2578125","0.2578125"
"4076","0.22526041666666666","0.22526041666666666","0.22526041666666666"
"4077","0.23046875","0.23046875","0.23046875"
"4078","0.22786458333333334","0.22786458333333334","0.22786458333333334"
"4079","0.2421875","0.2421875","0.2421875"
"4080","0.24348958333333334","0.24348958333333334","0.24348958333333334"
"4081","0.22916666666666666","0.22916666666666666","0.22916666666666666"
"4082","0.21875","0.21875","0.21875"
"4083","0.2565104166666667","0.2565104166666667","0.2565104166666667"
"4084","0.2513020833333333","0.2513020833333333","0.2513020833333333"
"4085","0.2421875","0.2421875","0.2421875"
"4086","0.23828125","0.23828125","0.23828125"
"4087","0.23958333333333334","0.23958333333333334","0.23958333333333334"
"4088","0.23958333333333334","0.23958333333333334","0.23958333333333334"
"4089","0.22135416666666666","0.22135416666666666","0.22135416666666666"
"4090","0.23046875","0.23046875","0.23046875"
"4091","0.24479166666666666","0.24479166666666666","0.24479166666666666"
"4092","0.25","0.25","0.25"
"4093","0.23307291666666666","0.23307291666666666","0.23307291666666666"
"4094","0.23828125","0.23828125","0.23828125"
"4095","0.2578125","0.2578125","0.2578125"
"4096","0.22395833333333334","0.22395833333333334","0.22395833333333334"
"4097","0.23567708333333334","0.23567708333333334","0.23567708333333334"
"4098","0.23177083333333334","0.23177083333333334","0.23177083333333334"
"4099","0.23958333333333334","0.23958333333333334","0.23958333333333334"
"4100","0.24869791666666666","0.24869791666666666","0.24869791666666666"
"4101","0.23307291666666666","0.23307291666666666","0.23307291666666666"
"4102","0.22265625","0.22265625","0.22265625"
"4103","0.23697916666666666","0.23697916666666666","0.23697916666666666"
"4104","0.24869791666666666","0.24869791666666666","0.24869791666666666"
"4105","0.24088541666666666","0.24088541666666666","0.24088541666666666"
"4106","0.23177083333333334","0.23177083333333334","0.23177083333333334"
"4107","0.23958333333333334","0.23958333333333334","0.23958333333333334"
"4108","0.22135416666666666","0.22135416666666666","0.22135416666666666"
"4109","0.25390625","0.25390625","0.25390625"
"4110","0.2513020833333333","0.2513020833333333","0.2513020833333333"
"4111","0.23958333333333334","0.23958333333333334","0.23958333333333334"
"4112","0.22786458333333334","0.22786458333333334","0.22786458333333334"
"4113","0.25390625","0.25390625","0.25390625"
"4114","0.24088541666666666","0.24088541666666666","0.24088541666666666"
"4115","0.23697916666666666","0.23697916666666666","0.23697916666666666"
"4116","0.22005208333333334","0.22005208333333334","0.22005208333333334"
"4117","0.22005208333333334","0.22005208333333334","0.22005208333333334"
"4118","0.22005208333333334","0.22005208333333334","0.22005208333333334"
"4119","0.21744791666666666","0.21744791666666666","0.21744791666666666"
"4120","0.2565104166666667","0.2565104166666667","0.2565104166666667"
"4121","0.24609375","0.24609375","0.24609375"
"4122","0.23958333333333334","0.23958333333333334","0.23958333333333334"
"4123","0.2265625","0.2265625","0.2265625"
"4124","0.23697916666666666","0.23697916666666666","0.23697916666666666"
"4125","0.24869791666666666","0.24869791666666666","0.24869791666666666"
"4126","0.22265625","0.22265625","0.22265625"
"4127","0.23307291666666666","0.23307291666666666","0.23307291666666666"
"4128","0.2513020833333333","0.2513020833333333","0.2513020833333333"
"4129","0.24348958333333334","0.24348958333333334","0.24348958333333334"
"4130","0.23567708333333334","0.23567708333333334","0.23567708333333334"
"4131","0.22786458333333334","0.22786458333333334","0.22786458333333334"
"4132","0.25","0.25","0.25"
"4133","0.24348958333333334","0.24348958333333334","0.24348958333333334"
"4134","0.22916666666666666","0.22916666666666666","0.22916666666666666"
"4135","0.22786458333333334","0.22786458333333334","0.22786458333333334"
"4136","0.22526041666666666","0.22526041666666666","0.22526041666666666"
"4137","0.23177083333333334","0.23177083333333334","0.23177083333333334"
"4138","0.24348958333333334","0.24348958333333334","0.24348958333333334"
"4139","0.234375","0.234375","0.234375"
"4140","0.2513020833333333","0.2513020833333333","0.2513020833333333"
"4141","0.23046875","0.23046875","0.23046875"
"4142","0.23567708333333334","0.23567708333333334","0.23567708333333334"
"4143","0.2421875","0.2421875","0.2421875"
"4144","0.23697916666666666","0.23697916666666666","0.23697916666666666"
"4145","0.24088541666666666","0.24088541666666666","0.24088541666666666"
"4146","0.19661458333333334","0.19661458333333334","0.19661458333333334"
"4147","0.2421875","0.2421875","0.2421875"
"4148","0.23697916666666666","0.23697916666666666","0.23697916666666666"
"4149","0.24869791666666666","0.24869791666666666","0.24869791666666666"
"4150","0.25","0.25","0.25"
"4151","0.2265625","0.2265625","0.2265625"
"4152","0.24609375","0.24609375","0.24609375"
"4153","0.23958333333333334","0.23958333333333334","0.23958333333333334"
"4154","0.23177083333333334","0.23177083333333334","0.23177083333333334"
"4155","0.23046875","0.23046875","0.23046875"
"4156","0.2265625","0.2265625","0.2265625"
"4157","0.24609375","0.24609375","0.24609375"
"4158","0.23828125","0.23828125","0.23828125"
"4159","0.23958333333333334","0.23958333333333334","0.23958333333333334"
"4160","0.24479166666666666","0.24479166666666666","0.24479166666666666"
"4161","0.24869791666666666","0.24869791666666666","0.24869791666666666"
"4162","0.2421875","0.2421875","0.2421875"
"4163","0.2552083333333333","0.2552083333333333","0.2552083333333333"
"4164","0.24348958333333334","0.24348958333333334","0.24348958333333334"
"4165","0.22135416666666666","0.22135416666666666","0.22135416666666666"
"4166","0.2265625","0.2265625","0.2265625"
"4167","0.23567708333333334","0.23567708333333334","0.23567708333333334"
"4168","0.2526041666666667","0.2526041666666667","0.2526041666666667"
"4169","0.22916666666666666","0.22916666666666666","0.22916666666666666"
"4170","0.23177083333333334","0.23177083333333334","0.23177083333333334"
"4171","0.23567708333333334","0.23567708333333334","0.23567708333333334"
"4172","0.22395833333333334","0.22395833333333334","0.22395833333333334"
"4173","0.23046875","0.23046875","0.23046875"
"4174","0.2552083333333333","0.2552083333333333","0.2552083333333333"
"4175","0.2265625","0.2265625","0.2265625"
"4176","0.23828125","0.23828125","0.23828125"
"4177","0.25390625","0.25390625","0.25390625"
"4178","0.25","0.25","0.25"
"4179","0.2552083333333333","0.2552083333333333","0.2552083333333333"
"4180","0.234375","0.234375","0.234375"
"4181","0.2421875","0.2421875","0.2421875"
"4182","0.24739583333333334","0.24739583333333334","0.24739583333333334"
"4183","0.2265625","0.2265625","0.2265625"
"4184","0.24869791666666666","0.24869791666666666","0.24869791666666666"
"4185","0.25","0.25","0.25"
"4186","0.23046875","0.23046875","0.23046875"
"4187","0.24088541666666666","0.24088541666666666","0.24088541666666666"
"4188","0.2421875","0.2421875","0.2421875"
"4189","0.23697916666666666","0.23697916666666666","0.23697916666666666"
"4190","0.22916666666666666","0.22916666666666666","0.22916666666666666"
"4191","0.23828125","0.23828125","0.23828125"
"4192","0.22395833333333334","0.22395833333333334","0.22395833333333334"
"4193","0.23567708333333334","0.23567708333333334","0.23567708333333334"
"4194","0.23177083333333334","0.23177083333333334","0.23177083333333334"
"4195","0.2513020833333333","0.2513020833333333","0.2513020833333333"
"4196","0.23567708333333334","0.23567708333333334","0.23567708333333334"
"4197","0.23177083333333334","0.23177083333333334","0.23177083333333334"
"4198","0.24869791666666666","0.24869791666666666","0.24869791666666666"
"4199","0.2421875","0.2421875","0.2421875"
"4200","0.2643229166666667","0.2643229166666667","0.2643229166666667"
"4201","0.22135416666666666","0.22135416666666666","0.22135416666666666"
"4202","0.23177083333333334","0.23177083333333334","0.23177083333333334"
"4203","0.2513020833333333","0.2513020833333333","0.2513020833333333"
"4204","0.2265625","0.2265625","0.2265625"
"4205","0.22005208333333334","0.22005208333333334","0.22005208333333334"
"4206","0.24479166666666666","0.24479166666666666","0.24479166666666666"
"4207","0.22135416666666666","0.22135416666666666","0.22135416666666666"
"4208","0.234375","0.234375","0.234375"
"4209","0.24609375","0.24609375","0.24609375"
"4210","0.2109375","0.2109375","0.2109375"
"4211","0.2643229166666667","0.2643229166666667","0.2643229166666667"
"4212","0.23177083333333334","0.23177083333333334","0.23177083333333334"
"4213","0.2526041666666667","0.2526041666666667","0.2526041666666667"
"4214","0.22786458333333334","0.22786458333333334","0.22786458333333334"
"4215","0.24869791666666666","0.24869791666666666","0.24869791666666666"
"4216","0.2643229166666667","0.2643229166666667","0.2643229166666667"
"4217","0.23046875","0.23046875","0.23046875"
"4218","0.23697916666666666","0.23697916666666666","0.23697916666666666"
"4219","0.2513020833333333","0.2513020833333333","0.2513020833333333"
"4220","0.23828125","0.23828125","0.23828125"
"4221","0.24348958333333334","0.24348958333333334","0.24348958333333334"
"4222","0.24739583333333334","0.24739583333333334","0.24739583333333334"
"4223","0.23046875","0.23046875","0.23046875"
"4224","0.24479166666666666","0.24479166666666666","0.24479166666666666"
"4225","0.22526041666666666","0.22526041666666666","0.22526041666666666"
"4226","0.24088541666666666","0.24088541666666666","0.24088541666666666"
"4227","0.23697916666666666","0.23697916666666666","0.23697916666666666"
"4228","0.25390625","0.25390625","0.25390625"
"4229","0.2513020833333333","0.2513020833333333","0.2513020833333333"
"4230","0.23697916666666666","0.23697916666666666","0.23697916666666666"
"4231","0.22786458333333334","0.22786458333333334","0.22786458333333334"
"4232","0.23828125","0.23828125","0.23828125"
"4233","0.25","0.25","0.25"
"4234","0.2552083333333333","0.2552083333333333","0.2552083333333333"
"4235","0.23828125","0.23828125","0.23828125"
"4236","0.24088541666666666","0.24088541666666666","0.24088541666666666"
"4237","0.22916666666666666","0.22916666666666666","0.22916666666666666"
"4238","0.23958333333333334","0.23958333333333334","0.23958333333333334"
"4239","0.24609375","0.24609375","0.24609375"
"4240","0.23958333333333334","0.23958333333333334","0.23958333333333334"
"4241","0.24348958333333334","0.24348958333333334","0.24348958333333334"
"4242","0.22916666666666666","0.22916666666666666","0.22916666666666666"
"4243","0.22786458333333334","0.22786458333333334","0.22786458333333334"
"4244","0.23046875","0.23046875","0.23046875"
"4245","0.24348958333333334","0.24348958333333334","0.24348958333333334"
"4246","0.234375","0.234375","0.234375"
"4247","0.2265625","0.2265625","0.2265625"
"4248","0.25390625","0.25390625","0.25390625"
"4249","0.2421875","0.2421875","0.2421875"
"4250","0.22786458333333334","0.22786458333333334","0.22786458333333334"
"4251","0.23046875","0.23046875","0.23046875"
"4252","0.24088541666666666","0.24088541666666666","0.24088541666666666"
"4253","0.21875","0.21875","0.21875"
"4254","0.25390625","0.25390625","0.25390625"
"4255","0.24869791666666666","0.24869791666666666","0.24869791666666666"
"4256","0.2565104166666667","0.2565104166666667","0.2565104166666667"
"4257","0.2265625","0.2265625","0.2265625"
"4258","0.24609375","0.24609375","0.24609375"
"4259","0.24479166666666666","0.24479166666666666","0.24479166666666666"
"4260","0.23958333333333334","0.23958333333333334","0.23958333333333334"
"4261","0.22265625","0.22265625","0.22265625"
"4262","0.22916666666666666","0.22916666666666666","0.22916666666666666"
"4263","0.23828125","0.23828125","0.23828125"
"4264","0.22916666666666666","0.22916666666666666","0.22916666666666666"
"4265","0.24088541666666666","0.24088541666666666","0.24088541666666666"
"4266","0.23697916666666666","0.23697916666666666","0.23697916666666666"
"4267","0.23567708333333334","0.23567708333333334","0.23567708333333334"
"4268","0.24348958333333334","0.24348958333333334","0.24348958333333334"
"4269","0.22265625","0.22265625","0.22265625"
"4270","0.24739583333333334","0.24739583333333334","0.24739583333333334"
"4271","0.23177083333333334","0.23177083333333334","0.23177083333333334"
"4272","0.23958333333333334","0.23958333333333334","0.23958333333333334"
"4273","0.23958333333333334","0.23958333333333334","0.23958333333333334"
"4274","0.24609375","0.24609375","0.24609375"
"4275","0.23177083333333334","0.23177083333333334","0.23177083333333334"
"4276","0.23567708333333334","0.23567708333333334","0.23567708333333334"
"4277","0.2265625","0.2265625","0.2265625"
"4278","0.2604166666666667","0.2604166666666667","0.2604166666666667"
"4279","0.2265625","0.2265625","0.2265625"
"4280","0.23046875","0.23046875","0.23046875"
"4281","0.21744791666666666","0.21744791666666666","0.21744791666666666"
"4282","0.24479166666666666","0.24479166666666666","0.24479166666666666"
"4283","0.2565104166666667","0.2565104166666667","0.2565104166666667"
"4284","0.23046875","0.23046875","0.23046875"
"4285","0.2421875","0.2421875","0.2421875"
"4286","0.2265625","0.2265625","0.2265625"
"4287","0.24479166666666666","0.24479166666666666","0.24479166666666666"
"4288","0.22135416666666666","0.22135416666666666","0.22135416666666666"
"4289","0.25","0.25","0.25"
"4290","0.25390625","0.25390625","0.25390625"
"4291","0.24609375","0.24609375","0.24609375"
"4292","0.22916666666666666","0.22916666666666666","0.22916666666666666"
"4293","0.20833333333333334","0.20833333333333334","0.20833333333333334"
"4294","0.24479166666666666","0.24479166666666666","0.24479166666666666"
"4295","0.2421875","0.2421875","0.2421875"
"4296","0.2513020833333333","0.2513020833333333","0.2513020833333333"
"4297","0.23307291666666666","0.23307291666666666","0.23307291666666666"
"4298","0.24479166666666666","0.24479166666666666","0.24479166666666666"
"4299","0.23046875","0.23046875","0.23046875"
"4300","0.23958333333333334","0.23958333333333334","0.23958333333333334"
"4301","0.24739583333333334","0.24739583333333334","0.24739583333333334"
"4302","0.23046875","0.23046875","0.23046875"
"4303","0.23828125","0.23828125","0.23828125"
"4304","0.23307291666666666","0.23307291666666666","0.23307291666666666"
"4305","0.23697916666666666","0.23697916666666666","0.23697916666666666"
"4306","0.22526041666666666","0.22526041666666666","0.22526041666666666"
"4307","0.24869791666666666","0.24869791666666666","0.24869791666666666"
"4308","0.22265625","0.22265625","0.22265625"
"4309","0.22786458333333334","0.22786458333333334","0.22786458333333334"
"4310","0.2526041666666667","0.2526041666666667","0.2526041666666667"
"4311","0.24348958333333334","0.24348958333333334","0.24348958333333334"
"4312","0.22786458333333334","0.22786458333333334","0.22786458333333334"
"4313","0.23697916666666666","0.23697916666666666","0.23697916666666666"
"4314","0.22265625","0.22265625","0.22265625"
"4315","0.22526041666666666","0.22526041666666666","0.22526041666666666"
"4316","0.2421875","0.2421875","0.2421875"
"4317","0.24088541666666666","0.24088541666666666","0.24088541666666666"
"4318","0.25","0.25","0.25"
"4319","0.24479166666666666","0.24479166666666666","0.24479166666666666"
"4320","0.2421875","0.2421875","0.2421875"
"4321","0.22395833333333334","0.22395833333333334","0.22395833333333334"
"4322","0.24609375","0.24609375","0.24609375"
"4323","0.24348958333333334","0.24348958333333334","0.24348958333333334"
"4324","0.23697916666666666","0.23697916666666666","0.23697916666666666"
"4325","0.23177083333333334","0.23177083333333334","0.23177083333333334"
"4326","0.2513020833333333","0.2513020833333333","0.2513020833333333"
"4327","0.234375","0.234375","0.234375"
"4328","0.24348958333333334","0.24348958333333334","0.24348958333333334"
"4329","0.234375","0.234375","0.234375"
"4330","0.234375","0.234375","0.234375"
"4331","0.20963541666666666","0.20963541666666666","0.20963541666666666"
"4332","0.25390625","0.25390625","0.25390625"
"4333","0.2526041666666667","0.2526041666666667","0.2526041666666667"
"4334","0.24869791666666666","0.24869791666666666","0.24869791666666666"
"4335","0.22916666666666666","0.22916666666666666","0.22916666666666666"
"4336","0.24479166666666666","0.24479166666666666","0.24479166666666666"
"4337","0.23828125","0.23828125","0.23828125"
"4338","0.22916666666666666","0.22916666666666666","0.22916666666666666"
"4339","0.23567708333333334","0.23567708333333334","0.23567708333333334"
"4340","0.24088541666666666","0.24088541666666666","0.24088541666666666"
"4341","0.22005208333333334","0.22005208333333334","0.22005208333333334"
"4342","0.21223958333333334","0.21223958333333334","0.21223958333333334"
"4343","0.24739583333333334","0.24739583333333334","0.24739583333333334"
"4344","0.22395833333333334","0.22395833333333334","0.22395833333333334"
"4345","0.24348958333333334","0.24348958333333334","0.24348958333333334"
"4346","0.22395833333333334","0.22395833333333334","0.22395833333333334"
"4347","0.2513020833333333","0.2513020833333333","0.2513020833333333"
"4348","0.24609375","0.24609375","0.24609375"
"4349","0.23307291666666666","0.23307291666666666","0.23307291666666666"
"4350","0.24348958333333334","0.24348958333333334","0.24348958333333334"
"4351","0.22135416666666666","0.22135416666666666","0.22135416666666666"
"4352","0.2552083333333333","0.2552083333333333","0.2552083333333333"
"4353","0.2552083333333333","0.2552083333333333","0.2552083333333333"
"4354","0.234375","0.234375","0.234375"
"4355","0.21875","0.21875","0.21875"
"4356","0.24479166666666666","0.24479166666666666","0.24479166666666666"
"4357","0.25390625","0.25390625","0.25390625"
"4358","0.22265625","0.22265625","0.22265625"
"4359","0.22005208333333334","0.22005208333333334","0.22005208333333334"
"4360","0.22265625","0.22265625","0.22265625"
"4361","0.23958333333333334","0.23958333333333334","0.23958333333333334"
"4362","0.24609375","0.24609375","0.24609375"
"4363","0.25390625","0.25390625","0.25390625"
"4364","0.23828125","0.23828125","0.23828125"
"4365","0.2421875","0.2421875","0.2421875"
"4366","0.24479166666666666","0.24479166666666666","0.24479166666666666"
"4367","0.22265625","0.22265625","0.22265625"
"4368","0.24479166666666666","0.24479166666666666","0.24479166666666666"
"4369","0.22135416666666666","0.22135416666666666","0.22135416666666666"
"4370","0.23697916666666666","0.23697916666666666","0.23697916666666666"
"4371","0.24479166666666666","0.24479166666666666","0.24479166666666666"
"4372","0.25390625","0.25390625","0.25390625"
"4373","0.24609375","0.24609375","0.24609375"
"4374","0.24739583333333334","0.24739583333333334","0.24739583333333334"
"4375","0.25","0.25","0.25"
"4376","0.23307291666666666","0.23307291666666666","0.23307291666666666"
"4377","0.24609375","0.24609375","0.24609375"
"4378","0.24088541666666666","0.24088541666666666","0.24088541666666666"
"4379","0.2591145833333333","0.2591145833333333","0.2591145833333333"
"4380","0.2421875","0.2421875","0.2421875"
"4381","0.22395833333333334","0.22395833333333334","0.22395833333333334"
"4382","0.22135416666666666","0.22135416666666666","0.22135416666666666"
"4383","0.2265625","0.2265625","0.2265625"
"4384","0.2552083333333333","0.2552083333333333","0.2552083333333333"
"4385","0.24869791666666666","0.24869791666666666","0.24869791666666666"
"4386","0.2421875","0.2421875","0.2421875"
"4387","0.22916666666666666","0.22916666666666666","0.22916666666666666"
"4388","0.22916666666666666","0.22916666666666666","0.22916666666666666"
"4389","0.23697916666666666","0.23697916666666666","0.23697916666666666"
"4390","0.23958333333333334","0.23958333333333334","0.23958333333333334"
"4391","0.2565104166666667","0.2565104166666667","0.2565104166666667"
"4392","0.22265625","0.22265625","0.22265625"
"4393","0.23828125","0.23828125","0.23828125"
"4394","0.22786458333333334","0.22786458333333334","0.22786458333333334"
"4395","0.22916666666666666","0.22916666666666666","0.22916666666666666"
"4396","0.23567708333333334","0.23567708333333334","0.23567708333333334"
"4397","0.22786458333333334","0.22786458333333334","0.22786458333333334"
"4398","0.23177083333333334","0.23177083333333334","0.23177083333333334"
"4399","0.23046875","0.23046875","0.23046875"
"4400","0.25390625","0.25390625","0.25390625"
"4401","0.23046875","0.23046875","0.23046875"
"4402","0.22526041666666666","0.22526041666666666","0.22526041666666666"
"4403","0.2604166666666667","0.2604166666666667","0.2604166666666667"
"4404","0.21223958333333334","0.21223958333333334","0.21223958333333334"
"4405","0.22395833333333334","0.22395833333333334","0.22395833333333334"
"4406","0.24739583333333334","0.24739583333333334","0.24739583333333334"
"4407","0.24479166666666666","0.24479166666666666","0.24479166666666666"
"4408","0.2578125","0.2578125","0.2578125"
"4409","0.22916666666666666","0.22916666666666666","0.22916666666666666"
"4410","0.24739583333333334","0.24739583333333334","0.24739583333333334"
"4411","0.23958333333333334","0.23958333333333334","0.23958333333333334"
"4412","0.21484375","0.21484375","0.21484375"
"4413","0.22005208333333334","0.22005208333333334","0.22005208333333334"
"4414","0.2265625","0.2265625","0.2265625"
"4415","0.23697916666666666","0.23697916666666666","0.23697916666666666"
"4416","0.23307291666666666","0.23307291666666666","0.23307291666666666"
"4417","0.24869791666666666","0.24869791666666666","0.24869791666666666"
"4418","0.22395833333333334","0.22395833333333334","0.22395833333333334"
"4419","0.234375","0.234375","0.234375"
"4420","0.23177083333333334","0.23177083333333334","0.23177083333333334"
"4421","0.26171875","0.26171875","0.26171875"
"4422","0.24088541666666666","0.24088541666666666","0.24088541666666666"
"4423","0.23697916666666666","0.23697916666666666","0.23697916666666666"
"4424","0.2578125","0.2578125","0.2578125"
"4425","0.22265625","0.22265625","0.22265625"
"4426","0.23307291666666666","0.23307291666666666","0.23307291666666666"
"4427","0.24479166666666666","0.24479166666666666","0.24479166666666666"
"4428","0.23567708333333334","0.23567708333333334","0.23567708333333334"
"4429","0.22786458333333334","0.22786458333333334","0.22786458333333334"
"4430","0.24088541666666666","0.24088541666666666","0.24088541666666666"
"4431","0.22526041666666666","0.22526041666666666","0.22526041666666666"
"4432","0.22786458333333334","0.22786458333333334","0.22786458333333334"
"4433","0.23697916666666666","0.23697916666666666","0.23697916666666666"
"4434","0.24869791666666666","0.24869791666666666","0.24869791666666666"
"4435","0.22916666666666666","0.22916666666666666","0.22916666666666666"
"4436","0.23307291666666666","0.23307291666666666","0.23307291666666666"
"4437","0.24348958333333334","0.24348958333333334","0.24348958333333334"
"4438","0.2421875","0.2421875","0.2421875"
"4439","0.24609375","0.24609375","0.24609375"
"4440","0.21875","0.21875","0.21875"
"4441","0.24739583333333334","0.24739583333333334","0.24739583333333334"
"4442","0.2578125","0.2578125","0.2578125"
"4443","0.234375","0.234375","0.234375"
"4444","0.23958333333333334","0.23958333333333334","0.23958333333333334"
"4445","0.23828125","0.23828125","0.23828125"
"4446","0.24609375","0.24609375","0.24609375"
"4447","0.234375","0.234375","0.234375"
"4448","0.234375","0.234375","0.234375"
"4449","0.22786458333333334","0.22786458333333334","0.22786458333333334"
"4450","0.23567708333333334","0.23567708333333334","0.23567708333333334"
"4451","0.24348958333333334","0.24348958333333334","0.24348958333333334"
"4452","0.23697916666666666","0.23697916666666666","0.23697916666666666"
"4453","0.23828125","0.23828125","0.23828125"
"4454","0.2265625","0.2265625","0.2265625"
"4455","0.24609375","0.24609375","0.24609375"
"4456","0.23177083333333334","0.23177083333333334","0.23177083333333334"
"4457","0.24869791666666666","0.24869791666666666","0.24869791666666666"
"4458","0.2552083333333333","0.2552083333333333","0.2552083333333333"
"4459","0.23046875","0.23046875","0.23046875"
"4460","0.23177083333333334","0.23177083333333334","0.23177083333333334"
"4461","0.24348958333333334","0.24348958333333334","0.24348958333333334"
"4462","0.2265625","0.2265625","0.2265625"
"4463","0.23177083333333334","0.23177083333333334","0.23177083333333334"
"4464","0.24609375","0.24609375","0.24609375"
"4465","0.22395833333333334","0.22395833333333334","0.22395833333333334"
"4466","0.23697916666666666","0.23697916666666666","0.23697916666666666"
"4467","0.2265625","0.2265625","0.2265625"
"4468","0.21744791666666666","0.21744791666666666","0.21744791666666666"
"4469","0.24869791666666666","0.24869791666666666","0.24869791666666666"
"4470","0.24348958333333334","0.24348958333333334","0.24348958333333334"
"4471","0.20963541666666666","0.20963541666666666","0.20963541666666666"
"4472","0.22265625","0.22265625","0.22265625"
"4473","0.24869791666666666","0.24869791666666666","0.24869791666666666"
"4474","0.22135416666666666","0.22135416666666666","0.22135416666666666"
"4475","0.25390625","0.25390625","0.25390625"
"4476","0.22395833333333334","0.22395833333333334","0.22395833333333334"
"4477","0.2604166666666667","0.2604166666666667","0.2604166666666667"
"4478","0.22916666666666666","0.22916666666666666","0.22916666666666666"
"4479","0.23046875","0.23046875","0.23046875"
"4480","0.22395833333333334","0.22395833333333334","0.22395833333333334"
"4481","0.23177083333333334","0.23177083333333334","0.23177083333333334"
"4482","0.22916666666666666","0.22916666666666666","0.22916666666666666"
"4483","0.23697916666666666","0.23697916666666666","0.23697916666666666"
"4484","0.23177083333333334","0.23177083333333334","0.23177083333333334"
"4485","0.25390625","0.25390625","0.25390625"
"4486","0.21875","0.21875","0.21875"
"4487","0.234375","0.234375","0.234375"
"4488","0.22005208333333334","0.22005208333333334","0.22005208333333334"
"4489","0.2591145833333333","0.2591145833333333","0.2591145833333333"
"4490","0.22265625","0.22265625","0.22265625"
"4491","0.22916666666666666","0.22916666666666666","0.22916666666666666"
"4492","0.25390625","0.25390625","0.25390625"
"4493","0.23567708333333334","0.23567708333333334","0.23567708333333334"
"4494","0.23567708333333334","0.23567708333333334","0.23567708333333334"
"4495","0.23046875","0.23046875","0.23046875"
"4496","0.23567708333333334","0.23567708333333334","0.23567708333333334"
"4497","0.25","0.25","0.25"
"4498","0.23828125","0.23828125","0.23828125"
"4499","0.23177083333333334","0.23177083333333334","0.23177083333333334"
"4500","0.23697916666666666","0.23697916666666666","0.23697916666666666"
"4501","0.23177083333333334","0.23177083333333334","0.23177083333333334"
"4502","0.2552083333333333","0.2552083333333333","0.2552083333333333"
"4503","0.22005208333333334","0.22005208333333334","0.22005208333333334"
"4504","0.22395833333333334","0.22395833333333334","0.22395833333333334"
"4505","0.2721354166666667","0.2721354166666667","0.2721354166666667"
"4506","0.23307291666666666","0.23307291666666666","0.23307291666666666"
"4507","0.24479166666666666","0.24479166666666666","0.24479166666666666"
"4508","0.24088541666666666","0.24088541666666666","0.24088541666666666"
"4509","0.234375","0.234375","0.234375"
"4510","0.24869791666666666","0.24869791666666666","0.24869791666666666"
"4511","0.23828125","0.23828125","0.23828125"
"4512","0.23307291666666666","0.23307291666666666","0.23307291666666666"
"4513","0.22005208333333334","0.22005208333333334","0.22005208333333334"
"4514","0.22135416666666666","0.22135416666666666","0.22135416666666666"
"4515","0.24869791666666666","0.24869791666666666","0.24869791666666666"
"4516","0.22786458333333334","0.22786458333333334","0.22786458333333334"
"4517","0.23958333333333334","0.23958333333333334","0.23958333333333334"
"4518","0.23177083333333334","0.23177083333333334","0.23177083333333334"
"4519","0.22526041666666666","0.22526041666666666","0.22526041666666666"
"4520","0.23307291666666666","0.23307291666666666","0.23307291666666666"
"4521","0.21744791666666666","0.21744791666666666","0.21744791666666666"
"4522","0.20442708333333334","0.20442708333333334","0.20442708333333334"
"4523","0.2421875","0.2421875","0.2421875"
"4524","0.2421875","0.2421875","0.2421875"
"4525","0.24609375","0.24609375","0.24609375"
"4526","0.22916666666666666","0.22916666666666666","0.22916666666666666"
"4527","0.22395833333333334","0.22395833333333334","0.22395833333333334"
"4528","0.22786458333333334","0.22786458333333334","0.22786458333333334"
"4529","0.23177083333333334","0.23177083333333334","0.23177083333333334"
"4530","0.2565104166666667","0.2565104166666667","0.2565104166666667"
"4531","0.2591145833333333","0.2591145833333333","0.2591145833333333"
"4532","0.24739583333333334","0.24739583333333334","0.24739583333333334"
"4533","0.25390625","0.25390625","0.25390625"
"4534","0.23177083333333334","0.23177083333333334","0.23177083333333334"
"4535","0.23307291666666666","0.23307291666666666","0.23307291666666666"
"4536","0.21614583333333334","0.21614583333333334","0.21614583333333334"
"4537","0.23177083333333334","0.23177083333333334","0.23177083333333334"
"4538","0.24609375","0.24609375","0.24609375"
"4539","0.21614583333333334","0.21614583333333334","0.21614583333333334"
"4540","0.23567708333333334","0.23567708333333334","0.23567708333333334"
"4541","0.24348958333333334","0.24348958333333334","0.24348958333333334"
"4542","0.25","0.25","0.25"
"4543","0.23177083333333334","0.23177083333333334","0.23177083333333334"
"4544","0.24739583333333334","0.24739583333333334","0.24739583333333334"
"4545","0.2513020833333333","0.2513020833333333","0.2513020833333333"
"4546","0.20572916666666666","0.20572916666666666","0.20572916666666666"
"4547","0.234375","0.234375","0.234375"
"4548","0.20833333333333334","0.20833333333333334","0.20833333333333334"
"4549","0.23958333333333334","0.23958333333333334","0.23958333333333334"
"4550","0.24609375","0.24609375","0.24609375"
"4551","0.2513020833333333","0.2513020833333333","0.2513020833333333"
"4552","0.24739583333333334","0.24739583333333334","0.24739583333333334"
"4553","0.22916666666666666","0.22916666666666666","0.22916666666666666"
"4554","0.234375","0.234375","0.234375"
"4555","0.24348958333333334","0.24348958333333334","0.24348958333333334"
"4556","0.24869791666666666","0.24869791666666666","0.24869791666666666"
"4557","0.234375","0.234375","0.234375"
"4558","0.234375","0.234375","0.234375"
"4559","0.23958333333333334","0.23958333333333334","0.23958333333333334"
"4560","0.2604166666666667","0.2604166666666667","0.2604166666666667"
"4561","0.2109375","0.2109375","0.2109375"
"4562","0.2513020833333333","0.2513020833333333","0.2513020833333333"
"4563","0.2265625","0.2265625","0.2265625"
"4564","0.24739583333333334","0.24739583333333334","0.24739583333333334"
"4565","0.2265625","0.2265625","0.2265625"
"4566","0.21744791666666666","0.21744791666666666","0.21744791666666666"
"4567","0.2591145833333333","0.2591145833333333","0.2591145833333333"
"4568","0.23828125","0.23828125","0.23828125"
"4569","0.22135416666666666","0.22135416666666666","0.22135416666666666"
"4570","0.23177083333333334","0.23177083333333334","0.23177083333333334"
"4571","0.23307291666666666","0.23307291666666666","0.23307291666666666"
"4572","0.24609375","0.24609375","0.24609375"
"4573","0.23046875","0.23046875","0.23046875"
"4574","0.2552083333333333","0.2552083333333333","0.2552083333333333"
"4575","0.20572916666666666","0.20572916666666666","0.20572916666666666"
"4576","0.23697916666666666","0.23697916666666666","0.23697916666666666"
"4577","0.24869791666666666","0.24869791666666666","0.24869791666666666"
"4578","0.23307291666666666","0.23307291666666666","0.23307291666666666"
"4579","0.22916666666666666","0.22916666666666666","0.22916666666666666"
"4580","0.24088541666666666","0.24088541666666666","0.24088541666666666"
"4581","0.23177083333333334","0.23177083333333334","0.23177083333333334"
"4582","0.22786458333333334","0.22786458333333334","0.22786458333333334"
"4583","0.23307291666666666","0.23307291666666666","0.23307291666666666"
"4584","0.22005208333333334","0.22005208333333334","0.22005208333333334"
"4585","0.2513020833333333","0.2513020833333333","0.2513020833333333"
"4586","0.22265625","0.22265625","0.22265625"
"4587","0.23697916666666666","0.23697916666666666","0.23697916666666666"
"4588","0.23567708333333334","0.23567708333333334","0.23567708333333334"
"4589","0.22916666666666666","0.22916666666666666","0.22916666666666666"
"4590","0.20963541666666666","0.20963541666666666","0.20963541666666666"
"4591","0.24088541666666666","0.24088541666666666","0.24088541666666666"
"4592","0.2565104166666667","0.2565104166666667","0.2565104166666667"
"4593","0.22786458333333334","0.22786458333333334","0.22786458333333334"
"4594","0.23046875","0.23046875","0.23046875"
"4595","0.23567708333333334","0.23567708333333334","0.23567708333333334"
"4596","0.22005208333333334","0.22005208333333334","0.22005208333333334"
"4597","0.234375","0.234375","0.234375"
"4598","0.2526041666666667","0.2526041666666667","0.2526041666666667"
"4599","0.24869791666666666","0.24869791666666666","0.24869791666666666"
"4600","0.2630208333333333","0.2630208333333333","0.2630208333333333"
"4601","0.2565104166666667","0.2565104166666667","0.2565104166666667"
"4602","0.2421875","0.2421875","0.2421875"
"4603","0.24348958333333334","0.24348958333333334","0.24348958333333334"
"4604","0.23307291666666666","0.23307291666666666","0.23307291666666666"
"4605","0.22916666666666666","0.22916666666666666","0.22916666666666666"
"4606","0.23697916666666666","0.23697916666666666","0.23697916666666666"
"4607","0.21484375","0.21484375","0.21484375"
"4608","0.24739583333333334","0.24739583333333334","0.24739583333333334"
"4609","0.22526041666666666","0.22526041666666666","0.22526041666666666"
"4610","0.24348958333333334","0.24348958333333334","0.24348958333333334"
"4611","0.2708333333333333","0.2708333333333333","0.2708333333333333"
"4612","0.2513020833333333","0.2513020833333333","0.2513020833333333"
"4613","0.22916666666666666","0.22916666666666666","0.22916666666666666"
"4614","0.22916666666666666","0.22916666666666666","0.22916666666666666"
"4615","0.23828125","0.23828125","0.23828125"
"4616","0.234375","0.234375","0.234375"
"4617","0.22786458333333334","0.22786458333333334","0.22786458333333334"
"4618","0.23307291666666666","0.23307291666666666","0.23307291666666666"
"4619","0.23046875","0.23046875","0.23046875"
"4620","0.23046875","0.23046875","0.23046875"
"4621","0.22786458333333334","0.22786458333333334","0.22786458333333334"
"4622","0.22786458333333334","0.22786458333333334","0.22786458333333334"
"4623","0.2109375","0.2109375","0.2109375"
"4624","0.22916666666666666","0.22916666666666666","0.22916666666666666"
"4625","0.23697916666666666","0.23697916666666666","0.23697916666666666"
"4626","0.23697916666666666","0.23697916666666666","0.23697916666666666"
"4627","0.2265625","0.2265625","0.2265625"
"4628","0.2513020833333333","0.2513020833333333","0.2513020833333333"
"4629","0.24348958333333334","0.24348958333333334","0.24348958333333334"
"4630","0.234375","0.234375","0.234375"
"4631","0.234375","0.234375","0.234375"
"4632","0.23697916666666666","0.23697916666666666","0.23697916666666666"
"4633","0.21614583333333334","0.21614583333333334","0.21614583333333334"
"4634","0.234375","0.234375","0.234375"
"4635","0.24479166666666666","0.24479166666666666","0.24479166666666666"
"4636","0.23046875","0.23046875","0.23046875"
"4637","0.234375","0.234375","0.234375"
"4638","0.24348958333333334","0.24348958333333334","0.24348958333333334"
"4639","0.23958333333333334","0.23958333333333334","0.23958333333333334"
"4640","0.234375","0.234375","0.234375"
"4641","0.23958333333333334","0.23958333333333334","0.23958333333333334"
"4642","0.22526041666666666","0.22526041666666666","0.22526041666666666"
"4643","0.23046875","0.23046875","0.23046875"
"4644","0.22005208333333334","0.22005208333333334","0.22005208333333334"
"4645","0.24609375","0.24609375","0.24609375"
"4646","0.23697916666666666","0.23697916666666666","0.23697916666666666"
"4647","0.21354166666666666","0.21354166666666666","0.21354166666666666"
"4648","0.23828125","0.23828125","0.23828125"
"4649","0.23697916666666666","0.23697916666666666","0.23697916666666666"
"4650","0.25390625","0.25390625","0.25390625"
"4651","0.23958333333333334","0.23958333333333334","0.23958333333333334"
"4652","0.22786458333333334","0.22786458333333334","0.22786458333333334"
"4653","0.21614583333333334","0.21614583333333334","0.21614583333333334"
"4654","0.234375","0.234375","0.234375"
"4655","0.2513020833333333","0.2513020833333333","0.2513020833333333"
"4656","0.24739583333333334","0.24739583333333334","0.24739583333333334"
"4657","0.20833333333333334","0.20833333333333334","0.20833333333333334"
"4658","0.24479166666666666","0.24479166666666666","0.24479166666666666"
"4659","0.24088541666666666","0.24088541666666666","0.24088541666666666"
"4660","0.23307291666666666","0.23307291666666666","0.23307291666666666"
"4661","0.234375","0.234375","0.234375"
"4662","0.23567708333333334","0.23567708333333334","0.23567708333333334"
"4663","0.23958333333333334","0.23958333333333334","0.23958333333333334"
"4664","0.2565104166666667","0.2565104166666667","0.2565104166666667"
"4665","0.23177083333333334","0.23177083333333334","0.23177083333333334"
"4666","0.24739583333333334","0.24739583333333334","0.24739583333333334"
"4667","0.23307291666666666","0.23307291666666666","0.23307291666666666"
"4668","0.24609375","0.24609375","0.24609375"
"4669","0.25390625","0.25390625","0.25390625"
"4670","0.22265625","0.22265625","0.22265625"
"4671","0.2513020833333333","0.2513020833333333","0.2513020833333333"
"4672","0.24348958333333334","0.24348958333333334","0.24348958333333334"
"4673","0.21484375","0.21484375","0.21484375"
"4674","0.23307291666666666","0.23307291666666666","0.23307291666666666"
"4675","0.23046875","0.23046875","0.23046875"
"4676","0.2565104166666667","0.2565104166666667","0.2565104166666667"
"4677","0.24739583333333334","0.24739583333333334","0.24739583333333334"
"4678","0.2578125","0.2578125","0.2578125"
"4679","0.22395833333333334","0.22395833333333334","0.22395833333333334"
"4680","0.23307291666666666","0.23307291666666666","0.23307291666666666"
"4681","0.23307291666666666","0.23307291666666666","0.23307291666666666"
"4682","0.24479166666666666","0.24479166666666666","0.24479166666666666"
"4683","0.2421875","0.2421875","0.2421875"
"4684","0.24479166666666666","0.24479166666666666","0.24479166666666666"
"4685","0.24088541666666666","0.24088541666666666","0.24088541666666666"
"4686","0.23828125","0.23828125","0.23828125"
"4687","0.23177083333333334","0.23177083333333334","0.23177083333333334"
"4688","0.25","0.25","0.25"
"4689","0.23697916666666666","0.23697916666666666","0.23697916666666666"
"4690","0.2630208333333333","0.2630208333333333","0.2630208333333333"
"4691","0.22395833333333334","0.22395833333333334","0.22395833333333334"
"4692","0.21875","0.21875","0.21875"
"4693","0.23958333333333334","0.23958333333333334","0.23958333333333334"
"4694","0.24479166666666666","0.24479166666666666","0.24479166666666666"
"4695","0.23958333333333334","0.23958333333333334","0.23958333333333334"
"4696","0.22265625","0.22265625","0.22265625"
"4697","0.21744791666666666","0.21744791666666666","0.21744791666666666"
"4698","0.2421875","0.2421875","0.2421875"
"4699","0.22916666666666666","0.22916666666666666","0.22916666666666666"
"4700","0.24348958333333334","0.24348958333333334","0.24348958333333334"
"4701","0.23177083333333334","0.23177083333333334","0.23177083333333334"
"4702","0.22265625","0.22265625","0.22265625"
"4703","0.24088541666666666","0.24088541666666666","0.24088541666666666"
"4704","0.24479166666666666","0.24479166666666666","0.24479166666666666"
"4705","0.2265625","0.2265625","0.2265625"
"4706","0.23567708333333334","0.23567708333333334","0.23567708333333334"
"4707","0.23567708333333334","0.23567708333333334","0.23567708333333334"
"4708","0.25390625","0.25390625","0.25390625"
"4709","0.22265625","0.22265625","0.22265625"
"4710","0.22526041666666666","0.22526041666666666","0.22526041666666666"
"4711","0.23828125","0.23828125","0.23828125"
"4712","0.20703125","0.20703125","0.20703125"
"4713","0.23177083333333334","0.23177083333333334","0.23177083333333334"
"4714","0.24869791666666666","0.24869791666666666","0.24869791666666666"
"4715","0.23567708333333334","0.23567708333333334","0.23567708333333334"
"4716","0.20572916666666666","0.20572916666666666","0.20572916666666666"
"4717","0.24869791666666666","0.24869791666666666","0.24869791666666666"
"4718","0.21223958333333334","0.21223958333333334","0.21223958333333334"
"4719","0.24609375","0.24609375","0.24609375"
"4720","0.2526041666666667","0.2526041666666667","0.2526041666666667"
"4721","0.21614583333333334","0.21614583333333334","0.21614583333333334"
"4722","0.22526041666666666","0.22526041666666666","0.22526041666666666"
"4723","0.22786458333333334","0.22786458333333334","0.22786458333333334"
"4724","0.24739583333333334","0.24739583333333334","0.24739583333333334"
"4725","0.24479166666666666","0.24479166666666666","0.24479166666666666"
"4726","0.23046875","0.23046875","0.23046875"
"4727","0.25","0.25","0.25"
"4728","0.24088541666666666","0.24088541666666666","0.24088541666666666"
"4729","0.234375","0.234375","0.234375"
"4730","0.22786458333333334","0.22786458333333334","0.22786458333333334"
"4731","0.23567708333333334","0.23567708333333334","0.23567708333333334"
"4732","0.2552083333333333","0.2552083333333333","0.2552083333333333"
"4733","0.24088541666666666","0.24088541666666666","0.24088541666666666"
"4734","0.21484375","0.21484375","0.21484375"
"4735","0.23567708333333334","0.23567708333333334","0.23567708333333334"
"4736","0.24348958333333334","0.24348958333333334","0.24348958333333334"
"4737","0.24479166666666666","0.24479166666666666","0.24479166666666666"
"4738","0.2265625","0.2265625","0.2265625"
"4739","0.2578125","0.2578125","0.2578125"
"4740","0.24348958333333334","0.24348958333333334","0.24348958333333334"
"4741","0.24348958333333334","0.24348958333333334","0.24348958333333334"
"4742","0.20703125","0.20703125","0.20703125"
"4743","0.23958333333333334","0.23958333333333334","0.23958333333333334"
"4744","0.23177083333333334","0.23177083333333334","0.23177083333333334"
"4745","0.2109375","0.2109375","0.2109375"
"4746","0.234375","0.234375","0.234375"
"4747","0.24088541666666666","0.24088541666666666","0.24088541666666666"
"4748","0.24479166666666666","0.24479166666666666","0.24479166666666666"
"4749","0.23697916666666666","0.23697916666666666","0.23697916666666666"
"4750","0.24739583333333334","0.24739583333333334","0.24739583333333334"
"4751","0.23307291666666666","0.23307291666666666","0.23307291666666666"
"4752","0.24739583333333334","0.24739583333333334","0.24739583333333334"
"4753","0.23046875","0.23046875","0.23046875"
"4754","0.22526041666666666","0.22526041666666666","0.22526041666666666"
"4755","0.23828125","0.23828125","0.23828125"
"4756","0.23958333333333334","0.23958333333333334","0.23958333333333334"
"4757","0.23697916666666666","0.23697916666666666","0.23697916666666666"
"4758","0.22135416666666666","0.22135416666666666","0.22135416666666666"
"4759","0.23828125","0.23828125","0.23828125"
"4760","0.22786458333333334","0.22786458333333334","0.22786458333333334"
"4761","0.23958333333333334","0.23958333333333334","0.23958333333333334"
"4762","0.2109375","0.2109375","0.2109375"
"4763","0.22265625","0.22265625","0.22265625"
"4764","0.24088541666666666","0.24088541666666666","0.24088541666666666"
"4765","0.23697916666666666","0.23697916666666666","0.23697916666666666"
"4766","0.23828125","0.23828125","0.23828125"
"4767","0.24479166666666666","0.24479166666666666","0.24479166666666666"
"4768","0.2604166666666667","0.2604166666666667","0.2604166666666667"
"4769","0.22135416666666666","0.22135416666666666","0.22135416666666666"
"4770","0.24739583333333334","0.24739583333333334","0.24739583333333334"
"4771","0.22916666666666666","0.22916666666666666","0.22916666666666666"
"4772","0.2578125","0.2578125","0.2578125"
"4773","0.23958333333333334","0.23958333333333334","0.23958333333333334"
"4774","0.2421875","0.2421875","0.2421875"
"4775","0.23567708333333334","0.23567708333333334","0.23567708333333334"
"4776","0.24609375","0.24609375","0.24609375"
"4777","0.24088541666666666","0.24088541666666666","0.24088541666666666"
"4778","0.2513020833333333","0.2513020833333333","0.2513020833333333"
"4779","0.23307291666666666","0.23307291666666666","0.23307291666666666"
"4780","0.22395833333333334","0.22395833333333334","0.22395833333333334"
"4781","0.24479166666666666","0.24479166666666666","0.24479166666666666"
"4782","0.23958333333333334","0.23958333333333334","0.23958333333333334"
"4783","0.24088541666666666","0.24088541666666666","0.24088541666666666"
"4784","0.24739583333333334","0.24739583333333334","0.24739583333333334"
"4785","0.22395833333333334","0.22395833333333334","0.22395833333333334"
"4786","0.25","0.25","0.25"
"4787","0.2421875","0.2421875","0.2421875"
"4788","0.21354166666666666","0.21354166666666666","0.21354166666666666"
"4789","0.22526041666666666","0.22526041666666666","0.22526041666666666"
"4790","0.24609375","0.24609375","0.24609375"
"4791","0.24479166666666666","0.24479166666666666","0.24479166666666666"
"4792","0.25","0.25","0.25"
"4793","0.20052083333333334","0.20052083333333334","0.20052083333333334"
"4794","0.22005208333333334","0.22005208333333334","0.22005208333333334"
"4795","0.24869791666666666","0.24869791666666666","0.24869791666666666"
"4796","0.23958333333333334","0.23958333333333334","0.23958333333333334"
"4797","0.23307291666666666","0.23307291666666666","0.23307291666666666"
"4798","0.22005208333333334","0.22005208333333334","0.22005208333333334"
"4799","0.23958333333333334","0.23958333333333334","0.23958333333333334"
"4800","0.234375","0.234375","0.234375"
"4801","0.22916666666666666","0.22916666666666666","0.22916666666666666"
"4802","0.23046875","0.23046875","0.23046875"
"4803","0.23958333333333334","0.23958333333333334","0.23958333333333334"
"4804","0.22395833333333334","0.22395833333333334","0.22395833333333334"
"4805","0.2552083333333333","0.2552083333333333","0.2552083333333333"
"4806","0.23958333333333334","0.23958333333333334","0.23958333333333334"
"4807","0.22265625","0.22265625","0.22265625"
"4808","0.24479166666666666","0.24479166666666666","0.24479166666666666"
"4809","0.23958333333333334","0.23958333333333334","0.23958333333333334"
"4810","0.23046875","0.23046875","0.23046875"
"4811","0.23177083333333334","0.23177083333333334","0.23177083333333334"
"4812","0.22395833333333334","0.22395833333333334","0.22395833333333334"
"4813","0.23828125","0.23828125","0.23828125"
"4814","0.23567708333333334","0.23567708333333334","0.23567708333333334"
"4815","0.24609375","0.24609375","0.24609375"
"4816","0.23828125","0.23828125","0.23828125"
"4817","0.23307291666666666","0.23307291666666666","0.23307291666666666"
"4818","0.24609375","0.24609375","0.24609375"
"4819","0.22916666666666666","0.22916666666666666","0.22916666666666666"
"4820","0.23828125","0.23828125","0.23828125"
"4821","0.22786458333333334","0.22786458333333334","0.22786458333333334"
"4822","0.22916666666666666","0.22916666666666666","0.22916666666666666"
"4823","0.21875","0.21875","0.21875"
"4824","0.23567708333333334","0.23567708333333334","0.23567708333333334"
"4825","0.23046875","0.23046875","0.23046875"
"4826","0.23697916666666666","0.23697916666666666","0.23697916666666666"
"4827","0.2513020833333333","0.2513020833333333","0.2513020833333333"
"4828","0.23177083333333334","0.23177083333333334","0.23177083333333334"
"4829","0.20833333333333334","0.20833333333333334","0.20833333333333334"
"4830","0.22786458333333334","0.22786458333333334","0.22786458333333334"
"4831","0.2421875","0.2421875","0.2421875"
"4832","0.22526041666666666","0.22526041666666666","0.22526041666666666"
"4833","0.23567708333333334","0.23567708333333334","0.23567708333333334"
"4834","0.22786458333333334","0.22786458333333334","0.22786458333333334"
"4835","0.21744791666666666","0.21744791666666666","0.21744791666666666"
"4836","0.2578125","0.2578125","0.2578125"
"4837","0.21875","0.21875","0.21875"
"4838","0.23697916666666666","0.23697916666666666","0.23697916666666666"
"4839","0.22265625","0.22265625","0.22265625"
"4840","0.24609375","0.24609375","0.24609375"
"4841","0.2578125","0.2578125","0.2578125"
"4842","0.22135416666666666","0.22135416666666666","0.22135416666666666"
"4843","0.24088541666666666","0.24088541666666666","0.24088541666666666"
"4844","0.21484375","0.21484375","0.21484375"
"4845","0.22395833333333334","0.22395833333333334","0.22395833333333334"
"4846","0.23828125","0.23828125","0.23828125"
"4847","0.24479166666666666","0.24479166666666666","0.24479166666666666"
"4848","0.23046875","0.23046875","0.23046875"
"4849","0.22005208333333334","0.22005208333333334","0.22005208333333334"
"4850","0.23567708333333334","0.23567708333333334","0.23567708333333334"
"4851","0.22916666666666666","0.22916666666666666","0.22916666666666666"
"4852","0.22786458333333334","0.22786458333333334","0.22786458333333334"
"4853","0.234375","0.234375","0.234375"
"4854","0.24348958333333334","0.24348958333333334","0.24348958333333334"
"4855","0.22526041666666666","0.22526041666666666","0.22526041666666666"
"4856","0.22916666666666666","0.22916666666666666","0.22916666666666666"
"4857","0.23046875","0.23046875","0.23046875"
"4858","0.22005208333333334","0.22005208333333334","0.22005208333333334"
"4859","0.22526041666666666","0.22526041666666666","0.22526041666666666"
"4860","0.23046875","0.23046875","0.23046875"
"4861","0.24088541666666666","0.24088541666666666","0.24088541666666666"
"4862","0.22526041666666666","0.22526041666666666","0.22526041666666666"
"4863","0.22526041666666666","0.22526041666666666","0.22526041666666666"
"4864","0.23958333333333334","0.23958333333333334","0.23958333333333334"
"4865","0.22005208333333334","0.22005208333333334","0.22005208333333334"
"4866","0.22916666666666666","0.22916666666666666","0.22916666666666666"
"4867","0.2421875","0.2421875","0.2421875"
"4868","0.24479166666666666","0.24479166666666666","0.24479166666666666"
"4869","0.23177083333333334","0.23177083333333334","0.23177083333333334"
"4870","0.25390625","0.25390625","0.25390625"
"4871","0.2265625","0.2265625","0.2265625"
"4872","0.24348958333333334","0.24348958333333334","0.24348958333333334"
"4873","0.2421875","0.2421875","0.2421875"
"4874","0.21484375","0.21484375","0.21484375"
"4875","0.23828125","0.23828125","0.23828125"
"4876","0.2421875","0.2421875","0.2421875"
"4877","0.22135416666666666","0.22135416666666666","0.22135416666666666"
"4878","0.25","0.25","0.25"
"4879","0.22395833333333334","0.22395833333333334","0.22395833333333334"
"4880","0.2565104166666667","0.2565104166666667","0.2565104166666667"
"4881","0.24609375","0.24609375","0.24609375"
"4882","0.24739583333333334","0.24739583333333334","0.24739583333333334"
"4883","0.24869791666666666","0.24869791666666666","0.24869791666666666"
"4884","0.21744791666666666","0.21744791666666666","0.21744791666666666"
"4885","0.21875","0.21875","0.21875"
"4886","0.23697916666666666","0.23697916666666666","0.23697916666666666"
"4887","0.23567708333333334","0.23567708333333334","0.23567708333333334"
"4888","0.2265625","0.2265625","0.2265625"
"4889","0.20572916666666666","0.20572916666666666","0.20572916666666666"
"4890","0.22916666666666666","0.22916666666666666","0.22916666666666666"
"4891","0.24609375","0.24609375","0.24609375"
"4892","0.23697916666666666","0.23697916666666666","0.23697916666666666"
"4893","0.25","0.25","0.25"
"4894","0.24869791666666666","0.24869791666666666","0.24869791666666666"
"4895","0.23567708333333334","0.23567708333333334","0.23567708333333334"
"4896","0.2513020833333333","0.2513020833333333","0.2513020833333333"
"4897","0.22916666666666666","0.22916666666666666","0.22916666666666666"
"4898","0.23697916666666666","0.23697916666666666","0.23697916666666666"
"4899","0.23958333333333334","0.23958333333333334","0.23958333333333334"
"4900","0.234375","0.234375","0.234375"
"4901","0.2421875","0.2421875","0.2421875"
"4902","0.22526041666666666","0.22526041666666666","0.22526041666666666"
"4903","0.234375","0.234375","0.234375"
"4904","0.234375","0.234375","0.234375"
"4905","0.23307291666666666","0.23307291666666666","0.23307291666666666"
"4906","0.24088541666666666","0.24088541666666666","0.24088541666666666"
"4907","0.2265625","0.2265625","0.2265625"
"4908","0.23697916666666666","0.23697916666666666","0.23697916666666666"
"4909","0.2565104166666667","0.2565104166666667","0.2565104166666667"
"4910","0.23177083333333334","0.23177083333333334","0.23177083333333334"
"4911","0.22005208333333334","0.22005208333333334","0.22005208333333334"
"4912","0.22526041666666666","0.22526041666666666","0.22526041666666666"
"4913","0.2513020833333333","0.2513020833333333","0.2513020833333333"
"4914","0.24088541666666666","0.24088541666666666","0.24088541666666666"
"4915","0.22526041666666666","0.22526041666666666","0.22526041666666666"
"4916","0.23958333333333334","0.23958333333333334","0.23958333333333334"
"4917","0.24348958333333334","0.24348958333333334","0.24348958333333334"
"4918","0.2421875","0.2421875","0.2421875"
"4919","0.23958333333333334","0.23958333333333334","0.23958333333333334"
"4920","0.22786458333333334","0.22786458333333334","0.22786458333333334"
"4921","0.22395833333333334","0.22395833333333334","0.22395833333333334"
"4922","0.23177083333333334","0.23177083333333334","0.23177083333333334"
"4923","0.22786458333333334","0.22786458333333334","0.22786458333333334"
"4924","0.22786458333333334","0.22786458333333334","0.22786458333333334"
"4925","0.23046875","0.23046875","0.23046875"
"4926","0.23177083333333334","0.23177083333333334","0.23177083333333334"
"4927","0.24348958333333334","0.24348958333333334","0.24348958333333334"
"4928","0.22526041666666666","0.22526041666666666","0.22526041666666666"
"4929","0.234375","0.234375","0.234375"
"4930","0.2265625","0.2265625","0.2265625"
"4931","0.23177083333333334","0.23177083333333334","0.23177083333333334"
"4932","0.24088541666666666","0.24088541666666666","0.24088541666666666"
"4933","0.23046875","0.23046875","0.23046875"
"4934","0.23828125","0.23828125","0.23828125"
"4935","0.25","0.25","0.25"
"4936","0.24348958333333334","0.24348958333333334","0.24348958333333334"
"4937","0.23567708333333334","0.23567708333333334","0.23567708333333334"
"4938","0.22916666666666666","0.22916666666666666","0.22916666666666666"
"4939","0.2513020833333333","0.2513020833333333","0.2513020833333333"
"4940","0.24479166666666666","0.24479166666666666","0.24479166666666666"
"4941","0.22916666666666666","0.22916666666666666","0.22916666666666666"
"4942","0.2565104166666667","0.2565104166666667","0.2565104166666667"
"4943","0.24348958333333334","0.24348958333333334","0.24348958333333334"
"4944","0.26953125","0.26953125","0.26953125"
"4945","0.22395833333333334","0.22395833333333334","0.22395833333333334"
"4946","0.2565104166666667","0.2565104166666667","0.2565104166666667"
"4947","0.23046875","0.23046875","0.23046875"
"4948","0.21614583333333334","0.21614583333333334","0.21614583333333334"
"4949","0.23697916666666666","0.23697916666666666","0.23697916666666666"
"4950","0.24869791666666666","0.24869791666666666","0.24869791666666666"
"4951","0.22786458333333334","0.22786458333333334","0.22786458333333334"
"4952","0.2526041666666667","0.2526041666666667","0.2526041666666667"
"4953","0.23046875","0.23046875","0.23046875"
"4954","0.2421875","0.2421875","0.2421875"
"4955","0.2591145833333333","0.2591145833333333","0.2591145833333333"
"4956","0.2526041666666667","0.2526041666666667","0.2526041666666667"
"4957","0.22135416666666666","0.22135416666666666","0.22135416666666666"
"4958","0.21875","0.21875","0.21875"
"4959","0.24609375","0.24609375","0.24609375"
"4960","0.22916666666666666","0.22916666666666666","0.22916666666666666"
"4961","0.24479166666666666","0.24479166666666666","0.24479166666666666"
"4962","0.24609375","0.24609375","0.24609375"
"4963","0.23567708333333334","0.23567708333333334","0.23567708333333334"
"4964","0.24088541666666666","0.24088541666666666","0.24088541666666666"
"4965","0.22786458333333334","0.22786458333333334","0.22786458333333334"
"4966","0.22526041666666666","0.22526041666666666","0.22526041666666666"
"4967","0.18880208333333334","0.18880208333333334","0.18880208333333334"
"4968","0.2513020833333333","0.2513020833333333","0.2513020833333333"
"4969","0.24088541666666666","0.24088541666666666","0.24088541666666666"
"4970","0.2513020833333333","0.2513020833333333","0.2513020833333333"
"4971","0.23046875","0.23046875","0.23046875"
"4972","0.23958333333333334","0.23958333333333334","0.23958333333333334"
"4973","0.23697916666666666","0.23697916666666666","0.23697916666666666"
"4974","0.25","0.25","0.25"
"4975","0.22916666666666666","0.22916666666666666","0.22916666666666666"
"4976","0.2265625","0.2265625","0.2265625"
"4977","0.22916666666666666","0.22916666666666666","0.22916666666666666"
"4978","0.2591145833333333","0.2591145833333333","0.2591145833333333"
"4979","0.23697916666666666","0.23697916666666666","0.23697916666666666"
"4980","0.21744791666666666","0.21744791666666666","0.21744791666666666"
"4981","0.2421875","0.2421875","0.2421875"
"4982","0.2421875","0.2421875","0.2421875"
"4983","0.23307291666666666","0.23307291666666666","0.23307291666666666"
"4984","0.21614583333333334","0.21614583333333334","0.21614583333333334"
"4985","0.2265625","0.2265625","0.2265625"
"4986","0.24739583333333334","0.24739583333333334","0.24739583333333334"
"4987","0.22395833333333334","0.22395833333333334","0.22395833333333334"
"4988","0.22395833333333334","0.22395833333333334","0.22395833333333334"
"4989","0.23697916666666666","0.23697916666666666","0.23697916666666666"
"4990","0.24739583333333334","0.24739583333333334","0.24739583333333334"
"4991","0.23177083333333334","0.23177083333333334","0.23177083333333334"
"4992","0.22916666666666666","0.22916666666666666","0.22916666666666666"
"4993","0.24088541666666666","0.24088541666666666","0.24088541666666666"
"4994","0.23958333333333334","0.23958333333333334","0.23958333333333334"
"4995","0.23567708333333334","0.23567708333333334","0.23567708333333334"
"4996","0.23958333333333334","0.23958333333333334","0.23958333333333334"
"4997","0.24348958333333334","0.24348958333333334","0.24348958333333334"
"4998","0.2565104166666667","0.2565104166666667","0.2565104166666667"
"4999","0.234375","0.234375","0.234375"
"5000","0.24869791666666666","0.24869791666666666","0.24869791666666666"
"5001","0.24869791666666666","0.24869791666666666","0.24869791666666666"
"5002","0.234375","0.234375","0.234375"
"5003","0.23307291666666666","0.23307291666666666","0.23307291666666666"
"5004","0.25","0.25","0.25"
"5005","0.2265625","0.2265625","0.2265625"
"5006","0.22395833333333334","0.22395833333333334","0.22395833333333334"
"5007","0.22916666666666666","0.22916666666666666","0.22916666666666666"
"5008","0.2421875","0.2421875","0.2421875"
"5009","0.2565104166666667","0.2565104166666667","0.2565104166666667"
"5010","0.2421875","0.2421875","0.2421875"
"5011","0.23567708333333334","0.23567708333333334","0.23567708333333334"
"5012","0.24609375","0.24609375","0.24609375"
"5013","0.24739583333333334","0.24739583333333334","0.24739583333333334"
"5014","0.21484375","0.21484375","0.21484375"
"5015","0.24609375","0.24609375","0.24609375"
"5016","0.24088541666666666","0.24088541666666666","0.24088541666666666"
"5017","0.23697916666666666","0.23697916666666666","0.23697916666666666"
"5018","0.21484375","0.21484375","0.21484375"
"5019","0.23697916666666666","0.23697916666666666","0.23697916666666666"
"5020","0.2265625","0.2265625","0.2265625"
"5021","0.23177083333333334","0.23177083333333334","0.23177083333333334"
"5022","0.24348958333333334","0.24348958333333334","0.24348958333333334"
"5023","0.23177083333333334","0.23177083333333334","0.23177083333333334"
"5024","0.23958333333333334","0.23958333333333334","0.23958333333333334"
"5025","0.23307291666666666","0.23307291666666666","0.23307291666666666"
"5026","0.23046875","0.23046875","0.23046875"
"5027","0.23697916666666666","0.23697916666666666","0.23697916666666666"
"5028","0.24479166666666666","0.24479166666666666","0.24479166666666666"
"5029","0.20572916666666666","0.20572916666666666","0.20572916666666666"
"5030","0.22526041666666666","0.22526041666666666","0.22526041666666666"
"5031","0.24348958333333334","0.24348958333333334","0.24348958333333334"
"5032","0.23958333333333334","0.23958333333333334","0.23958333333333334"
"5033","0.23567708333333334","0.23567708333333334","0.23567708333333334"
"5034","0.234375","0.234375","0.234375"
"5035","0.24088541666666666","0.24088541666666666","0.24088541666666666"
"5036","0.24869791666666666","0.24869791666666666","0.24869791666666666"
"5037","0.234375","0.234375","0.234375"
"5038","0.234375","0.234375","0.234375"
"5039","0.23177083333333334","0.23177083333333334","0.23177083333333334"
"5040","0.22265625","0.22265625","0.22265625"
"5041","0.23177083333333334","0.23177083333333334","0.23177083333333334"
"5042","0.23828125","0.23828125","0.23828125"
"5043","0.22786458333333334","0.22786458333333334","0.22786458333333334"
"5044","0.23958333333333334","0.23958333333333334","0.23958333333333334"
"5045","0.2578125","0.2578125","0.2578125"
"5046","0.22395833333333334","0.22395833333333334","0.22395833333333334"
"5047","0.22916666666666666","0.22916666666666666","0.22916666666666666"
"5048","0.2513020833333333","0.2513020833333333","0.2513020833333333"
"5049","0.2265625","0.2265625","0.2265625"
"5050","0.23828125","0.23828125","0.23828125"
"5051","0.2265625","0.2265625","0.2265625"
"5052","0.24348958333333334","0.24348958333333334","0.24348958333333334"
"5053","0.2265625","0.2265625","0.2265625"
"5054","0.23307291666666666","0.23307291666666666","0.23307291666666666"
"5055","0.22526041666666666","0.22526041666666666","0.22526041666666666"
"5056","0.22526041666666666","0.22526041666666666","0.22526041666666666"
"5057","0.23567708333333334","0.23567708333333334","0.23567708333333334"
"5058","0.23567708333333334","0.23567708333333334","0.23567708333333334"
"5059","0.22526041666666666","0.22526041666666666","0.22526041666666666"
"5060","0.24348958333333334","0.24348958333333334","0.24348958333333334"
"5061","0.22526041666666666","0.22526041666666666","0.22526041666666666"
"5062","0.265625","0.265625","0.265625"
"5063","0.234375","0.234375","0.234375"
"5064","0.23567708333333334","0.23567708333333334","0.23567708333333334"
"5065","0.22526041666666666","0.22526041666666666","0.22526041666666666"
"5066","0.234375","0.234375","0.234375"
"5067","0.2421875","0.2421875","0.2421875"
"5068","0.22526041666666666","0.22526041666666666","0.22526041666666666"
"5069","0.23567708333333334","0.23567708333333334","0.23567708333333334"
"5070","0.23828125","0.23828125","0.23828125"
"5071","0.23697916666666666","0.23697916666666666","0.23697916666666666"
"5072","0.23697916666666666","0.23697916666666666","0.23697916666666666"
"5073","0.2421875","0.2421875","0.2421875"
"5074","0.2526041666666667","0.2526041666666667","0.2526041666666667"
"5075","0.25","0.25","0.25"
"5076","0.24739583333333334","0.24739583333333334","0.24739583333333334"
"5077","0.23567708333333334","0.23567708333333334","0.23567708333333334"
"5078","0.22395833333333334","0.22395833333333334","0.22395833333333334"
"5079","0.2265625","0.2265625","0.2265625"
"5080","0.24609375","0.24609375","0.24609375"
"5081","0.22265625","0.22265625","0.22265625"
"5082","0.23697916666666666","0.23697916666666666","0.23697916666666666"
"5083","0.23697916666666666","0.23697916666666666","0.23697916666666666"
"5084","0.23828125","0.23828125","0.23828125"
"5085","0.2421875","0.2421875","0.2421875"
"5086","0.21484375","0.21484375","0.21484375"
"5087","0.2565104166666667","0.2565104166666667","0.2565104166666667"
"5088","0.23307291666666666","0.23307291666666666","0.23307291666666666"
"5089","0.2421875","0.2421875","0.2421875"
"5090","0.25","0.25","0.25"
"5091","0.23697916666666666","0.23697916666666666","0.23697916666666666"
"5092","0.22005208333333334","0.22005208333333334","0.22005208333333334"
"5093","0.23958333333333334","0.23958333333333334","0.23958333333333334"
"5094","0.2552083333333333","0.2552083333333333","0.2552083333333333"
"5095","0.2552083333333333","0.2552083333333333","0.2552083333333333"
"5096","0.24739583333333334","0.24739583333333334","0.24739583333333334"
"5097","0.22135416666666666","0.22135416666666666","0.22135416666666666"
"5098","0.22916666666666666","0.22916666666666666","0.22916666666666666"
"5099","0.23567708333333334","0.23567708333333334","0.23567708333333334"
"5100","0.23307291666666666","0.23307291666666666","0.23307291666666666"
"5101","0.24479166666666666","0.24479166666666666","0.24479166666666666"
"5102","0.22786458333333334","0.22786458333333334","0.22786458333333334"
"5103","0.24739583333333334","0.24739583333333334","0.24739583333333334"
"5104","0.23177083333333334","0.23177083333333334","0.23177083333333334"
"5105","0.22916666666666666","0.22916666666666666","0.22916666666666666"
"5106","0.23567708333333334","0.23567708333333334","0.23567708333333334"
"5107","0.24088541666666666","0.24088541666666666","0.24088541666666666"
"5108","0.234375","0.234375","0.234375"
"5109","0.22526041666666666","0.22526041666666666","0.22526041666666666"
"5110","0.234375","0.234375","0.234375"
"5111","0.2552083333333333","0.2552083333333333","0.2552083333333333"
"5112","0.23177083333333334","0.23177083333333334","0.23177083333333334"
"5113","0.234375","0.234375","0.234375"
"5114","0.23697916666666666","0.23697916666666666","0.23697916666666666"
"5115","0.22005208333333334","0.22005208333333334","0.22005208333333334"
"5116","0.22005208333333334","0.22005208333333334","0.22005208333333334"
"5117","0.23307291666666666","0.23307291666666666","0.23307291666666666"
"5118","0.24088541666666666","0.24088541666666666","0.24088541666666666"
"5119","0.25","0.25","0.25"
"5120","0.23958333333333334","0.23958333333333334","0.23958333333333334"
"5121","0.23828125","0.23828125","0.23828125"
"5122","0.23697916666666666","0.23697916666666666","0.23697916666666666"
"5123","0.23828125","0.23828125","0.23828125"
"5124","0.22916666666666666","0.22916666666666666","0.22916666666666666"
"5125","0.234375","0.234375","0.234375"
"5126","0.234375","0.234375","0.234375"
"5127","0.2421875","0.2421875","0.2421875"
"5128","0.24479166666666666","0.24479166666666666","0.24479166666666666"
"5129","0.23567708333333334","0.23567708333333334","0.23567708333333334"
"5130","0.23828125","0.23828125","0.23828125"
"5131","0.24479166666666666","0.24479166666666666","0.24479166666666666"
"5132","0.23697916666666666","0.23697916666666666","0.23697916666666666"
"5133","0.234375","0.234375","0.234375"
"5134","0.21614583333333334","0.21614583333333334","0.21614583333333334"
"5135","0.23046875","0.23046875","0.23046875"
"5136","0.22916666666666666","0.22916666666666666","0.22916666666666666"
"5137","0.234375","0.234375","0.234375"
"5138","0.22265625","0.22265625","0.22265625"
"5139","0.234375","0.234375","0.234375"
"5140","0.23046875","0.23046875","0.23046875"
"5141","0.24348958333333334","0.24348958333333334","0.24348958333333334"
"5142","0.22786458333333334","0.22786458333333334","0.22786458333333334"
"5143","0.23177083333333334","0.23177083333333334","0.23177083333333334"
"5144","0.23697916666666666","0.23697916666666666","0.23697916666666666"
"5145","0.23828125","0.23828125","0.23828125"
"5146","0.22786458333333334","0.22786458333333334","0.22786458333333334"
"5147","0.2265625","0.2265625","0.2265625"
"5148","0.23697916666666666","0.23697916666666666","0.23697916666666666"
"5149","0.23828125","0.23828125","0.23828125"
"5150","0.23567708333333334","0.23567708333333334","0.23567708333333334"
"5151","0.2513020833333333","0.2513020833333333","0.2513020833333333"
"5152","0.23307291666666666","0.23307291666666666","0.23307291666666666"
"5153","0.24088541666666666","0.24088541666666666","0.24088541666666666"
"5154","0.23307291666666666","0.23307291666666666","0.23307291666666666"
"5155","0.23046875","0.23046875","0.23046875"
"5156","0.22786458333333334","0.22786458333333334","0.22786458333333334"
"5157","0.24479166666666666","0.24479166666666666","0.24479166666666666"
"5158","0.2526041666666667","0.2526041666666667","0.2526041666666667"
"5159","0.24479166666666666","0.24479166666666666","0.24479166666666666"
"5160","0.22916666666666666","0.22916666666666666","0.22916666666666666"
"5161","0.22786458333333334","0.22786458333333334","0.22786458333333334"
"5162","0.23567708333333334","0.23567708333333334","0.23567708333333334"
"5163","0.23567708333333334","0.23567708333333334","0.23567708333333334"
"5164","0.234375","0.234375","0.234375"
"5165","0.2265625","0.2265625","0.2265625"
"5166","0.23046875","0.23046875","0.23046875"
"5167","0.22786458333333334","0.22786458333333334","0.22786458333333334"
"5168","0.23567708333333334","0.23567708333333334","0.23567708333333334"
"5169","0.24869791666666666","0.24869791666666666","0.24869791666666666"
"5170","0.21875","0.21875","0.21875"
"5171","0.25","0.25","0.25"
"5172","0.22526041666666666","0.22526041666666666","0.22526041666666666"
"5173","0.2513020833333333","0.2513020833333333","0.2513020833333333"
"5174","0.2421875","0.2421875","0.2421875"
"5175","0.23958333333333334","0.23958333333333334","0.23958333333333334"
"5176","0.23958333333333334","0.23958333333333334","0.23958333333333334"
"5177","0.22786458333333334","0.22786458333333334","0.22786458333333334"
"5178","0.23177083333333334","0.23177083333333334","0.23177083333333334"
"5179","0.24739583333333334","0.24739583333333334","0.24739583333333334"
"5180","0.2109375","0.2109375","0.2109375"
"5181","0.24348958333333334","0.24348958333333334","0.24348958333333334"
"5182","0.24479166666666666","0.24479166666666666","0.24479166666666666"
"5183","0.22786458333333334","0.22786458333333334","0.22786458333333334"
"5184","0.24479166666666666","0.24479166666666666","0.24479166666666666"
"5185","0.23177083333333334","0.23177083333333334","0.23177083333333334"
"5186","0.23958333333333334","0.23958333333333334","0.23958333333333334"
"5187","0.24869791666666666","0.24869791666666666","0.24869791666666666"
"5188","0.25390625","0.25390625","0.25390625"
"5189","0.2630208333333333","0.2630208333333333","0.2630208333333333"
"5190","0.24609375","0.24609375","0.24609375"
"5191","0.23958333333333334","0.23958333333333334","0.23958333333333334"
"5192","0.22395833333333334","0.22395833333333334","0.22395833333333334"
"5193","0.22526041666666666","0.22526041666666666","0.22526041666666666"
"5194","0.23828125","0.23828125","0.23828125"
"5195","0.2526041666666667","0.2526041666666667","0.2526041666666667"
"5196","0.23567708333333334","0.23567708333333334","0.23567708333333334"
"5197","0.23046875","0.23046875","0.23046875"
"5198","0.23046875","0.23046875","0.23046875"
"5199","0.25","0.25","0.25"
"5200","0.24869791666666666","0.24869791666666666","0.24869791666666666"
"5201","0.23307291666666666","0.23307291666666666","0.23307291666666666"
"5202","0.23567708333333334","0.23567708333333334","0.23567708333333334"
"5203","0.25390625","0.25390625","0.25390625"
"5204","0.24348958333333334","0.24348958333333334","0.24348958333333334"
"5205","0.20442708333333334","0.20442708333333334","0.20442708333333334"
"5206","0.2421875","0.2421875","0.2421875"
"5207","0.22265625","0.22265625","0.22265625"
"5208","0.22786458333333334","0.22786458333333334","0.22786458333333334"
"5209","0.22916666666666666","0.22916666666666666","0.22916666666666666"